episode_id,key_path,category,node_type
000000000000,meta.created_ts_ns,identity_time_control,number
000000000000,static.inference.policy.server.host,lifecycle_candidate,string
000000000001,meta.created_ts_ns,identity_time_control,number
000000000001,static.inference.policy.server.device,lifecycle_candidate,string
000000000001,static.inference.policy.server.host,lifecycle_candidate,string
000000000002,meta.created_ts_ns,identity_time_control,number
000000000002,static.inference.policy.server.host,lifecycle_candidate,string
000000000003,meta.created_ts_ns,identity_time_control,number
000000000003,static.inference.policy.server.device,lifecycle_candidate,string
000000000003,static.inference.policy.server.host,lifecycle_candidate,string
000000000004,meta.created_ts_ns,identity_time_control,number
000000000004,static.inference.policy.server.host,lifecycle_candidate,string
000000000005,meta.created_ts_ns,identity_time_control,number
000000000005,static.inference.policy.server.device,lifecycle_candidate,string
000000000005,static.inference.policy.server.host,lifecycle_candidate,string
000000000006,meta.created_ts_ns,identity_time_control,number
000000000006,static.inference.policy.server.device,lifecycle_candidate,string
000000000006,static.inference.policy.server.host,lifecycle_candidate,string
000000000007,meta.created_ts_ns,identity_time_control,number
000000000007,static.inference.policy.server.device,lifecycle_candidate,string
000000000007,static.inference.policy.server.host,lifecycle_candidate,string
000000000008,meta.created_ts_ns,identity_time_control,number
000000000008,static.inference.policy.server.device,lifecycle_candidate,string
000000000008,static.inference.policy.server.host,lifecycle_candidate,string
000000000009,meta.created_ts_ns,identity_time_control,number
000000000009,static.inference.policy.server.host,lifecycle_candidate,string
000000000010,meta.created_ts_ns,identity_time_control,number
000000000010,static.inference.policy.server.host,lifecycle_candidate,string
000000000011,meta.created_ts_ns,identity_time_control,number
000000000011,static.inference.policy.server.host,lifecycle_candidate,string
000000000012,meta.created_ts_ns,identity_time_control,number
000000000012,static.inference.policy.server.device,lifecycle_candidate,string
000000000012,static.inference.policy.server.host,lifecycle_candidate,string
000000000013,meta.created_ts_ns,identity_time_control,number
000000000013,static.inference.policy.server.host,lifecycle_candidate,string
000000000014,meta.created_ts_ns,identity_time_control,number
000000000014,static.inference.policy.server.host,lifecycle_candidate,string
000000000015,meta.created_ts_ns,identity_time_control,number
000000000015,static.inference.policy.server.host,lifecycle_candidate,string
000000000016,meta.created_ts_ns,identity_time_control,number
000000000016,static.inference.policy.server.device,lifecycle_candidate,string
000000000016,static.inference.policy.server.host,lifecycle_candidate,string
000000000017,meta.created_ts_ns,identity_time_control,number
000000000017,static.inference.policy.server.device,lifecycle_candidate,string
000000000017,static.inference.policy.server.host,lifecycle_candidate,string
000000000018,meta.created_ts_ns,identity_time_control,number
000000000018,static.inference.policy.server.host,lifecycle_candidate,string
000000000019,meta.created_ts_ns,identity_time_control,number
000000000019,static.inference.policy.server.host,lifecycle_candidate,string
000000000020,meta.created_ts_ns,identity_time_control,number
000000000020,static.inference.policy.server.device,lifecycle_candidate,string
000000000020,static.inference.policy.server.host,lifecycle_candidate,string
000000000021,meta.created_ts_ns,identity_time_control,number
000000000021,static.inference.policy.server.device,lifecycle_candidate,string
000000000021,static.inference.policy.server.host,lifecycle_candidate,string
000000000022,meta.created_ts_ns,identity_time_control,number
000000000022,static.inference.policy.server.host,lifecycle_candidate,string
000000000023,meta.created_ts_ns,identity_time_control,number
000000000023,static.inference.policy.server.device,lifecycle_candidate,string
000000000023,static.inference.policy.server.host,lifecycle_candidate,string
000000000024,meta.created_ts_ns,identity_time_control,number
000000000024,static.inference.policy.server.host,lifecycle_candidate,string
000000000025,meta.created_ts_ns,identity_time_control,number
000000000025,static.inference.policy.server.host,lifecycle_candidate,string
000000000026,meta.created_ts_ns,identity_time_control,number
000000000026,static.inference.policy.server.host,lifecycle_candidate,string
000000000027,meta.created_ts_ns,identity_time_control,number
000000000027,static.inference.policy.server.device,lifecycle_candidate,string
000000000027,static.inference.policy.server.host,lifecycle_candidate,string
000000000028,meta.created_ts_ns,identity_time_control,number
000000000028,static.inference.policy.server.device,lifecycle_candidate,string
000000000028,static.inference.policy.server.host,lifecycle_candidate,string
000000000029,meta.created_ts_ns,identity_time_control,number
000000000029,static.inference.policy.server.device,lifecycle_candidate,string
000000000029,static.inference.policy.server.host,lifecycle_candidate,string
000000000030,meta.created_ts_ns,identity_time_control,number
000000000030,static.inference.policy.server.device,lifecycle_candidate,string
000000000030,static.inference.policy.server.host,lifecycle_candidate,string
000000000031,meta.created_ts_ns,identity_time_control,number
000000000031,static.inference.policy.server.device,lifecycle_candidate,string
000000000031,static.inference.policy.server.host,lifecycle_candidate,string
000000000032,meta.created_ts_ns,identity_time_control,number
000000000032,static.inference.policy.server.device,lifecycle_candidate,string
000000000032,static.inference.policy.server.host,lifecycle_candidate,string
000000000033,meta.created_ts_ns,identity_time_control,number
000000000033,static.inference.policy.server.host,lifecycle_candidate,string
000000000034,meta.created_ts_ns,identity_time_control,number
000000000034,static.inference.policy.server.host,lifecycle_candidate,string
000000000035,meta.created_ts_ns,identity_time_control,number
000000000035,static.inference.policy.server.device,lifecycle_candidate,string
000000000035,static.inference.policy.server.host,lifecycle_candidate,string
000000000036,meta.created_ts_ns,identity_time_control,number
000000000036,static.inference.policy.server.device,lifecycle_candidate,string
000000000036,static.inference.policy.server.host,lifecycle_candidate,string
000000000037,meta.created_ts_ns,identity_time_control,number
000000000037,static.inference.policy.server.host,lifecycle_candidate,string
000000000038,meta.created_ts_ns,identity_time_control,number
000000000038,static.inference.policy.server.host,lifecycle_candidate,string
000000000039,meta.created_ts_ns,identity_time_control,number
000000000039,static.inference.policy.server.host,lifecycle_candidate,string
000000000040,meta.created_ts_ns,identity_time_control,number
000000000040,static.inference.policy.server.host,lifecycle_candidate,string
000000000041,meta.created_ts_ns,identity_time_control,number
000000000041,static.inference.policy.server.device,lifecycle_candidate,string
000000000041,static.inference.policy.server.host,lifecycle_candidate,string
000000000042,meta.created_ts_ns,identity_time_control,number
000000000042,static.inference.policy.server.host,lifecycle_candidate,string
000000000043,meta.created_ts_ns,identity_time_control,number
000000000043,static.inference.policy.server.device,lifecycle_candidate,string
000000000043,static.inference.policy.server.host,lifecycle_candidate,string
000000000044,meta.created_ts_ns,identity_time_control,number
000000000044,static.inference.policy.server.device,lifecycle_candidate,string
000000000044,static.inference.policy.server.host,lifecycle_candidate,string
000000000045,meta.created_ts_ns,identity_time_control,number
000000000045,static.inference.policy.server.host,lifecycle_candidate,string
000000000046,meta.created_ts_ns,identity_time_control,number
000000000046,static.inference.policy.server.host,lifecycle_candidate,string
000000000047,meta.created_ts_ns,identity_time_control,number
000000000047,static.inference.policy.server.host,lifecycle_candidate,string
000000000048,meta.created_ts_ns,identity_time_control,number
000000000048,static.inference.policy.server.host,lifecycle_candidate,string
000000000049,meta.created_ts_ns,identity_time_control,number
000000000049,static.inference.policy.server.host,lifecycle_candidate,string
000000000050,meta.created_ts_ns,identity_time_control,number
000000000050,static.inference.policy.server.device,lifecycle_candidate,string
000000000050,static.inference.policy.server.host,lifecycle_candidate,string
000000000051,meta.created_ts_ns,identity_time_control,number
000000000051,static.inference.policy.server.device,lifecycle_candidate,string
000000000051,static.inference.policy.server.host,lifecycle_candidate,string
000000000052,meta.created_ts_ns,identity_time_control,number
000000000052,static.inference.policy.server.host,lifecycle_candidate,string
000000000053,meta.created_ts_ns,identity_time_control,number
000000000053,static.inference.policy.server.host,lifecycle_candidate,string
000000000054,meta.created_ts_ns,identity_time_control,number
000000000054,static.inference.policy.server.host,lifecycle_candidate,string
000000000055,meta.created_ts_ns,identity_time_control,number
000000000055,static.inference.policy.server.host,lifecycle_candidate,string
000000000056,meta.created_ts_ns,identity_time_control,number
000000000056,static.inference.policy.server.device,lifecycle_candidate,string
000000000056,static.inference.policy.server.host,lifecycle_candidate,string
000000000057,meta.created_ts_ns,identity_time_control,number
000000000057,static.inference.policy.server.host,lifecycle_candidate,string
000000000058,meta.created_ts_ns,identity_time_control,number
000000000058,static.inference.policy.server.host,lifecycle_candidate,string
000000000059,meta.created_ts_ns,identity_time_control,number
000000000059,static.inference.policy.server.device,lifecycle_candidate,string
000000000059,static.inference.policy.server.host,lifecycle_candidate,string
000000000060,meta.created_ts_ns,identity_time_control,number
000000000060,static.inference.policy.server.host,lifecycle_candidate,string
000000000061,meta.created_ts_ns,identity_time_control,number
000000000061,static.inference.policy.server.device,lifecycle_candidate,string
000000000061,static.inference.policy.server.host,lifecycle_candidate,string
000000000062,meta.created_ts_ns,identity_time_control,number
000000000062,static.inference.policy.server.host,lifecycle_candidate,string
000000000063,meta.created_ts_ns,identity_time_control,number
000000000063,static.inference.policy.server.host,lifecycle_candidate,string
000000000064,meta.created_ts_ns,identity_time_control,number
000000000064,static.inference.policy.server.host,lifecycle_candidate,string
000000000065,meta.created_ts_ns,identity_time_control,number
000000000065,static.inference.policy.server.device,lifecycle_candidate,string
000000000065,static.inference.policy.server.host,lifecycle_candidate,string
000000000066,meta.created_ts_ns,identity_time_control,number
000000000066,static.inference.policy.server.host,lifecycle_candidate,string
000000000067,meta.created_ts_ns,identity_time_control,number
000000000067,static.inference.policy.server.device,lifecycle_candidate,string
000000000067,static.inference.policy.server.host,lifecycle_candidate,string
000000000068,meta.created_ts_ns,identity_time_control,number
000000000068,static.inference.policy.server.host,lifecycle_candidate,string
000000000069,meta.created_ts_ns,identity_time_control,number
000000000069,static.inference.policy.server.host,lifecycle_candidate,string
000000000070,meta.created_ts_ns,identity_time_control,number
000000000070,static.inference.policy.server.host,lifecycle_candidate,string
000000000071,meta.created_ts_ns,identity_time_control,number
000000000071,static.inference.policy.server.host,lifecycle_candidate,string
000000000072,meta.created_ts_ns,identity_time_control,number
000000000072,static.inference.policy.server.device,lifecycle_candidate,string
000000000072,static.inference.policy.server.host,lifecycle_candidate,string
000000000073,meta.created_ts_ns,identity_time_control,number
000000000073,static.inference.policy.server.device,lifecycle_candidate,string
000000000073,static.inference.policy.server.host,lifecycle_candidate,string
000000000074,meta.created_ts_ns,identity_time_control,number
000000000074,static.inference.policy.server.device,lifecycle_candidate,string
000000000074,static.inference.policy.server.host,lifecycle_candidate,string
000000000075,meta.created_ts_ns,identity_time_control,number
000000000075,static.inference.policy.server.device,lifecycle_candidate,string
000000000075,static.inference.policy.server.host,lifecycle_candidate,string
000000000076,meta.created_ts_ns,identity_time_control,number
000000000076,static.inference.policy.server.host,lifecycle_candidate,string
000000000077,meta.created_ts_ns,identity_time_control,number
000000000077,static.inference.policy.server.device,lifecycle_candidate,string
000000000077,static.inference.policy.server.host,lifecycle_candidate,string
000000000078,meta.created_ts_ns,identity_time_control,number
000000000078,static.inference.policy.server.host,lifecycle_candidate,string
000000000079,meta.created_ts_ns,identity_time_control,number
000000000079,static.inference.policy.server.host,lifecycle_candidate,string
000000000080,meta.created_ts_ns,identity_time_control,number
000000000080,static.inference.policy.server.device,lifecycle_candidate,string
000000000080,static.inference.policy.server.host,lifecycle_candidate,string
000000000081,meta.created_ts_ns,identity_time_control,number
000000000081,static.inference.policy.server.host,lifecycle_candidate,string
000000000082,meta.created_ts_ns,identity_time_control,number
000000000082,static.inference.policy.server.device,lifecycle_candidate,string
000000000082,static.inference.policy.server.host,lifecycle_candidate,string
000000000083,meta.created_ts_ns,identity_time_control,number
000000000083,static.inference.policy.server.host,lifecycle_candidate,string
000000000084,meta.created_ts_ns,identity_time_control,number
000000000084,static.inference.policy.server.device,lifecycle_candidate,string
000000000084,static.inference.policy.server.host,lifecycle_candidate,string
000000000085,meta.created_ts_ns,identity_time_control,number
000000000085,static.inference.policy.server.device,lifecycle_candidate,string
000000000085,static.inference.policy.server.host,lifecycle_candidate,string
000000000086,meta.created_ts_ns,identity_time_control,number
000000000086,static.inference.policy.server.host,lifecycle_candidate,string
000000000087,meta.created_ts_ns,identity_time_control,number
000000000087,static.inference.policy.server.host,lifecycle_candidate,string
000000000088,meta.created_ts_ns,identity_time_control,number
000000000088,static.inference.policy.server.device,lifecycle_candidate,string
000000000088,static.inference.policy.server.host,lifecycle_candidate,string
000000000089,meta.created_ts_ns,identity_time_control,number
000000000089,static.inference.policy.server.device,lifecycle_candidate,string
000000000089,static.inference.policy.server.host,lifecycle_candidate,string
000000000090,meta.created_ts_ns,identity_time_control,number
000000000090,static.inference.policy.server.host,lifecycle_candidate,string
000000000091,meta.created_ts_ns,identity_time_control,number
000000000091,static.inference.policy.server.device,lifecycle_candidate,string
000000000091,static.inference.policy.server.host,lifecycle_candidate,string
000000000092,meta.created_ts_ns,identity_time_control,number
000000000092,static.inference.policy.server.host,lifecycle_candidate,string
000000000093,meta.created_ts_ns,identity_time_control,number
000000000093,static.inference.policy.server.device,lifecycle_candidate,string
000000000093,static.inference.policy.server.host,lifecycle_candidate,string
000000000094,meta.created_ts_ns,identity_time_control,number
000000000094,static.inference.policy.server.host,lifecycle_candidate,string
000000000095,meta.created_ts_ns,identity_time_control,number
000000000095,static.inference.policy.server.device,lifecycle_candidate,string
000000000095,static.inference.policy.server.host,lifecycle_candidate,string
000000000096,meta.created_ts_ns,identity_time_control,number
000000000096,static.inference.policy.server.device,lifecycle_candidate,string
000000000096,static.inference.policy.server.host,lifecycle_candidate,string
000000000097,meta.created_ts_ns,identity_time_control,number
000000000097,static.inference.policy.server.host,lifecycle_candidate,string
000000000098,meta.created_ts_ns,identity_time_control,number
000000000098,static.inference.policy.server.device,lifecycle_candidate,string
000000000098,static.inference.policy.server.host,lifecycle_candidate,string
000000000099,meta.created_ts_ns,identity_time_control,number
000000000099,static.inference.policy.server.host,lifecycle_candidate,string
000000000100,meta.created_ts_ns,identity_time_control,number
000000000100,static.inference.policy.server.device,lifecycle_candidate,string
000000000100,static.inference.policy.server.host,lifecycle_candidate,string
000000000101,meta.created_ts_ns,identity_time_control,number
000000000101,static.inference.policy.server.host,lifecycle_candidate,string
000000000102,meta.created_ts_ns,identity_time_control,number
000000000102,static.inference.policy.server.device,lifecycle_candidate,string
000000000102,static.inference.policy.server.host,lifecycle_candidate,string
000000000103,meta.created_ts_ns,identity_time_control,number
000000000103,static.inference.policy.server.host,lifecycle_candidate,string
000000000104,meta.created_ts_ns,identity_time_control,number
000000000104,static.inference.policy.server.host,lifecycle_candidate,string
000000000105,meta.created_ts_ns,identity_time_control,number
000000000105,static.inference.policy.server.host,lifecycle_candidate,string
000000000106,meta.created_ts_ns,identity_time_control,number
000000000106,static.inference.policy.server.host,lifecycle_candidate,string
000000000107,meta.created_ts_ns,identity_time_control,number
000000000107,static.inference.policy.server.host,lifecycle_candidate,string
000000000108,meta.created_ts_ns,identity_time_control,number
000000000108,static.inference.policy.server.device,lifecycle_candidate,string
000000000108,static.inference.policy.server.host,lifecycle_candidate,string
000000000109,meta.created_ts_ns,identity_time_control,number
000000000109,static.inference.policy.server.host,lifecycle_candidate,string
000000000110,meta.created_ts_ns,identity_time_control,number
000000000110,static.inference.policy.server.device,lifecycle_candidate,string
000000000110,static.inference.policy.server.host,lifecycle_candidate,string
000000000111,meta.created_ts_ns,identity_time_control,number
000000000111,static.inference.policy.server.device,lifecycle_candidate,string
000000000111,static.inference.policy.server.host,lifecycle_candidate,string
000000000112,meta.created_ts_ns,identity_time_control,number
000000000112,static.inference.policy.server.host,lifecycle_candidate,string
000000000113,meta.created_ts_ns,identity_time_control,number
000000000113,static.inference.policy.server.host,lifecycle_candidate,string
000000000114,meta.created_ts_ns,identity_time_control,number
000000000114,static.inference.policy.server.device,lifecycle_candidate,string
000000000114,static.inference.policy.server.host,lifecycle_candidate,string
000000000115,meta.created_ts_ns,identity_time_control,number
000000000115,static.inference.policy.server.device,lifecycle_candidate,string
000000000115,static.inference.policy.server.host,lifecycle_candidate,string
000000000116,meta.created_ts_ns,identity_time_control,number
000000000116,static.inference.policy.server.host,lifecycle_candidate,string
000000000117,meta.created_ts_ns,identity_time_control,number
000000000117,static.inference.policy.server.device,lifecycle_candidate,string
000000000117,static.inference.policy.server.host,lifecycle_candidate,string
000000000118,meta.created_ts_ns,identity_time_control,number
000000000118,static.inference.policy.server.device,lifecycle_candidate,string
000000000118,static.inference.policy.server.host,lifecycle_candidate,string
000000000119,meta.created_ts_ns,identity_time_control,number
000000000119,static.inference.policy.server.device,lifecycle_candidate,string
000000000119,static.inference.policy.server.host,lifecycle_candidate,string
000000000120,meta.created_ts_ns,identity_time_control,number
000000000120,static.inference.policy.server.device,lifecycle_candidate,string
000000000120,static.inference.policy.server.host,lifecycle_candidate,string
000000000121,meta.created_ts_ns,identity_time_control,number
000000000121,static.inference.policy.server.host,lifecycle_candidate,string
000000000122,meta.created_ts_ns,identity_time_control,number
000000000122,static.inference.policy.server.host,lifecycle_candidate,string
000000000123,meta.created_ts_ns,identity_time_control,number
000000000123,static.inference.policy.server.host,lifecycle_candidate,string
000000000124,meta.created_ts_ns,identity_time_control,number
000000000124,static.inference.policy.server.device,lifecycle_candidate,string
000000000124,static.inference.policy.server.host,lifecycle_candidate,string
000000000125,meta.created_ts_ns,identity_time_control,number
000000000125,static.inference.policy.server.host,lifecycle_candidate,string
000000000126,meta.created_ts_ns,identity_time_control,number
000000000126,static.inference.policy.server.device,lifecycle_candidate,string
000000000126,static.inference.policy.server.host,lifecycle_candidate,string
000000000127,meta.created_ts_ns,identity_time_control,number
000000000127,static.inference.policy.server.device,lifecycle_candidate,string
000000000127,static.inference.policy.server.host,lifecycle_candidate,string
000000000128,meta.created_ts_ns,identity_time_control,number
000000000128,static.inference.policy.server.device,lifecycle_candidate,string
000000000128,static.inference.policy.server.host,lifecycle_candidate,string
000000000129,meta.created_ts_ns,identity_time_control,number
000000000129,static.inference.policy.server.host,lifecycle_candidate,string
000000000130,meta.created_ts_ns,identity_time_control,number
000000000130,static.inference.policy.server.host,lifecycle_candidate,string
000000000131,meta.created_ts_ns,identity_time_control,number
000000000131,static.inference.policy.server.host,lifecycle_candidate,string
000000000132,meta.created_ts_ns,identity_time_control,number
000000000132,static.inference.policy.server.device,lifecycle_candidate,string
000000000132,static.inference.policy.server.host,lifecycle_candidate,string
000000000133,meta.created_ts_ns,identity_time_control,number
000000000133,static.inference.policy.server.host,lifecycle_candidate,string
000000000134,meta.created_ts_ns,identity_time_control,number
000000000134,static.inference.policy.server.host,lifecycle_candidate,string
000000000135,meta.created_ts_ns,identity_time_control,number
000000000135,static.inference.policy.server.host,lifecycle_candidate,string
000000000136,meta.created_ts_ns,identity_time_control,number
000000000136,static.inference.policy.server.device,lifecycle_candidate,string
000000000136,static.inference.policy.server.host,lifecycle_candidate,string
000000000137,meta.created_ts_ns,identity_time_control,number
000000000137,static.inference.policy.server.host,lifecycle_candidate,string
000000000138,meta.created_ts_ns,identity_time_control,number
000000000138,static.inference.policy.server.device,lifecycle_candidate,string
000000000138,static.inference.policy.server.host,lifecycle_candidate,string
000000000139,meta.created_ts_ns,identity_time_control,number
000000000139,static.inference.policy.server.host,lifecycle_candidate,string
000000000140,meta.created_ts_ns,identity_time_control,number
000000000140,static.inference.policy.server.host,lifecycle_candidate,string
000000000141,meta.created_ts_ns,identity_time_control,number
000000000141,static.inference.policy.server.host,lifecycle_candidate,string
000000000142,meta.created_ts_ns,identity_time_control,number
000000000142,static.inference.policy.server.host,lifecycle_candidate,string
000000000143,meta.created_ts_ns,identity_time_control,number
000000000143,static.inference.policy.server.host,lifecycle_candidate,string
000000000144,meta.created_ts_ns,identity_time_control,number
000000000144,static.inference.policy.server.host,lifecycle_candidate,string
000000000145,meta.created_ts_ns,identity_time_control,number
000000000145,static.inference.policy.server.device,lifecycle_candidate,string
000000000145,static.inference.policy.server.host,lifecycle_candidate,string
000000000146,meta.created_ts_ns,identity_time_control,number
000000000146,static.inference.policy.server.device,lifecycle_candidate,string
000000000146,static.inference.policy.server.host,lifecycle_candidate,string
000000000147,meta.created_ts_ns,identity_time_control,number
000000000147,static.inference.policy.server.host,lifecycle_candidate,string
000000000148,meta.created_ts_ns,identity_time_control,number
000000000148,static.inference.policy.server.host,lifecycle_candidate,string
000000000149,meta.created_ts_ns,identity_time_control,number
000000000149,static.inference.policy.server.host,lifecycle_candidate,string
000000000150,meta.created_ts_ns,identity_time_control,number
000000000150,static.inference.policy.server.host,lifecycle_candidate,string
000000000151,meta.created_ts_ns,identity_time_control,number
000000000151,static.inference.policy.server.host,lifecycle_candidate,string
000000000152,meta.created_ts_ns,identity_time_control,number
000000000152,static.inference.policy.server.host,lifecycle_candidate,string
000000000153,meta.created_ts_ns,identity_time_control,number
000000000153,static.inference.policy.server.host,lifecycle_candidate,string
000000000154,meta.created_ts_ns,identity_time_control,number
000000000154,static.inference.policy.server.device,lifecycle_candidate,string
000000000154,static.inference.policy.server.host,lifecycle_candidate,string
000000000155,meta.created_ts_ns,identity_time_control,number
000000000155,static.inference.policy.server.device,lifecycle_candidate,string
000000000155,static.inference.policy.server.host,lifecycle_candidate,string
000000000156,meta.created_ts_ns,identity_time_control,number
000000000156,static.inference.policy.server.device,lifecycle_candidate,string
000000000156,static.inference.policy.server.host,lifecycle_candidate,string
000000000157,meta.created_ts_ns,identity_time_control,number
000000000157,static.inference.policy.server.host,lifecycle_candidate,string
000000000158,meta.created_ts_ns,identity_time_control,number
000000000158,static.inference.policy.server.host,lifecycle_candidate,string
000000000159,meta.created_ts_ns,identity_time_control,number
000000000159,static.inference.policy.server.host,lifecycle_candidate,string
000000000160,meta.created_ts_ns,identity_time_control,number
000000000160,static.inference.policy.server.host,lifecycle_candidate,string
000000000161,meta.created_ts_ns,identity_time_control,number
000000000161,static.inference.policy.server.host,lifecycle_candidate,string
000000000162,meta.created_ts_ns,identity_time_control,number
000000000162,static.inference.policy.server.host,lifecycle_candidate,string
000000000163,meta.created_ts_ns,identity_time_control,number
000000000163,static.inference.policy.server.device,lifecycle_candidate,string
000000000163,static.inference.policy.server.host,lifecycle_candidate,string
000000000164,meta.created_ts_ns,identity_time_control,number
000000000164,static.inference.policy.server.device,lifecycle_candidate,string
000000000164,static.inference.policy.server.host,lifecycle_candidate,string
000000000165,meta.created_ts_ns,identity_time_control,number
000000000165,static.inference.policy.server.device,lifecycle_candidate,string
000000000165,static.inference.policy.server.host,lifecycle_candidate,string
000000000166,meta.created_ts_ns,identity_time_control,number
000000000166,static.inference.policy.server.host,lifecycle_candidate,string
000000000167,meta.created_ts_ns,identity_time_control,number
000000000167,static.inference.policy.server.host,lifecycle_candidate,string
000000000168,meta.created_ts_ns,identity_time_control,number
000000000168,static.inference.policy.server.device,lifecycle_candidate,string
000000000168,static.inference.policy.server.host,lifecycle_candidate,string
000000000169,meta.created_ts_ns,identity_time_control,number
000000000169,static.inference.policy.server.device,lifecycle_candidate,string
000000000169,static.inference.policy.server.host,lifecycle_candidate,string
000000000170,meta.created_ts_ns,identity_time_control,number
000000000170,static.inference.policy.server.host,lifecycle_candidate,string
000000000171,meta.created_ts_ns,identity_time_control,number
000000000171,static.inference.policy.server.device,lifecycle_candidate,string
000000000171,static.inference.policy.server.host,lifecycle_candidate,string
000000000172,meta.created_ts_ns,identity_time_control,number
000000000172,static.inference.policy.server.host,lifecycle_candidate,string
000000000173,meta.created_ts_ns,identity_time_control,number
000000000173,static.inference.policy.server.host,lifecycle_candidate,string
000000000174,meta.created_ts_ns,identity_time_control,number
000000000174,static.inference.policy.server.device,lifecycle_candidate,string
000000000174,static.inference.policy.server.host,lifecycle_candidate,string
000000000175,meta.created_ts_ns,identity_time_control,number
000000000175,static.inference.policy.server.device,lifecycle_candidate,string
000000000175,static.inference.policy.server.host,lifecycle_candidate,string
000000000176,meta.created_ts_ns,identity_time_control,number
000000000176,static.inference.policy.server.host,lifecycle_candidate,string
000000000177,meta.created_ts_ns,identity_time_control,number
000000000177,static.inference.policy.server.device,lifecycle_candidate,string
000000000177,static.inference.policy.server.host,lifecycle_candidate,string
000000000178,meta.created_ts_ns,identity_time_control,number
000000000178,static.inference.policy.server.host,lifecycle_candidate,string
000000000179,meta.created_ts_ns,identity_time_control,number
000000000179,static.inference.policy.server.host,lifecycle_candidate,string
000000000180,meta.created_ts_ns,identity_time_control,number
000000000180,static.inference.policy.server.host,lifecycle_candidate,string
000000000181,meta.created_ts_ns,identity_time_control,number
000000000181,static.inference.policy.server.host,lifecycle_candidate,string
000000000182,meta.created_ts_ns,identity_time_control,number
000000000182,static.inference.policy.server.host,lifecycle_candidate,string
000000000183,meta.created_ts_ns,identity_time_control,number
000000000183,static.inference.policy.server.host,lifecycle_candidate,string
000000000184,meta.created_ts_ns,identity_time_control,number
000000000184,static.inference.policy.server.host,lifecycle_candidate,string
000000000185,meta.created_ts_ns,identity_time_control,number
000000000185,static.inference.policy.server.device,lifecycle_candidate,string
000000000185,static.inference.policy.server.host,lifecycle_candidate,string
000000000186,meta.created_ts_ns,identity_time_control,number
000000000186,static.inference.policy.server.host,lifecycle_candidate,string
000000000187,meta.created_ts_ns,identity_time_control,number
000000000187,static.inference.policy.server.device,lifecycle_candidate,string
000000000187,static.inference.policy.server.host,lifecycle_candidate,string
000000000188,meta.created_ts_ns,identity_time_control,number
000000000188,static.inference.policy.server.host,lifecycle_candidate,string
000000000189,meta.created_ts_ns,identity_time_control,number
000000000189,static.inference.policy.server.host,lifecycle_candidate,string
000000000190,meta.created_ts_ns,identity_time_control,number
000000000190,static.inference.policy.server.device,lifecycle_candidate,string
000000000190,static.inference.policy.server.host,lifecycle_candidate,string
000000000191,meta.created_ts_ns,identity_time_control,number
000000000191,static.inference.policy.server.device,lifecycle_candidate,string
000000000191,static.inference.policy.server.host,lifecycle_candidate,string
000000000192,meta.created_ts_ns,identity_time_control,number
000000000192,static.inference.policy.server.host,lifecycle_candidate,string
000000000193,meta.created_ts_ns,identity_time_control,number
000000000193,static.inference.policy.server.host,lifecycle_candidate,string
000000000194,meta.created_ts_ns,identity_time_control,number
000000000194,static.inference.policy.server.host,lifecycle_candidate,string
000000000195,meta.created_ts_ns,identity_time_control,number
000000000195,static.inference.policy.server.host,lifecycle_candidate,string
000000000196,meta.created_ts_ns,identity_time_control,number
000000000196,static.inference.policy.server.device,lifecycle_candidate,string
000000000196,static.inference.policy.server.host,lifecycle_candidate,string
000000000197,meta.created_ts_ns,identity_time_control,number
000000000197,static.inference.policy.server.host,lifecycle_candidate,string
000000000198,meta.created_ts_ns,identity_time_control,number
000000000198,static.inference.policy.server.host,lifecycle_candidate,string
000000000199,meta.created_ts_ns,identity_time_control,number
000000000199,static.inference.policy.server.host,lifecycle_candidate,string
000000000200,meta.created_ts_ns,identity_time_control,number
000000000200,static.inference.policy.server.host,lifecycle_candidate,string
000000000201,meta.created_ts_ns,identity_time_control,number
000000000201,static.inference.policy.server.device,lifecycle_candidate,string
000000000201,static.inference.policy.server.host,lifecycle_candidate,string
000000000202,meta.created_ts_ns,identity_time_control,number
000000000202,static.inference.policy.server.host,lifecycle_candidate,string
000000000203,meta.created_ts_ns,identity_time_control,number
000000000203,static.inference.policy.server.host,lifecycle_candidate,string
000000000204,meta.created_ts_ns,identity_time_control,number
000000000204,static.inference.policy.server.host,lifecycle_candidate,string
000000000205,meta.created_ts_ns,identity_time_control,number
000000000205,static.inference.policy.server.host,lifecycle_candidate,string
000000000206,meta.created_ts_ns,identity_time_control,number
000000000206,static.inference.policy.server.device,lifecycle_candidate,string
000000000206,static.inference.policy.server.host,lifecycle_candidate,string
000000000207,meta.created_ts_ns,identity_time_control,number
000000000207,static.inference.policy.server.device,lifecycle_candidate,string
000000000207,static.inference.policy.server.host,lifecycle_candidate,string
000000000208,meta.created_ts_ns,identity_time_control,number
000000000208,static.inference.policy.server.device,lifecycle_candidate,string
000000000208,static.inference.policy.server.host,lifecycle_candidate,string
000000000209,meta.created_ts_ns,identity_time_control,number
000000000209,static.inference.policy.server.host,lifecycle_candidate,string
000000000210,meta.created_ts_ns,identity_time_control,number
000000000210,static.inference.policy.server.host,lifecycle_candidate,string
000000000211,meta.created_ts_ns,identity_time_control,number
000000000211,static.inference.policy.server.host,lifecycle_candidate,string
000000000212,meta.created_ts_ns,identity_time_control,number
000000000212,static.inference.policy.server.host,lifecycle_candidate,string
000000000213,meta.created_ts_ns,identity_time_control,number
000000000213,static.inference.policy.server.host,lifecycle_candidate,string
000000000214,meta.created_ts_ns,identity_time_control,number
000000000214,static.inference.policy.server.host,lifecycle_candidate,string
000000000215,meta.created_ts_ns,identity_time_control,number
000000000215,static.inference.policy.server.host,lifecycle_candidate,string
000000000216,meta.created_ts_ns,identity_time_control,number
000000000216,static.inference.policy.server.device,lifecycle_candidate,string
000000000216,static.inference.policy.server.host,lifecycle_candidate,string
000000000217,meta.created_ts_ns,identity_time_control,number
000000000217,static.inference.policy.server.host,lifecycle_candidate,string
000000000218,meta.created_ts_ns,identity_time_control,number
000000000218,static.inference.policy.server.host,lifecycle_candidate,string
000000000219,meta.created_ts_ns,identity_time_control,number
000000000219,static.inference.policy.server.device,lifecycle_candidate,string
000000000219,static.inference.policy.server.host,lifecycle_candidate,string
000000000220,meta.created_ts_ns,identity_time_control,number
000000000220,static.inference.policy.server.host,lifecycle_candidate,string
000000000221,meta.created_ts_ns,identity_time_control,number
000000000221,static.inference.policy.server.host,lifecycle_candidate,string
000000000222,meta.created_ts_ns,identity_time_control,number
000000000222,static.inference.policy.server.host,lifecycle_candidate,string
000000000223,meta.created_ts_ns,identity_time_control,number
000000000223,static.inference.policy.server.device,lifecycle_candidate,string
000000000223,static.inference.policy.server.host,lifecycle_candidate,string
000000000224,meta.created_ts_ns,identity_time_control,number
000000000224,static.inference.policy.server.device,lifecycle_candidate,string
000000000224,static.inference.policy.server.host,lifecycle_candidate,string
000000000225,meta.created_ts_ns,identity_time_control,number
000000000225,static.inference.policy.server.device,lifecycle_candidate,string
000000000225,static.inference.policy.server.host,lifecycle_candidate,string
000000000226,meta.created_ts_ns,identity_time_control,number
000000000226,static.inference.policy.server.host,lifecycle_candidate,string
000000000227,meta.created_ts_ns,identity_time_control,number
000000000227,static.inference.policy.server.host,lifecycle_candidate,string
000000000228,meta.created_ts_ns,identity_time_control,number
000000000228,static.inference.policy.server.device,lifecycle_candidate,string
000000000228,static.inference.policy.server.host,lifecycle_candidate,string
000000000229,meta.created_ts_ns,identity_time_control,number
000000000229,static.inference.policy.server.device,lifecycle_candidate,string
000000000229,static.inference.policy.server.host,lifecycle_candidate,string
000000000230,meta.created_ts_ns,identity_time_control,number
000000000230,static.inference.policy.server.device,lifecycle_candidate,string
000000000230,static.inference.policy.server.host,lifecycle_candidate,string
000000000231,meta.created_ts_ns,identity_time_control,number
000000000231,static.inference.policy.server.device,lifecycle_candidate,string
000000000231,static.inference.policy.server.host,lifecycle_candidate,string
000000000232,meta.created_ts_ns,identity_time_control,number
000000000232,static.inference.policy.server.host,lifecycle_candidate,string
000000000233,meta.created_ts_ns,identity_time_control,number
000000000233,static.inference.policy.server.device,lifecycle_candidate,string
000000000233,static.inference.policy.server.host,lifecycle_candidate,string
000000000234,meta.created_ts_ns,identity_time_control,number
000000000234,static.inference.policy.server.host,lifecycle_candidate,string
000000000235,meta.created_ts_ns,identity_time_control,number
000000000235,static.inference.policy.server.device,lifecycle_candidate,string
000000000235,static.inference.policy.server.host,lifecycle_candidate,string
000000000236,meta.created_ts_ns,identity_time_control,number
000000000236,static.inference.policy.server.host,lifecycle_candidate,string
000000000237,meta.created_ts_ns,identity_time_control,number
000000000237,static.inference.policy.server.host,lifecycle_candidate,string
000000000238,meta.created_ts_ns,identity_time_control,number
000000000238,static.inference.policy.server.host,lifecycle_candidate,string
000000000239,meta.created_ts_ns,identity_time_control,number
000000000239,static.inference.policy.server.host,lifecycle_candidate,string
000000000240,meta.created_ts_ns,identity_time_control,number
000000000240,static.inference.policy.server.host,lifecycle_candidate,string
000000000241,meta.created_ts_ns,identity_time_control,number
000000000241,static.inference.policy.server.device,lifecycle_candidate,string
000000000241,static.inference.policy.server.host,lifecycle_candidate,string
000000000242,meta.created_ts_ns,identity_time_control,number
000000000242,static.inference.policy.server.host,lifecycle_candidate,string
000000000243,meta.created_ts_ns,identity_time_control,number
000000000243,static.inference.policy.server.device,lifecycle_candidate,string
000000000243,static.inference.policy.server.host,lifecycle_candidate,string
000000000244,meta.created_ts_ns,identity_time_control,number
000000000244,static.inference.policy.server.host,lifecycle_candidate,string
000000000245,meta.created_ts_ns,identity_time_control,number
000000000245,static.inference.policy.server.device,lifecycle_candidate,string
000000000245,static.inference.policy.server.host,lifecycle_candidate,string
000000000246,meta.created_ts_ns,identity_time_control,number
000000000246,static.inference.policy.server.host,lifecycle_candidate,string
000000000247,meta.created_ts_ns,identity_time_control,number
000000000247,static.inference.policy.server.host,lifecycle_candidate,string
000000000248,meta.created_ts_ns,identity_time_control,number
000000000248,static.inference.policy.server.device,lifecycle_candidate,string
000000000248,static.inference.policy.server.host,lifecycle_candidate,string
000000000249,meta.created_ts_ns,identity_time_control,number
000000000249,static.inference.policy.server.host,lifecycle_candidate,string
000000000250,meta.created_ts_ns,identity_time_control,number
000000000250,static.inference.policy.server.device,lifecycle_candidate,string
000000000250,static.inference.policy.server.host,lifecycle_candidate,string
000000000251,meta.created_ts_ns,identity_time_control,number
000000000251,static.inference.policy.server.host,lifecycle_candidate,string
000000000252,meta.created_ts_ns,identity_time_control,number
000000000252,static.inference.policy.server.device,lifecycle_candidate,string
000000000252,static.inference.policy.server.host,lifecycle_candidate,string
000000000253,meta.created_ts_ns,identity_time_control,number
000000000253,static.inference.policy.server.host,lifecycle_candidate,string
000000000254,meta.created_ts_ns,identity_time_control,number
000000000254,static.inference.policy.server.device,lifecycle_candidate,string
000000000254,static.inference.policy.server.host,lifecycle_candidate,string
000000000255,meta.created_ts_ns,identity_time_control,number
000000000255,static.inference.policy.server.host,lifecycle_candidate,string
000000000256,meta.created_ts_ns,identity_time_control,number
000000000256,static.inference.policy.server.device,lifecycle_candidate,string
000000000256,static.inference.policy.server.host,lifecycle_candidate,string
000000000257,meta.created_ts_ns,identity_time_control,number
000000000257,static.inference.policy.server.device,lifecycle_candidate,string
000000000257,static.inference.policy.server.host,lifecycle_candidate,string
000000000258,meta.created_ts_ns,identity_time_control,number
000000000258,static.inference.policy.server.host,lifecycle_candidate,string
000000000259,meta.created_ts_ns,identity_time_control,number
000000000259,static.inference.policy.server.device,lifecycle_candidate,string
000000000259,static.inference.policy.server.host,lifecycle_candidate,string
000000000260,meta.created_ts_ns,identity_time_control,number
000000000260,static.inference.policy.server.device,lifecycle_candidate,string
000000000260,static.inference.policy.server.host,lifecycle_candidate,string
000000000261,meta.created_ts_ns,identity_time_control,number
000000000261,static.inference.policy.server.host,lifecycle_candidate,string
000000000262,meta.created_ts_ns,identity_time_control,number
000000000262,static.inference.policy.server.device,lifecycle_candidate,string
000000000262,static.inference.policy.server.host,lifecycle_candidate,string
000000000263,meta.created_ts_ns,identity_time_control,number
000000000263,static.inference.policy.server.device,lifecycle_candidate,string
000000000263,static.inference.policy.server.host,lifecycle_candidate,string
000000000264,meta.created_ts_ns,identity_time_control,number
000000000264,static.inference.policy.server.host,lifecycle_candidate,string
000000000265,meta.created_ts_ns,identity_time_control,number
000000000265,static.inference.policy.server.host,lifecycle_candidate,string
000000000266,meta.created_ts_ns,identity_time_control,number
000000000266,static.inference.policy.server.device,lifecycle_candidate,string
000000000266,static.inference.policy.server.host,lifecycle_candidate,string
000000000267,meta.created_ts_ns,identity_time_control,number
000000000267,static.inference.policy.server.device,lifecycle_candidate,string
000000000267,static.inference.policy.server.host,lifecycle_candidate,string
000000000268,meta.created_ts_ns,identity_time_control,number
000000000268,static.inference.policy.server.host,lifecycle_candidate,string
000000000269,meta.created_ts_ns,identity_time_control,number
000000000269,static.inference.policy.server.device,lifecycle_candidate,string
000000000269,static.inference.policy.server.host,lifecycle_candidate,string
000000000270,meta.created_ts_ns,identity_time_control,number
000000000270,static.inference.policy.server.host,lifecycle_candidate,string
000000000271,meta.created_ts_ns,identity_time_control,number
000000000271,static.inference.policy.server.host,lifecycle_candidate,string
000000000272,meta.created_ts_ns,identity_time_control,number
000000000272,static.inference.policy.server.device,lifecycle_candidate,string
000000000272,static.inference.policy.server.host,lifecycle_candidate,string
000000000273,meta.created_ts_ns,identity_time_control,number
000000000273,static.inference.policy.server.device,lifecycle_candidate,string
000000000273,static.inference.policy.server.host,lifecycle_candidate,string
000000000274,meta.created_ts_ns,identity_time_control,number
000000000274,static.inference.policy.server.host,lifecycle_candidate,string
000000000275,meta.created_ts_ns,identity_time_control,number
000000000275,static.inference.policy.server.host,lifecycle_candidate,string
000000000276,meta.created_ts_ns,identity_time_control,number
000000000276,static.inference.policy.server.host,lifecycle_candidate,string
000000000277,meta.created_ts_ns,identity_time_control,number
000000000277,static.inference.policy.server.host,lifecycle_candidate,string
000000000278,meta.created_ts_ns,identity_time_control,number
000000000278,static.inference.policy.server.device,lifecycle_candidate,string
000000000278,static.inference.policy.server.host,lifecycle_candidate,string
000000000279,meta.created_ts_ns,identity_time_control,number
000000000279,static.inference.policy.server.device,lifecycle_candidate,string
000000000279,static.inference.policy.server.host,lifecycle_candidate,string
000000000280,meta.created_ts_ns,identity_time_control,number
000000000280,static.inference.policy.server.host,lifecycle_candidate,string
000000000281,meta.created_ts_ns,identity_time_control,number
000000000281,static.inference.policy.server.device,lifecycle_candidate,string
000000000281,static.inference.policy.server.host,lifecycle_candidate,string
000000000282,meta.created_ts_ns,identity_time_control,number
000000000282,static.inference.policy.server.device,lifecycle_candidate,string
000000000282,static.inference.policy.server.host,lifecycle_candidate,string
000000000283,meta.created_ts_ns,identity_time_control,number
000000000283,static.inference.policy.server.host,lifecycle_candidate,string
000000000284,meta.created_ts_ns,identity_time_control,number
000000000284,static.inference.policy.server.device,lifecycle_candidate,string
000000000284,static.inference.policy.server.host,lifecycle_candidate,string
000000000285,meta.created_ts_ns,identity_time_control,number
000000000285,static.inference.policy.server.device,lifecycle_candidate,string
000000000285,static.inference.policy.server.host,lifecycle_candidate,string
000000000286,meta.created_ts_ns,identity_time_control,number
000000000286,static.inference.policy.server.device,lifecycle_candidate,string
000000000286,static.inference.policy.server.host,lifecycle_candidate,string
000000000287,meta.created_ts_ns,identity_time_control,number
000000000287,static.inference.policy.server.device,lifecycle_candidate,string
000000000287,static.inference.policy.server.host,lifecycle_candidate,string
000000000288,meta.created_ts_ns,identity_time_control,number
000000000288,static.inference.policy.server.host,lifecycle_candidate,string
000000000289,meta.created_ts_ns,identity_time_control,number
000000000289,static.inference.policy.server.host,lifecycle_candidate,string
000000000290,meta.created_ts_ns,identity_time_control,number
000000000290,static.inference.policy.server.device,lifecycle_candidate,string
000000000290,static.inference.policy.server.host,lifecycle_candidate,string
000000000291,meta.created_ts_ns,identity_time_control,number
000000000291,static.inference.policy.server.host,lifecycle_candidate,string
000000000292,meta.created_ts_ns,identity_time_control,number
000000000292,static.inference.policy.server.host,lifecycle_candidate,string
000000000293,meta.created_ts_ns,identity_time_control,number
000000000293,static.inference.policy.server.device,lifecycle_candidate,string
000000000293,static.inference.policy.server.host,lifecycle_candidate,string
000000000294,meta.created_ts_ns,identity_time_control,number
000000000294,static.inference.policy.server.host,lifecycle_candidate,string
000000000295,meta.created_ts_ns,identity_time_control,number
000000000295,static.inference.policy.server.host,lifecycle_candidate,string
000000000296,meta.created_ts_ns,identity_time_control,number
000000000296,static.inference.policy.server.host,lifecycle_candidate,string
000000000297,meta.created_ts_ns,identity_time_control,number
000000000297,static.inference.policy.server.host,lifecycle_candidate,string
000000000298,meta.created_ts_ns,identity_time_control,number
000000000298,static.inference.policy.server.host,lifecycle_candidate,string
000000000299,meta.created_ts_ns,identity_time_control,number
000000000299,static.inference.policy.server.host,lifecycle_candidate,string
000000000300,meta.created_ts_ns,identity_time_control,number
000000000300,static.inference.policy.server.device,lifecycle_candidate,string
000000000300,static.inference.policy.server.host,lifecycle_candidate,string
000000000301,meta.created_ts_ns,identity_time_control,number
000000000301,static.inference.policy.server.device,lifecycle_candidate,string
000000000301,static.inference.policy.server.host,lifecycle_candidate,string
000000000302,meta.created_ts_ns,identity_time_control,number
000000000302,static.inference.policy.server.device,lifecycle_candidate,string
000000000302,static.inference.policy.server.host,lifecycle_candidate,string
000000000303,meta.created_ts_ns,identity_time_control,number
000000000303,static.inference.policy.server.host,lifecycle_candidate,string
000000000304,meta.created_ts_ns,identity_time_control,number
000000000304,static.inference.policy.server.host,lifecycle_candidate,string
000000000305,meta.created_ts_ns,identity_time_control,number
000000000305,static.inference.policy.server.device,lifecycle_candidate,string
000000000305,static.inference.policy.server.host,lifecycle_candidate,string
000000000306,meta.created_ts_ns,identity_time_control,number
000000000306,static.inference.policy.server.host,lifecycle_candidate,string
000000000307,meta.created_ts_ns,identity_time_control,number
000000000307,static.inference.policy.server.device,lifecycle_candidate,string
000000000307,static.inference.policy.server.host,lifecycle_candidate,string
000000000308,meta.created_ts_ns,identity_time_control,number
000000000308,static.inference.policy.server.device,lifecycle_candidate,string
000000000308,static.inference.policy.server.host,lifecycle_candidate,string
000000000309,meta.created_ts_ns,identity_time_control,number
000000000309,static.inference.policy.server.device,lifecycle_candidate,string
000000000309,static.inference.policy.server.host,lifecycle_candidate,string
000000000310,meta.created_ts_ns,identity_time_control,number
000000000310,static.inference.policy.server.host,lifecycle_candidate,string
000000000311,meta.created_ts_ns,identity_time_control,number
000000000311,static.inference.policy.server.device,lifecycle_candidate,string
000000000311,static.inference.policy.server.host,lifecycle_candidate,string
000000000312,meta.created_ts_ns,identity_time_control,number
000000000312,static.inference.policy.server.host,lifecycle_candidate,string
000000000313,meta.created_ts_ns,identity_time_control,number
000000000313,static.inference.policy.server.host,lifecycle_candidate,string
000000000314,meta.created_ts_ns,identity_time_control,number
000000000314,static.inference.policy.server.host,lifecycle_candidate,string
000000000315,meta.created_ts_ns,identity_time_control,number
000000000315,static.inference.policy.server.host,lifecycle_candidate,string
000000000316,meta.created_ts_ns,identity_time_control,number
000000000316,static.inference.policy.server.host,lifecycle_candidate,string
000000000317,meta.created_ts_ns,identity_time_control,number
000000000317,static.inference.policy.server.device,lifecycle_candidate,string
000000000317,static.inference.policy.server.host,lifecycle_candidate,string
000000000318,meta.created_ts_ns,identity_time_control,number
000000000318,static.inference.policy.server.device,lifecycle_candidate,string
000000000318,static.inference.policy.server.host,lifecycle_candidate,string
000000000319,meta.created_ts_ns,identity_time_control,number
000000000319,static.inference.policy.server.device,lifecycle_candidate,string
000000000319,static.inference.policy.server.host,lifecycle_candidate,string
000000000320,meta.created_ts_ns,identity_time_control,number
000000000320,static.inference.policy.server.device,lifecycle_candidate,string
000000000320,static.inference.policy.server.host,lifecycle_candidate,string
000000000321,meta.created_ts_ns,identity_time_control,number
000000000321,static.inference.policy.server.device,lifecycle_candidate,string
000000000321,static.inference.policy.server.host,lifecycle_candidate,string
000000000322,meta.created_ts_ns,identity_time_control,number
000000000322,static.inference.policy.server.host,lifecycle_candidate,string
000000000323,meta.created_ts_ns,identity_time_control,number
000000000323,static.inference.policy.server.device,lifecycle_candidate,string
000000000323,static.inference.policy.server.host,lifecycle_candidate,string
000000000324,meta.created_ts_ns,identity_time_control,number
000000000324,static.inference.policy.server.device,lifecycle_candidate,string
000000000324,static.inference.policy.server.host,lifecycle_candidate,string
000000000325,meta.created_ts_ns,identity_time_control,number
000000000325,static.inference.policy.server.device,lifecycle_candidate,string
000000000325,static.inference.policy.server.host,lifecycle_candidate,string
000000000326,meta.created_ts_ns,identity_time_control,number
000000000326,static.inference.policy.server.host,lifecycle_candidate,string
000000000327,meta.created_ts_ns,identity_time_control,number
000000000327,static.inference.policy.server.host,lifecycle_candidate,string
000000000328,meta.created_ts_ns,identity_time_control,number
000000000328,static.inference.policy.server.device,lifecycle_candidate,string
000000000328,static.inference.policy.server.host,lifecycle_candidate,string
000000000329,meta.created_ts_ns,identity_time_control,number
000000000329,static.inference.policy.server.device,lifecycle_candidate,string
000000000329,static.inference.policy.server.host,lifecycle_candidate,string
000000000330,meta.created_ts_ns,identity_time_control,number
000000000330,static.inference.policy.server.device,lifecycle_candidate,string
000000000330,static.inference.policy.server.host,lifecycle_candidate,string
000000000331,meta.created_ts_ns,identity_time_control,number
000000000331,static.inference.policy.server.device,lifecycle_candidate,string
000000000331,static.inference.policy.server.host,lifecycle_candidate,string
000000000332,meta.created_ts_ns,identity_time_control,number
000000000332,static.inference.policy.server.device,lifecycle_candidate,string
000000000332,static.inference.policy.server.host,lifecycle_candidate,string
000000000333,meta.created_ts_ns,identity_time_control,number
000000000333,static.inference.policy.server.host,lifecycle_candidate,string
000000000334,meta.created_ts_ns,identity_time_control,number
000000000334,static.inference.policy.server.host,lifecycle_candidate,string
000000000335,meta.created_ts_ns,identity_time_control,number
000000000335,static.inference.policy.server.host,lifecycle_candidate,string
000000000336,meta.created_ts_ns,identity_time_control,number
000000000336,static.inference.policy.server.host,lifecycle_candidate,string
000000000337,meta.created_ts_ns,identity_time_control,number
000000000337,static.inference.policy.server.device,lifecycle_candidate,string
000000000337,static.inference.policy.server.host,lifecycle_candidate,string
000000000338,meta.created_ts_ns,identity_time_control,number
000000000338,static.inference.policy.server.device,lifecycle_candidate,string
000000000338,static.inference.policy.server.host,lifecycle_candidate,string
000000000339,meta.created_ts_ns,identity_time_control,number
000000000339,static.inference.policy.server.host,lifecycle_candidate,string
000000000340,meta.created_ts_ns,identity_time_control,number
000000000340,static.inference.policy.server.host,lifecycle_candidate,string
000000000341,meta.created_ts_ns,identity_time_control,number
000000000341,static.inference.policy.server.host,lifecycle_candidate,string
000000000342,meta.created_ts_ns,identity_time_control,number
000000000342,static.inference.policy.server.device,lifecycle_candidate,string
000000000342,static.inference.policy.server.host,lifecycle_candidate,string
000000000343,meta.created_ts_ns,identity_time_control,number
000000000343,static.inference.policy.server.host,lifecycle_candidate,string
000000000344,meta.created_ts_ns,identity_time_control,number
000000000344,static.inference.policy.server.host,lifecycle_candidate,string
000000000345,meta.created_ts_ns,identity_time_control,number
000000000345,static.inference.policy.server.host,lifecycle_candidate,string
000000000346,meta.created_ts_ns,identity_time_control,number
000000000346,static.inference.policy.server.device,lifecycle_candidate,string
000000000346,static.inference.policy.server.host,lifecycle_candidate,string
000000000347,meta.created_ts_ns,identity_time_control,number
000000000347,static.inference.policy.server.device,lifecycle_candidate,string
000000000347,static.inference.policy.server.host,lifecycle_candidate,string
000000000348,meta.created_ts_ns,identity_time_control,number
000000000348,static.inference.policy.server.host,lifecycle_candidate,string
000000000349,meta.created_ts_ns,identity_time_control,number
000000000349,static.inference.policy.server.host,lifecycle_candidate,string
000000000350,meta.created_ts_ns,identity_time_control,number
000000000350,static.inference.policy.server.host,lifecycle_candidate,string
000000000351,meta.created_ts_ns,identity_time_control,number
000000000351,static.inference.policy.server.device,lifecycle_candidate,string
000000000351,static.inference.policy.server.host,lifecycle_candidate,string
000000000352,meta.created_ts_ns,identity_time_control,number
000000000352,static.inference.policy.server.device,lifecycle_candidate,string
000000000352,static.inference.policy.server.host,lifecycle_candidate,string
000000000353,meta.created_ts_ns,identity_time_control,number
000000000353,static.inference.policy.server.host,lifecycle_candidate,string
000000000354,meta.created_ts_ns,identity_time_control,number
000000000354,static.inference.policy.server.device,lifecycle_candidate,string
000000000354,static.inference.policy.server.host,lifecycle_candidate,string
000000000355,meta.created_ts_ns,identity_time_control,number
000000000355,static.inference.policy.server.device,lifecycle_candidate,string
000000000355,static.inference.policy.server.host,lifecycle_candidate,string
000000000356,meta.created_ts_ns,identity_time_control,number
000000000356,static.inference.policy.server.device,lifecycle_candidate,string
000000000356,static.inference.policy.server.host,lifecycle_candidate,string
000000000357,meta.created_ts_ns,identity_time_control,number
000000000357,static.inference.policy.server.device,lifecycle_candidate,string
000000000357,static.inference.policy.server.host,lifecycle_candidate,string
000000000358,meta.created_ts_ns,identity_time_control,number
000000000358,static.inference.policy.server.host,lifecycle_candidate,string
000000000359,meta.created_ts_ns,identity_time_control,number
000000000359,static.inference.policy.server.device,lifecycle_candidate,string
000000000359,static.inference.policy.server.host,lifecycle_candidate,string
000000000360,meta.created_ts_ns,identity_time_control,number
000000000360,static.inference.policy.server.host,lifecycle_candidate,string
000000000361,meta.created_ts_ns,identity_time_control,number
000000000361,static.inference.policy.server.device,lifecycle_candidate,string
000000000361,static.inference.policy.server.host,lifecycle_candidate,string
000000000362,meta.created_ts_ns,identity_time_control,number
000000000362,static.inference.policy.server.host,lifecycle_candidate,string
000000000363,meta.created_ts_ns,identity_time_control,number
000000000363,static.inference.policy.server.host,lifecycle_candidate,string
000000000364,meta.created_ts_ns,identity_time_control,number
000000000364,static.inference.policy.server.device,lifecycle_candidate,string
000000000364,static.inference.policy.server.host,lifecycle_candidate,string
000000000365,meta.created_ts_ns,identity_time_control,number
000000000365,static.inference.policy.server.host,lifecycle_candidate,string
000000000366,meta.created_ts_ns,identity_time_control,number
000000000366,static.inference.policy.server.host,lifecycle_candidate,string
000000000367,meta.created_ts_ns,identity_time_control,number
000000000367,static.inference.policy.server.host,lifecycle_candidate,string
000000000368,meta.created_ts_ns,identity_time_control,number
000000000368,static.inference.policy.server.host,lifecycle_candidate,string
000000000369,meta.created_ts_ns,identity_time_control,number
000000000369,static.inference.policy.server.host,lifecycle_candidate,string
000000000370,meta.created_ts_ns,identity_time_control,number
000000000370,static.inference.policy.server.host,lifecycle_candidate,string
000000000371,meta.created_ts_ns,identity_time_control,number
000000000371,static.inference.policy.server.device,lifecycle_candidate,string
000000000371,static.inference.policy.server.host,lifecycle_candidate,string
000000000372,meta.created_ts_ns,identity_time_control,number
000000000372,static.inference.policy.server.host,lifecycle_candidate,string
000000000373,meta.created_ts_ns,identity_time_control,number
000000000373,static.inference.policy.server.host,lifecycle_candidate,string
000000000374,meta.created_ts_ns,identity_time_control,number
000000000374,static.inference.policy.server.host,lifecycle_candidate,string
000000000375,meta.created_ts_ns,identity_time_control,number
000000000375,static.inference.policy.server.host,lifecycle_candidate,string
000000000376,meta.created_ts_ns,identity_time_control,number
000000000376,static.inference.policy.server.host,lifecycle_candidate,string
000000000377,meta.created_ts_ns,identity_time_control,number
000000000377,static.inference.policy.server.device,lifecycle_candidate,string
000000000377,static.inference.policy.server.host,lifecycle_candidate,string
000000000378,meta.created_ts_ns,identity_time_control,number
000000000378,static.inference.policy.server.host,lifecycle_candidate,string
000000000379,meta.created_ts_ns,identity_time_control,number
000000000379,static.inference.policy.server.host,lifecycle_candidate,string
000000000380,meta.created_ts_ns,identity_time_control,number
000000000380,static.inference.policy.server.device,lifecycle_candidate,string
000000000380,static.inference.policy.server.host,lifecycle_candidate,string
000000000381,meta.created_ts_ns,identity_time_control,number
000000000381,static.inference.policy.server.device,lifecycle_candidate,string
000000000381,static.inference.policy.server.host,lifecycle_candidate,string
000000000382,meta.created_ts_ns,identity_time_control,number
000000000382,static.inference.policy.server.host,lifecycle_candidate,string
000000000383,meta.created_ts_ns,identity_time_control,number
000000000383,static.inference.policy.server.device,lifecycle_candidate,string
000000000383,static.inference.policy.server.host,lifecycle_candidate,string
000000000384,meta.created_ts_ns,identity_time_control,number
000000000384,static.inference.policy.server.device,lifecycle_candidate,string
000000000384,static.inference.policy.server.host,lifecycle_candidate,string
000000000385,meta.created_ts_ns,identity_time_control,number
000000000385,static.inference.policy.server.host,lifecycle_candidate,string
000000000386,meta.created_ts_ns,identity_time_control,number
000000000386,static.inference.policy.server.device,lifecycle_candidate,string
000000000386,static.inference.policy.server.host,lifecycle_candidate,string
000000000387,meta.created_ts_ns,identity_time_control,number
000000000387,static.inference.policy.server.host,lifecycle_candidate,string
000000000388,meta.created_ts_ns,identity_time_control,number
000000000388,static.inference.policy.server.host,lifecycle_candidate,string
000000000389,meta.created_ts_ns,identity_time_control,number
000000000389,static.inference.policy.server.host,lifecycle_candidate,string
000000000390,meta.created_ts_ns,identity_time_control,number
000000000390,static.inference.policy.server.host,lifecycle_candidate,string
000000000391,meta.created_ts_ns,identity_time_control,number
000000000391,static.inference.policy.server.device,lifecycle_candidate,string
000000000391,static.inference.policy.server.host,lifecycle_candidate,string
000000000392,meta.created_ts_ns,identity_time_control,number
000000000392,static.inference.policy.server.host,lifecycle_candidate,string
000000000393,meta.created_ts_ns,identity_time_control,number
000000000393,static.inference.policy.server.device,lifecycle_candidate,string
000000000393,static.inference.policy.server.host,lifecycle_candidate,string
000000000394,meta.created_ts_ns,identity_time_control,number
000000000394,static.inference.policy.server.device,lifecycle_candidate,string
000000000394,static.inference.policy.server.host,lifecycle_candidate,string
000000000395,meta.created_ts_ns,identity_time_control,number
000000000395,static.inference.policy.server.device,lifecycle_candidate,string
000000000395,static.inference.policy.server.host,lifecycle_candidate,string
000000000396,meta.created_ts_ns,identity_time_control,number
000000000396,static.inference.policy.server.host,lifecycle_candidate,string
000000000397,meta.created_ts_ns,identity_time_control,number
000000000397,static.inference.policy.server.device,lifecycle_candidate,string
000000000397,static.inference.policy.server.host,lifecycle_candidate,string
000000000398,meta.created_ts_ns,identity_time_control,number
000000000398,static.inference.policy.server.device,lifecycle_candidate,string
000000000398,static.inference.policy.server.host,lifecycle_candidate,string
000000000399,meta.created_ts_ns,identity_time_control,number
000000000399,static.inference.policy.server.device,lifecycle_candidate,string
000000000399,static.inference.policy.server.host,lifecycle_candidate,string
000000000400,meta.created_ts_ns,identity_time_control,number
000000000400,static.inference.policy.server.host,lifecycle_candidate,string
000000000401,meta.created_ts_ns,identity_time_control,number
000000000401,static.inference.policy.server.device,lifecycle_candidate,string
000000000401,static.inference.policy.server.host,lifecycle_candidate,string
000000000402,meta.created_ts_ns,identity_time_control,number
000000000402,static.inference.policy.server.device,lifecycle_candidate,string
000000000402,static.inference.policy.server.host,lifecycle_candidate,string
000000000403,meta.created_ts_ns,identity_time_control,number
000000000403,static.inference.policy.server.device,lifecycle_candidate,string
000000000403,static.inference.policy.server.host,lifecycle_candidate,string
000000000404,meta.created_ts_ns,identity_time_control,number
000000000404,static.inference.policy.server.device,lifecycle_candidate,string
000000000404,static.inference.policy.server.host,lifecycle_candidate,string
000000000405,meta.created_ts_ns,identity_time_control,number
000000000405,static.inference.policy.server.device,lifecycle_candidate,string
000000000405,static.inference.policy.server.host,lifecycle_candidate,string
000000000406,meta.created_ts_ns,identity_time_control,number
000000000406,static.inference.policy.server.device,lifecycle_candidate,string
000000000406,static.inference.policy.server.host,lifecycle_candidate,string
000000000407,meta.created_ts_ns,identity_time_control,number
000000000407,static.inference.policy.server.device,lifecycle_candidate,string
000000000407,static.inference.policy.server.host,lifecycle_candidate,string
000000000408,meta.created_ts_ns,identity_time_control,number
000000000408,static.inference.policy.server.device,lifecycle_candidate,string
000000000408,static.inference.policy.server.host,lifecycle_candidate,string
000000000409,meta.created_ts_ns,identity_time_control,number
000000000409,static.inference.policy.server.host,lifecycle_candidate,string
000000000410,meta.created_ts_ns,identity_time_control,number
000000000410,static.inference.policy.server.device,lifecycle_candidate,string
000000000410,static.inference.policy.server.host,lifecycle_candidate,string
000000000411,meta.created_ts_ns,identity_time_control,number
000000000411,static.inference.policy.server.device,lifecycle_candidate,string
000000000411,static.inference.policy.server.host,lifecycle_candidate,string
000000000412,meta.created_ts_ns,identity_time_control,number
000000000412,static.inference.policy.server.device,lifecycle_candidate,string
000000000412,static.inference.policy.server.host,lifecycle_candidate,string
000000000413,meta.created_ts_ns,identity_time_control,number
000000000413,static.inference.policy.server.device,lifecycle_candidate,string
000000000413,static.inference.policy.server.host,lifecycle_candidate,string
000000000414,meta.created_ts_ns,identity_time_control,number
000000000414,static.inference.policy.server.device,lifecycle_candidate,string
000000000414,static.inference.policy.server.host,lifecycle_candidate,string
000000000415,meta.created_ts_ns,identity_time_control,number
000000000415,static.inference.policy.server.device,lifecycle_candidate,string
000000000415,static.inference.policy.server.host,lifecycle_candidate,string
000000000416,meta.created_ts_ns,identity_time_control,number
000000000416,static.inference.policy.server.device,lifecycle_candidate,string
000000000416,static.inference.policy.server.host,lifecycle_candidate,string
000000000417,meta.created_ts_ns,identity_time_control,number
000000000417,static.inference.policy.server.device,lifecycle_candidate,string
000000000417,static.inference.policy.server.host,lifecycle_candidate,string
000000000418,meta.created_ts_ns,identity_time_control,number
000000000418,static.inference.policy.server.device,lifecycle_candidate,string
000000000418,static.inference.policy.server.host,lifecycle_candidate,string
000000000419,meta.created_ts_ns,identity_time_control,number
000000000419,static.inference.policy.server.device,lifecycle_candidate,string
000000000419,static.inference.policy.server.host,lifecycle_candidate,string
000000000420,meta.created_ts_ns,identity_time_control,number
000000000420,static.inference.policy.server.device,lifecycle_candidate,string
000000000420,static.inference.policy.server.host,lifecycle_candidate,string
000000000421,meta.created_ts_ns,identity_time_control,number
000000000421,static.inference.policy.server.device,lifecycle_candidate,string
000000000421,static.inference.policy.server.host,lifecycle_candidate,string
000000000422,meta.created_ts_ns,identity_time_control,number
000000000422,static.inference.policy.server.device,lifecycle_candidate,string
000000000422,static.inference.policy.server.host,lifecycle_candidate,string
000000000423,meta.created_ts_ns,identity_time_control,number
000000000423,static.inference.policy.server.device,lifecycle_candidate,string
000000000423,static.inference.policy.server.host,lifecycle_candidate,string
000000000424,meta.created_ts_ns,identity_time_control,number
000000000424,static.inference.policy.server.device,lifecycle_candidate,string
000000000424,static.inference.policy.server.host,lifecycle_candidate,string
000000000425,meta.created_ts_ns,identity_time_control,number
000000000425,static.inference.policy.server.device,lifecycle_candidate,string
000000000425,static.inference.policy.server.host,lifecycle_candidate,string
000000000426,meta.created_ts_ns,identity_time_control,number
000000000426,static.inference.policy.server.device,lifecycle_candidate,string
000000000426,static.inference.policy.server.host,lifecycle_candidate,string
000000000427,meta.created_ts_ns,identity_time_control,number
000000000427,static.inference.policy.server.device,lifecycle_candidate,string
000000000427,static.inference.policy.server.host,lifecycle_candidate,string
000000000428,meta.created_ts_ns,identity_time_control,number
000000000428,static.inference.policy.server.device,lifecycle_candidate,string
000000000428,static.inference.policy.server.host,lifecycle_candidate,string
000000000429,meta.created_ts_ns,identity_time_control,number
000000000429,static.inference.policy.server.device,lifecycle_candidate,string
000000000429,static.inference.policy.server.host,lifecycle_candidate,string
000000000430,meta.created_ts_ns,identity_time_control,number
000000000430,static.inference.policy.server.device,lifecycle_candidate,string
000000000430,static.inference.policy.server.host,lifecycle_candidate,string
000000000431,meta.created_ts_ns,identity_time_control,number
000000000431,static.inference.policy.server.device,lifecycle_candidate,string
000000000431,static.inference.policy.server.host,lifecycle_candidate,string
000000000432,meta.created_ts_ns,identity_time_control,number
000000000432,static.inference.policy.server.device,lifecycle_candidate,string
000000000432,static.inference.policy.server.host,lifecycle_candidate,string
000000000433,meta.created_ts_ns,identity_time_control,number
000000000433,static.inference.policy.server.device,lifecycle_candidate,string
000000000433,static.inference.policy.server.host,lifecycle_candidate,string
000000000434,meta.created_ts_ns,identity_time_control,number
000000000434,static.inference.policy.server.device,lifecycle_candidate,string
000000000434,static.inference.policy.server.host,lifecycle_candidate,string
000000000435,meta.created_ts_ns,identity_time_control,number
000000000435,static.inference.policy.server.device,lifecycle_candidate,string
000000000435,static.inference.policy.server.host,lifecycle_candidate,string
000000000436,meta.created_ts_ns,identity_time_control,number
000000000436,static.inference.policy.server.device,lifecycle_candidate,string
000000000436,static.inference.policy.server.host,lifecycle_candidate,string
000000000437,meta.created_ts_ns,identity_time_control,number
000000000437,static.inference.policy.server.device,lifecycle_candidate,string
000000000437,static.inference.policy.server.host,lifecycle_candidate,string
000000000438,meta.created_ts_ns,identity_time_control,number
000000000438,static.inference.policy.server.device,lifecycle_candidate,string
000000000438,static.inference.policy.server.host,lifecycle_candidate,string
000000000439,meta.created_ts_ns,identity_time_control,number
000000000439,static.inference.policy.server.host,lifecycle_candidate,string
000000000440,meta.created_ts_ns,identity_time_control,number
000000000440,static.inference.policy.server.device,lifecycle_candidate,string
000000000440,static.inference.policy.server.host,lifecycle_candidate,string
000000000441,meta.created_ts_ns,identity_time_control,number
000000000441,static.inference.policy.server.device,lifecycle_candidate,string
000000000441,static.inference.policy.server.host,lifecycle_candidate,string
000000000442,meta.created_ts_ns,identity_time_control,number
000000000442,static.inference.policy.server.device,lifecycle_candidate,string
000000000442,static.inference.policy.server.host,lifecycle_candidate,string
000000000443,meta.created_ts_ns,identity_time_control,number
000000000443,static.inference.policy.server.host,lifecycle_candidate,string
000000000444,meta.created_ts_ns,identity_time_control,number
000000000444,static.inference.policy.server.device,lifecycle_candidate,string
000000000444,static.inference.policy.server.host,lifecycle_candidate,string
000000000445,meta.created_ts_ns,identity_time_control,number
000000000445,static.inference.policy.server.device,lifecycle_candidate,string
000000000445,static.inference.policy.server.host,lifecycle_candidate,string
000000000446,meta.created_ts_ns,identity_time_control,number
000000000446,static.inference.policy.server.device,lifecycle_candidate,string
000000000446,static.inference.policy.server.host,lifecycle_candidate,string
000000000447,meta.created_ts_ns,identity_time_control,number
000000000447,static.inference.policy.server.device,lifecycle_candidate,string
000000000447,static.inference.policy.server.host,lifecycle_candidate,string
000000000448,meta.created_ts_ns,identity_time_control,number
000000000448,static.inference.policy.server.device,lifecycle_candidate,string
000000000448,static.inference.policy.server.host,lifecycle_candidate,string
000000000449,meta.created_ts_ns,identity_time_control,number
000000000449,static.inference.policy.server.device,lifecycle_candidate,string
000000000449,static.inference.policy.server.host,lifecycle_candidate,string
000000000450,meta.created_ts_ns,identity_time_control,number
000000000450,static.inference.policy.server.host,lifecycle_candidate,string
000000000451,meta.created_ts_ns,identity_time_control,number
000000000451,static.inference.policy.server.host,lifecycle_candidate,string
000000000452,meta.created_ts_ns,identity_time_control,number
000000000452,static.inference.policy.server.device,lifecycle_candidate,string
000000000452,static.inference.policy.server.host,lifecycle_candidate,string
000000000453,meta.created_ts_ns,identity_time_control,number
000000000453,static.inference.policy.server.device,lifecycle_candidate,string
000000000453,static.inference.policy.server.host,lifecycle_candidate,string
000000000454,meta.created_ts_ns,identity_time_control,number
000000000454,static.inference.policy.server.device,lifecycle_candidate,string
000000000454,static.inference.policy.server.host,lifecycle_candidate,string
000000000455,meta.created_ts_ns,identity_time_control,number
000000000455,static.inference.policy.server.device,lifecycle_candidate,string
000000000455,static.inference.policy.server.host,lifecycle_candidate,string
000000000456,meta.created_ts_ns,identity_time_control,number
000000000456,static.inference.policy.server.device,lifecycle_candidate,string
000000000456,static.inference.policy.server.host,lifecycle_candidate,string
000000000457,meta.created_ts_ns,identity_time_control,number
000000000457,static.inference.policy.server.host,lifecycle_candidate,string
000000000458,meta.created_ts_ns,identity_time_control,number
000000000458,static.inference.policy.server.device,lifecycle_candidate,string
000000000458,static.inference.policy.server.host,lifecycle_candidate,string
000000000459,meta.created_ts_ns,identity_time_control,number
000000000459,static.inference.policy.server.device,lifecycle_candidate,string
000000000459,static.inference.policy.server.host,lifecycle_candidate,string
000000000460,meta.created_ts_ns,identity_time_control,number
000000000460,static.inference.policy.server.host,lifecycle_candidate,string
000000000461,meta.created_ts_ns,identity_time_control,number
000000000461,static.inference.policy.server.host,lifecycle_candidate,string
000000000462,meta.created_ts_ns,identity_time_control,number
000000000462,static.inference.policy.server.device,lifecycle_candidate,string
000000000462,static.inference.policy.server.host,lifecycle_candidate,string
000000000463,meta.created_ts_ns,identity_time_control,number
000000000463,static.inference.policy.server.device,lifecycle_candidate,string
000000000463,static.inference.policy.server.host,lifecycle_candidate,string
000000000464,meta.created_ts_ns,identity_time_control,number
000000000464,static.inference.policy.server.device,lifecycle_candidate,string
000000000464,static.inference.policy.server.host,lifecycle_candidate,string
000000000465,meta.created_ts_ns,identity_time_control,number
000000000465,static.inference.policy.server.device,lifecycle_candidate,string
000000000465,static.inference.policy.server.host,lifecycle_candidate,string
000000000466,meta.created_ts_ns,identity_time_control,number
000000000466,static.inference.policy.server.device,lifecycle_candidate,string
000000000466,static.inference.policy.server.host,lifecycle_candidate,string
000000000467,meta.created_ts_ns,identity_time_control,number
000000000467,static.inference.policy.server.host,lifecycle_candidate,string
000000000468,meta.created_ts_ns,identity_time_control,number
000000000468,static.inference.policy.server.device,lifecycle_candidate,string
000000000468,static.inference.policy.server.host,lifecycle_candidate,string
000000000469,meta.created_ts_ns,identity_time_control,number
000000000469,static.inference.policy.server.device,lifecycle_candidate,string
000000000469,static.inference.policy.server.host,lifecycle_candidate,string
000000000470,meta.created_ts_ns,identity_time_control,number
000000000470,static.inference.policy.server.host,lifecycle_candidate,string
000000000471,meta.created_ts_ns,identity_time_control,number
000000000471,static.inference.policy.server.host,lifecycle_candidate,string
000000000472,meta.created_ts_ns,identity_time_control,number
000000000472,static.inference.policy.server.device,lifecycle_candidate,string
000000000472,static.inference.policy.server.host,lifecycle_candidate,string
000000000473,meta.created_ts_ns,identity_time_control,number
000000000473,static.inference.policy.server.host,lifecycle_candidate,string
000000000474,meta.created_ts_ns,identity_time_control,number
000000000474,static.inference.policy.server.device,lifecycle_candidate,string
000000000474,static.inference.policy.server.host,lifecycle_candidate,string
000000000475,meta.created_ts_ns,identity_time_control,number
000000000475,static.inference.policy.server.host,lifecycle_candidate,string
000000000476,meta.created_ts_ns,identity_time_control,number
000000000476,static.inference.policy.server.host,lifecycle_candidate,string
000000000477,meta.created_ts_ns,identity_time_control,number
000000000477,static.inference.policy.server.host,lifecycle_candidate,string
000000000478,meta.created_ts_ns,identity_time_control,number
000000000478,static.inference.policy.server.host,lifecycle_candidate,string
000000000479,meta.created_ts_ns,identity_time_control,number
000000000479,static.inference.policy.server.device,lifecycle_candidate,string
000000000479,static.inference.policy.server.host,lifecycle_candidate,string
000000000480,meta.created_ts_ns,identity_time_control,number
000000000480,static.inference.policy.server.device,lifecycle_candidate,string
000000000480,static.inference.policy.server.host,lifecycle_candidate,string
000000000481,meta.created_ts_ns,identity_time_control,number
000000000481,static.inference.policy.server.device,lifecycle_candidate,string
000000000481,static.inference.policy.server.host,lifecycle_candidate,string
000000000482,meta.created_ts_ns,identity_time_control,number
000000000482,static.inference.policy.server.device,lifecycle_candidate,string
000000000482,static.inference.policy.server.host,lifecycle_candidate,string
000000000483,meta.created_ts_ns,identity_time_control,number
000000000483,static.inference.policy.server.device,lifecycle_candidate,string
000000000483,static.inference.policy.server.host,lifecycle_candidate,string
000000000484,meta.created_ts_ns,identity_time_control,number
000000000484,static.inference.policy.server.host,lifecycle_candidate,string
000000000485,meta.created_ts_ns,identity_time_control,number
000000000485,static.inference.policy.server.host,lifecycle_candidate,string
000000000486,meta.created_ts_ns,identity_time_control,number
000000000486,static.inference.policy.server.device,lifecycle_candidate,string
000000000486,static.inference.policy.server.host,lifecycle_candidate,string
000000000487,meta.created_ts_ns,identity_time_control,number
000000000487,static.inference.policy.server.device,lifecycle_candidate,string
000000000487,static.inference.policy.server.host,lifecycle_candidate,string
000000000488,meta.created_ts_ns,identity_time_control,number
000000000488,static.inference.policy.server.host,lifecycle_candidate,string
000000000489,meta.created_ts_ns,identity_time_control,number
000000000489,static.inference.policy.server.device,lifecycle_candidate,string
000000000489,static.inference.policy.server.host,lifecycle_candidate,string
000000000490,meta.created_ts_ns,identity_time_control,number
000000000490,static.inference.policy.server.host,lifecycle_candidate,string
000000000491,meta.created_ts_ns,identity_time_control,number
000000000491,static.inference.policy.server.device,lifecycle_candidate,string
000000000491,static.inference.policy.server.host,lifecycle_candidate,string
000000000492,meta.created_ts_ns,identity_time_control,number
000000000492,static.inference.policy.server.device,lifecycle_candidate,string
000000000492,static.inference.policy.server.host,lifecycle_candidate,string
000000000493,meta.created_ts_ns,identity_time_control,number
000000000493,static.inference.policy.server.device,lifecycle_candidate,string
000000000493,static.inference.policy.server.host,lifecycle_candidate,string
000000000494,meta.created_ts_ns,identity_time_control,number
000000000494,static.inference.policy.server.host,lifecycle_candidate,string
000000000495,meta.created_ts_ns,identity_time_control,number
000000000495,static.inference.policy.server.host,lifecycle_candidate,string
000000000496,meta.created_ts_ns,identity_time_control,number
000000000496,static.inference.policy.server.device,lifecycle_candidate,string
000000000496,static.inference.policy.server.host,lifecycle_candidate,string
000000000497,meta.created_ts_ns,identity_time_control,number
000000000497,static.inference.policy.server.device,lifecycle_candidate,string
000000000497,static.inference.policy.server.host,lifecycle_candidate,string
000000000498,meta.created_ts_ns,identity_time_control,number
000000000498,static.inference.policy.server.device,lifecycle_candidate,string
000000000498,static.inference.policy.server.host,lifecycle_candidate,string
000000000499,meta.created_ts_ns,identity_time_control,number
000000000499,static.inference.policy.server.device,lifecycle_candidate,string
000000000499,static.inference.policy.server.host,lifecycle_candidate,string
000000000500,meta.created_ts_ns,identity_time_control,number
000000000500,static.inference.policy.server.device,lifecycle_candidate,string
000000000500,static.inference.policy.server.host,lifecycle_candidate,string
000000000501,meta.created_ts_ns,identity_time_control,number
000000000501,static.inference.policy.server.host,lifecycle_candidate,string
000000000502,meta.created_ts_ns,identity_time_control,number
000000000502,static.inference.policy.server.device,lifecycle_candidate,string
000000000502,static.inference.policy.server.host,lifecycle_candidate,string
000000000503,meta.created_ts_ns,identity_time_control,number
000000000503,static.inference.policy.server.device,lifecycle_candidate,string
000000000503,static.inference.policy.server.host,lifecycle_candidate,string
000000000504,meta.created_ts_ns,identity_time_control,number
000000000504,static.inference.policy.server.host,lifecycle_candidate,string
000000000505,meta.created_ts_ns,identity_time_control,number
000000000505,static.inference.policy.server.device,lifecycle_candidate,string
000000000505,static.inference.policy.server.host,lifecycle_candidate,string
000000000506,meta.created_ts_ns,identity_time_control,number
000000000506,static.inference.policy.server.host,lifecycle_candidate,string
000000000507,meta.created_ts_ns,identity_time_control,number
000000000507,static.inference.policy.server.device,lifecycle_candidate,string
000000000507,static.inference.policy.server.host,lifecycle_candidate,string
000000000508,meta.created_ts_ns,identity_time_control,number
000000000508,static.inference.policy.server.device,lifecycle_candidate,string
000000000508,static.inference.policy.server.host,lifecycle_candidate,string
000000000509,meta.created_ts_ns,identity_time_control,number
000000000509,static.inference.policy.server.device,lifecycle_candidate,string
000000000509,static.inference.policy.server.host,lifecycle_candidate,string
000000000510,meta.created_ts_ns,identity_time_control,number
000000000510,static.inference.policy.server.device,lifecycle_candidate,string
000000000510,static.inference.policy.server.host,lifecycle_candidate,string
000000000511,meta.created_ts_ns,identity_time_control,number
000000000511,static.inference.policy.server.device,lifecycle_candidate,string
000000000511,static.inference.policy.server.host,lifecycle_candidate,string
000000000512,meta.created_ts_ns,identity_time_control,number
000000000512,static.inference.policy.server.device,lifecycle_candidate,string
000000000512,static.inference.policy.server.host,lifecycle_candidate,string
000000000513,meta.created_ts_ns,identity_time_control,number
000000000513,static.inference.policy.server.device,lifecycle_candidate,string
000000000513,static.inference.policy.server.host,lifecycle_candidate,string
000000000514,meta.created_ts_ns,identity_time_control,number
000000000514,static.inference.policy.server.device,lifecycle_candidate,string
000000000514,static.inference.policy.server.host,lifecycle_candidate,string
000000000515,meta.created_ts_ns,identity_time_control,number
000000000515,static.inference.policy.server.host,lifecycle_candidate,string
000000000516,meta.created_ts_ns,identity_time_control,number
000000000516,static.inference.policy.server.host,lifecycle_candidate,string
000000000517,meta.created_ts_ns,identity_time_control,number
000000000517,static.inference.policy.server.device,lifecycle_candidate,string
000000000517,static.inference.policy.server.host,lifecycle_candidate,string
000000000518,meta.created_ts_ns,identity_time_control,number
000000000518,static.inference.policy.server.host,lifecycle_candidate,string
000000000519,meta.created_ts_ns,identity_time_control,number
000000000519,static.inference.policy.server.host,lifecycle_candidate,string
000000000520,meta.created_ts_ns,identity_time_control,number
000000000520,static.inference.policy.server.device,lifecycle_candidate,string
000000000520,static.inference.policy.server.host,lifecycle_candidate,string
000000000521,meta.created_ts_ns,identity_time_control,number
000000000521,static.inference.policy.server.host,lifecycle_candidate,string
000000000522,meta.created_ts_ns,identity_time_control,number
000000000522,static.inference.policy.server.host,lifecycle_candidate,string
000000000523,meta.created_ts_ns,identity_time_control,number
000000000523,static.inference.policy.server.device,lifecycle_candidate,string
000000000523,static.inference.policy.server.host,lifecycle_candidate,string
000000000524,meta.created_ts_ns,identity_time_control,number
000000000524,static.inference.policy.server.host,lifecycle_candidate,string
000000000525,meta.created_ts_ns,identity_time_control,number
000000000525,static.inference.policy.server.host,lifecycle_candidate,string
000000000526,meta.created_ts_ns,identity_time_control,number
000000000526,static.inference.policy.server.host,lifecycle_candidate,string
000000000527,meta.created_ts_ns,identity_time_control,number
000000000527,static.inference.policy.server.host,lifecycle_candidate,string
000000000528,meta.created_ts_ns,identity_time_control,number
000000000528,static.inference.policy.server.host,lifecycle_candidate,string
000000000529,meta.created_ts_ns,identity_time_control,number
000000000529,static.inference.policy.server.host,lifecycle_candidate,string
000000000530,meta.created_ts_ns,identity_time_control,number
000000000530,static.inference.policy.server.host,lifecycle_candidate,string
000000000531,meta.created_ts_ns,identity_time_control,number
000000000531,static.inference.policy.server.host,lifecycle_candidate,string
000000000532,meta.created_ts_ns,identity_time_control,number
000000000532,static.inference.policy.server.host,lifecycle_candidate,string
000000000533,meta.created_ts_ns,identity_time_control,number
000000000533,static.inference.policy.server.host,lifecycle_candidate,string
000000000534,meta.created_ts_ns,identity_time_control,number
000000000534,static.inference.policy.server.host,lifecycle_candidate,string
000000000535,meta.created_ts_ns,identity_time_control,number
000000000535,static.inference.policy.server.host,lifecycle_candidate,string
000000000536,meta.created_ts_ns,identity_time_control,number
000000000536,static.inference.policy.server.host,lifecycle_candidate,string
000000000537,meta.created_ts_ns,identity_time_control,number
000000000537,static.inference.policy.server.host,lifecycle_candidate,string
000000000538,meta.created_ts_ns,identity_time_control,number
000000000538,static.inference.policy.server.host,lifecycle_candidate,string
000000000539,meta.created_ts_ns,identity_time_control,number
000000000539,static.inference.policy.server.host,lifecycle_candidate,string
000000000540,meta.created_ts_ns,identity_time_control,number
000000000540,static.inference.policy.server.host,lifecycle_candidate,string
000000000541,meta.created_ts_ns,identity_time_control,number
000000000541,static.inference.policy.server.host,lifecycle_candidate,string
000000000542,meta.created_ts_ns,identity_time_control,number
000000000542,static.inference.policy.server.host,lifecycle_candidate,string
000000000543,meta.created_ts_ns,identity_time_control,number
000000000543,static.inference.policy.server.host,lifecycle_candidate,string
000000000544,meta.created_ts_ns,identity_time_control,number
000000000544,static.inference.policy.server.host,lifecycle_candidate,string
000000000545,meta.created_ts_ns,identity_time_control,number
000000000545,static.inference.policy.server.host,lifecycle_candidate,string
000000000546,meta.created_ts_ns,identity_time_control,number
000000000546,static.inference.policy.server.host,lifecycle_candidate,string
000000000547,meta.created_ts_ns,identity_time_control,number
000000000547,static.inference.policy.server.host,lifecycle_candidate,string
000000000548,meta.created_ts_ns,identity_time_control,number
000000000548,static.inference.policy.server.host,lifecycle_candidate,string
000000000549,meta.created_ts_ns,identity_time_control,number
000000000549,static.inference.policy.server.host,lifecycle_candidate,string
000000000550,meta.created_ts_ns,identity_time_control,number
000000000550,static.inference.policy.server.host,lifecycle_candidate,string
000000000551,meta.created_ts_ns,identity_time_control,number
000000000551,static.inference.policy.server.host,lifecycle_candidate,string
000000000552,meta.created_ts_ns,identity_time_control,number
000000000552,static.inference.policy.server.host,lifecycle_candidate,string
000000000553,meta.created_ts_ns,identity_time_control,number
000000000553,static.inference.policy.server.host,lifecycle_candidate,string
000000000554,meta.created_ts_ns,identity_time_control,number
000000000554,static.inference.policy.server.host,lifecycle_candidate,string
000000000555,meta.created_ts_ns,identity_time_control,number
000000000555,static.inference.policy.server.host,lifecycle_candidate,string
000000000556,meta.created_ts_ns,identity_time_control,number
000000000556,static.inference.policy.server.host,lifecycle_candidate,string
000000000557,meta.created_ts_ns,identity_time_control,number
000000000557,static.inference.policy.server.host,lifecycle_candidate,string
000000000558,meta.created_ts_ns,identity_time_control,number
000000000558,static.inference.policy.server.host,lifecycle_candidate,string
000000000559,meta.created_ts_ns,identity_time_control,number
000000000559,static.inference.policy.server.host,lifecycle_candidate,string
000000000560,meta.created_ts_ns,identity_time_control,number
000000000560,static.inference.policy.server.host,lifecycle_candidate,string
000000000561,meta.created_ts_ns,identity_time_control,number
000000000561,static.inference.policy.server.host,lifecycle_candidate,string
000000000562,meta.created_ts_ns,identity_time_control,number
000000000562,static.inference.policy.server.host,lifecycle_candidate,string
000000000563,meta.created_ts_ns,identity_time_control,number
000000000563,static.inference.policy.server.host,lifecycle_candidate,string
000000000564,meta.created_ts_ns,identity_time_control,number
000000000564,static.inference.policy.server.host,lifecycle_candidate,string
000000000565,meta.created_ts_ns,identity_time_control,number
000000000565,static.inference.policy.server.host,lifecycle_candidate,string
000000000566,meta.created_ts_ns,identity_time_control,number
000000000566,static.inference.policy.server.host,lifecycle_candidate,string
000000000567,meta.created_ts_ns,identity_time_control,number
000000000567,static.inference.policy.server.host,lifecycle_candidate,string
000000000568,meta.created_ts_ns,identity_time_control,number
000000000568,static.inference.policy.server.host,lifecycle_candidate,string
000000000569,meta.created_ts_ns,identity_time_control,number
000000000569,static.inference.policy.server.host,lifecycle_candidate,string
000000000570,meta.created_ts_ns,identity_time_control,number
000000000570,static.inference.policy.server.host,lifecycle_candidate,string
000000000571,meta.created_ts_ns,identity_time_control,number
000000000571,static.inference.policy.server.host,lifecycle_candidate,string
000000000572,meta.created_ts_ns,identity_time_control,number
000000000572,static.inference.policy.server.host,lifecycle_candidate,string
000000000573,meta.created_ts_ns,identity_time_control,number
000000000573,static.inference.policy.server.host,lifecycle_candidate,string
000000000574,meta.created_ts_ns,identity_time_control,number
000000000574,static.inference.policy.server.host,lifecycle_candidate,string
000000000575,meta.created_ts_ns,identity_time_control,number
000000000575,static.inference.policy.server.host,lifecycle_candidate,string
000000000576,meta.created_ts_ns,identity_time_control,number
000000000576,static.inference.policy.server.host,lifecycle_candidate,string
000000000577,meta.created_ts_ns,identity_time_control,number
000000000577,static.inference.policy.server.host,lifecycle_candidate,string
000000000578,meta.created_ts_ns,identity_time_control,number
000000000578,static.inference.policy.server.host,lifecycle_candidate,string
000000000579,meta.created_ts_ns,identity_time_control,number
000000000579,static.inference.policy.server.host,lifecycle_candidate,string
000000000580,meta.created_ts_ns,identity_time_control,number
000000000580,static.inference.policy.server.host,lifecycle_candidate,string
000000000581,meta.created_ts_ns,identity_time_control,number
000000000581,static.inference.policy.server.host,lifecycle_candidate,string
000000000582,meta.created_ts_ns,identity_time_control,number
000000000582,static.inference.policy.server.host,lifecycle_candidate,string
000000000583,meta.created_ts_ns,identity_time_control,number
000000000583,static.inference.policy.server.host,lifecycle_candidate,string
000000000584,meta.created_ts_ns,identity_time_control,number
000000000584,static.inference.policy.server.host,lifecycle_candidate,string
000000000585,meta.created_ts_ns,identity_time_control,number
000000000585,static.inference.policy.server.host,lifecycle_candidate,string
000000000586,meta.created_ts_ns,identity_time_control,number
000000000586,static.inference.policy.server.host,lifecycle_candidate,string
000000000587,meta.created_ts_ns,identity_time_control,number
000000000587,static.inference.policy.server.host,lifecycle_candidate,string
000000000588,meta.created_ts_ns,identity_time_control,number
000000000588,static.inference.policy.server.host,lifecycle_candidate,string
000000000589,meta.created_ts_ns,identity_time_control,number
000000000589,static.inference.policy.server.host,lifecycle_candidate,string
000000000590,meta.created_ts_ns,identity_time_control,number
000000000590,static.inference.policy.server.host,lifecycle_candidate,string
000000000591,meta.created_ts_ns,identity_time_control,number
000000000591,static.inference.policy.server.host,lifecycle_candidate,string
000000000592,meta.created_ts_ns,identity_time_control,number
000000000592,static.inference.policy.server.host,lifecycle_candidate,string
000000000593,meta.created_ts_ns,identity_time_control,number
000000000593,static.inference.policy.server.host,lifecycle_candidate,string
