episode_id,key_path,category,node_type
000000000000,static.joint_names,home_field_candidate,array
000000000000,static.joint_signal,home_field_candidate,string
000000000000,static.pose_signals,home_field_candidate,array
000000000001,static.joint_names,home_field_candidate,array
000000000001,static.joint_signal,home_field_candidate,string
000000000001,static.pose_signals,home_field_candidate,array
000000000002,static.joint_names,home_field_candidate,array
000000000002,static.joint_signal,home_field_candidate,string
000000000002,static.pose_signals,home_field_candidate,array
000000000003,static.joint_names,home_field_candidate,array
000000000003,static.joint_signal,home_field_candidate,string
000000000003,static.pose_signals,home_field_candidate,array
000000000004,static.joint_names,home_field_candidate,array
000000000004,static.joint_signal,home_field_candidate,string
000000000004,static.pose_signals,home_field_candidate,array
000000000005,static.joint_names,home_field_candidate,array
000000000005,static.joint_signal,home_field_candidate,string
000000000005,static.pose_signals,home_field_candidate,array
000000000006,static.joint_names,home_field_candidate,array
000000000006,static.joint_signal,home_field_candidate,string
000000000006,static.pose_signals,home_field_candidate,array
000000000007,static.joint_names,home_field_candidate,array
000000000007,static.joint_signal,home_field_candidate,string
000000000007,static.pose_signals,home_field_candidate,array
000000000008,static.joint_names,home_field_candidate,array
000000000008,static.joint_signal,home_field_candidate,string
000000000008,static.pose_signals,home_field_candidate,array
000000000009,static.joint_names,home_field_candidate,array
000000000009,static.joint_signal,home_field_candidate,string
000000000009,static.pose_signals,home_field_candidate,array
000000000010,static.joint_names,home_field_candidate,array
000000000010,static.joint_signal,home_field_candidate,string
000000000010,static.pose_signals,home_field_candidate,array
000000000011,static.joint_names,home_field_candidate,array
000000000011,static.joint_signal,home_field_candidate,string
000000000011,static.pose_signals,home_field_candidate,array
000000000012,static.joint_names,home_field_candidate,array
000000000012,static.joint_signal,home_field_candidate,string
000000000012,static.pose_signals,home_field_candidate,array
000000000013,static.joint_names,home_field_candidate,array
000000000013,static.joint_signal,home_field_candidate,string
000000000013,static.pose_signals,home_field_candidate,array
000000000014,static.joint_names,home_field_candidate,array
000000000014,static.joint_signal,home_field_candidate,string
000000000014,static.pose_signals,home_field_candidate,array
000000000015,static.joint_names,home_field_candidate,array
000000000015,static.joint_signal,home_field_candidate,string
000000000015,static.pose_signals,home_field_candidate,array
000000000016,static.joint_names,home_field_candidate,array
000000000016,static.joint_signal,home_field_candidate,string
000000000016,static.pose_signals,home_field_candidate,array
000000000017,static.joint_names,home_field_candidate,array
000000000017,static.joint_signal,home_field_candidate,string
000000000017,static.pose_signals,home_field_candidate,array
000000000018,static.joint_names,home_field_candidate,array
000000000018,static.joint_signal,home_field_candidate,string
000000000018,static.pose_signals,home_field_candidate,array
000000000019,static.joint_names,home_field_candidate,array
000000000019,static.joint_signal,home_field_candidate,string
000000000019,static.pose_signals,home_field_candidate,array
000000000020,static.joint_names,home_field_candidate,array
000000000020,static.joint_signal,home_field_candidate,string
000000000020,static.pose_signals,home_field_candidate,array
000000000021,static.joint_names,home_field_candidate,array
000000000021,static.joint_signal,home_field_candidate,string
000000000021,static.pose_signals,home_field_candidate,array
000000000022,static.joint_names,home_field_candidate,array
000000000022,static.joint_signal,home_field_candidate,string
000000000022,static.pose_signals,home_field_candidate,array
000000000023,static.joint_names,home_field_candidate,array
000000000023,static.joint_signal,home_field_candidate,string
000000000023,static.pose_signals,home_field_candidate,array
000000000024,static.joint_names,home_field_candidate,array
000000000024,static.joint_signal,home_field_candidate,string
000000000024,static.pose_signals,home_field_candidate,array
000000000025,static.joint_names,home_field_candidate,array
000000000025,static.joint_signal,home_field_candidate,string
000000000025,static.pose_signals,home_field_candidate,array
000000000026,static.joint_names,home_field_candidate,array
000000000026,static.joint_signal,home_field_candidate,string
000000000026,static.pose_signals,home_field_candidate,array
000000000027,static.joint_names,home_field_candidate,array
000000000027,static.joint_signal,home_field_candidate,string
000000000027,static.pose_signals,home_field_candidate,array
000000000028,static.joint_names,home_field_candidate,array
000000000028,static.joint_signal,home_field_candidate,string
000000000028,static.pose_signals,home_field_candidate,array
000000000029,static.joint_names,home_field_candidate,array
000000000029,static.joint_signal,home_field_candidate,string
000000000029,static.pose_signals,home_field_candidate,array
000000000030,static.joint_names,home_field_candidate,array
000000000030,static.joint_signal,home_field_candidate,string
000000000030,static.pose_signals,home_field_candidate,array
000000000031,static.joint_names,home_field_candidate,array
000000000031,static.joint_signal,home_field_candidate,string
000000000031,static.pose_signals,home_field_candidate,array
000000000032,static.joint_names,home_field_candidate,array
000000000032,static.joint_signal,home_field_candidate,string
000000000032,static.pose_signals,home_field_candidate,array
000000000033,static.joint_names,home_field_candidate,array
000000000033,static.joint_signal,home_field_candidate,string
000000000033,static.pose_signals,home_field_candidate,array
000000000034,static.joint_names,home_field_candidate,array
000000000034,static.joint_signal,home_field_candidate,string
000000000034,static.pose_signals,home_field_candidate,array
000000000035,static.joint_names,home_field_candidate,array
000000000035,static.joint_signal,home_field_candidate,string
000000000035,static.pose_signals,home_field_candidate,array
000000000036,static.joint_names,home_field_candidate,array
000000000036,static.joint_signal,home_field_candidate,string
000000000036,static.pose_signals,home_field_candidate,array
000000000037,static.joint_names,home_field_candidate,array
000000000037,static.joint_signal,home_field_candidate,string
000000000037,static.pose_signals,home_field_candidate,array
000000000038,static.joint_names,home_field_candidate,array
000000000038,static.joint_signal,home_field_candidate,string
000000000038,static.pose_signals,home_field_candidate,array
000000000039,static.joint_names,home_field_candidate,array
000000000039,static.joint_signal,home_field_candidate,string
000000000039,static.pose_signals,home_field_candidate,array
000000000040,static.joint_names,home_field_candidate,array
000000000040,static.joint_signal,home_field_candidate,string
000000000040,static.pose_signals,home_field_candidate,array
000000000041,static.joint_names,home_field_candidate,array
000000000041,static.joint_signal,home_field_candidate,string
000000000041,static.pose_signals,home_field_candidate,array
000000000042,static.joint_names,home_field_candidate,array
000000000042,static.joint_signal,home_field_candidate,string
000000000042,static.pose_signals,home_field_candidate,array
000000000043,static.joint_names,home_field_candidate,array
000000000043,static.joint_signal,home_field_candidate,string
000000000043,static.pose_signals,home_field_candidate,array
000000000044,static.joint_names,home_field_candidate,array
000000000044,static.joint_signal,home_field_candidate,string
000000000044,static.pose_signals,home_field_candidate,array
000000000045,static.joint_names,home_field_candidate,array
000000000045,static.joint_signal,home_field_candidate,string
000000000045,static.pose_signals,home_field_candidate,array
000000000046,static.joint_names,home_field_candidate,array
000000000046,static.joint_signal,home_field_candidate,string
000000000046,static.pose_signals,home_field_candidate,array
000000000047,static.joint_names,home_field_candidate,array
000000000047,static.joint_signal,home_field_candidate,string
000000000047,static.pose_signals,home_field_candidate,array
000000000048,static.joint_names,home_field_candidate,array
000000000048,static.joint_signal,home_field_candidate,string
000000000048,static.pose_signals,home_field_candidate,array
000000000049,static.joint_names,home_field_candidate,array
000000000049,static.joint_signal,home_field_candidate,string
000000000049,static.pose_signals,home_field_candidate,array
000000000050,static.joint_names,home_field_candidate,array
000000000050,static.joint_signal,home_field_candidate,string
000000000050,static.pose_signals,home_field_candidate,array
000000000051,static.joint_names,home_field_candidate,array
000000000051,static.joint_signal,home_field_candidate,string
000000000051,static.pose_signals,home_field_candidate,array
000000000052,static.joint_names,home_field_candidate,array
000000000052,static.joint_signal,home_field_candidate,string
000000000052,static.pose_signals,home_field_candidate,array
000000000053,static.joint_names,home_field_candidate,array
000000000053,static.joint_signal,home_field_candidate,string
000000000053,static.pose_signals,home_field_candidate,array
000000000054,static.joint_names,home_field_candidate,array
000000000054,static.joint_signal,home_field_candidate,string
000000000054,static.pose_signals,home_field_candidate,array
000000000055,static.joint_names,home_field_candidate,array
000000000055,static.joint_signal,home_field_candidate,string
000000000055,static.pose_signals,home_field_candidate,array
000000000056,static.joint_names,home_field_candidate,array
000000000056,static.joint_signal,home_field_candidate,string
000000000056,static.pose_signals,home_field_candidate,array
000000000057,static.joint_names,home_field_candidate,array
000000000057,static.joint_signal,home_field_candidate,string
000000000057,static.pose_signals,home_field_candidate,array
000000000058,static.joint_names,home_field_candidate,array
000000000058,static.joint_signal,home_field_candidate,string
000000000058,static.pose_signals,home_field_candidate,array
000000000059,static.joint_names,home_field_candidate,array
000000000059,static.joint_signal,home_field_candidate,string
000000000059,static.pose_signals,home_field_candidate,array
000000000060,static.joint_names,home_field_candidate,array
000000000060,static.joint_signal,home_field_candidate,string
000000000060,static.pose_signals,home_field_candidate,array
000000000061,static.joint_names,home_field_candidate,array
000000000061,static.joint_signal,home_field_candidate,string
000000000061,static.pose_signals,home_field_candidate,array
000000000062,static.joint_names,home_field_candidate,array
000000000062,static.joint_signal,home_field_candidate,string
000000000062,static.pose_signals,home_field_candidate,array
000000000063,static.joint_names,home_field_candidate,array
000000000063,static.joint_signal,home_field_candidate,string
000000000063,static.pose_signals,home_field_candidate,array
000000000064,static.joint_names,home_field_candidate,array
000000000064,static.joint_signal,home_field_candidate,string
000000000064,static.pose_signals,home_field_candidate,array
000000000065,static.joint_names,home_field_candidate,array
000000000065,static.joint_signal,home_field_candidate,string
000000000065,static.pose_signals,home_field_candidate,array
000000000066,static.joint_names,home_field_candidate,array
000000000066,static.joint_signal,home_field_candidate,string
000000000066,static.pose_signals,home_field_candidate,array
000000000067,static.joint_names,home_field_candidate,array
000000000067,static.joint_signal,home_field_candidate,string
000000000067,static.pose_signals,home_field_candidate,array
000000000068,static.joint_names,home_field_candidate,array
000000000068,static.joint_signal,home_field_candidate,string
000000000068,static.pose_signals,home_field_candidate,array
000000000069,static.joint_names,home_field_candidate,array
000000000069,static.joint_signal,home_field_candidate,string
000000000069,static.pose_signals,home_field_candidate,array
000000000070,static.joint_names,home_field_candidate,array
000000000070,static.joint_signal,home_field_candidate,string
000000000070,static.pose_signals,home_field_candidate,array
000000000071,static.joint_names,home_field_candidate,array
000000000071,static.joint_signal,home_field_candidate,string
000000000071,static.pose_signals,home_field_candidate,array
000000000072,static.joint_names,home_field_candidate,array
000000000072,static.joint_signal,home_field_candidate,string
000000000072,static.pose_signals,home_field_candidate,array
000000000073,static.joint_names,home_field_candidate,array
000000000073,static.joint_signal,home_field_candidate,string
000000000073,static.pose_signals,home_field_candidate,array
000000000074,static.joint_names,home_field_candidate,array
000000000074,static.joint_signal,home_field_candidate,string
000000000074,static.pose_signals,home_field_candidate,array
000000000075,static.joint_names,home_field_candidate,array
000000000075,static.joint_signal,home_field_candidate,string
000000000075,static.pose_signals,home_field_candidate,array
000000000076,static.joint_names,home_field_candidate,array
000000000076,static.joint_signal,home_field_candidate,string
000000000076,static.pose_signals,home_field_candidate,array
000000000077,static.joint_names,home_field_candidate,array
000000000077,static.joint_signal,home_field_candidate,string
000000000077,static.pose_signals,home_field_candidate,array
000000000078,static.joint_names,home_field_candidate,array
000000000078,static.joint_signal,home_field_candidate,string
000000000078,static.pose_signals,home_field_candidate,array
000000000079,static.joint_names,home_field_candidate,array
000000000079,static.joint_signal,home_field_candidate,string
000000000079,static.pose_signals,home_field_candidate,array
000000000080,static.joint_names,home_field_candidate,array
000000000080,static.joint_signal,home_field_candidate,string
000000000080,static.pose_signals,home_field_candidate,array
000000000081,static.joint_names,home_field_candidate,array
000000000081,static.joint_signal,home_field_candidate,string
000000000081,static.pose_signals,home_field_candidate,array
000000000082,static.joint_names,home_field_candidate,array
000000000082,static.joint_signal,home_field_candidate,string
000000000082,static.pose_signals,home_field_candidate,array
000000000083,static.joint_names,home_field_candidate,array
000000000083,static.joint_signal,home_field_candidate,string
000000000083,static.pose_signals,home_field_candidate,array
000000000084,static.joint_names,home_field_candidate,array
000000000084,static.joint_signal,home_field_candidate,string
000000000084,static.pose_signals,home_field_candidate,array
000000000085,static.joint_names,home_field_candidate,array
000000000085,static.joint_signal,home_field_candidate,string
000000000085,static.pose_signals,home_field_candidate,array
000000000086,static.joint_names,home_field_candidate,array
000000000086,static.joint_signal,home_field_candidate,string
000000000086,static.pose_signals,home_field_candidate,array
000000000087,static.joint_names,home_field_candidate,array
000000000087,static.joint_signal,home_field_candidate,string
000000000087,static.pose_signals,home_field_candidate,array
000000000088,static.joint_names,home_field_candidate,array
000000000088,static.joint_signal,home_field_candidate,string
000000000088,static.pose_signals,home_field_candidate,array
000000000089,static.joint_names,home_field_candidate,array
000000000089,static.joint_signal,home_field_candidate,string
000000000089,static.pose_signals,home_field_candidate,array
000000000090,static.joint_names,home_field_candidate,array
000000000090,static.joint_signal,home_field_candidate,string
000000000090,static.pose_signals,home_field_candidate,array
000000000091,static.joint_names,home_field_candidate,array
000000000091,static.joint_signal,home_field_candidate,string
000000000091,static.pose_signals,home_field_candidate,array
000000000092,static.joint_names,home_field_candidate,array
000000000092,static.joint_signal,home_field_candidate,string
000000000092,static.pose_signals,home_field_candidate,array
000000000093,static.joint_names,home_field_candidate,array
000000000093,static.joint_signal,home_field_candidate,string
000000000093,static.pose_signals,home_field_candidate,array
000000000094,static.joint_names,home_field_candidate,array
000000000094,static.joint_signal,home_field_candidate,string
000000000094,static.pose_signals,home_field_candidate,array
000000000095,static.joint_names,home_field_candidate,array
000000000095,static.joint_signal,home_field_candidate,string
000000000095,static.pose_signals,home_field_candidate,array
000000000096,static.joint_names,home_field_candidate,array
000000000096,static.joint_signal,home_field_candidate,string
000000000096,static.pose_signals,home_field_candidate,array
000000000097,static.joint_names,home_field_candidate,array
000000000097,static.joint_signal,home_field_candidate,string
000000000097,static.pose_signals,home_field_candidate,array
000000000098,static.joint_names,home_field_candidate,array
000000000098,static.joint_signal,home_field_candidate,string
000000000098,static.pose_signals,home_field_candidate,array
000000000099,static.joint_names,home_field_candidate,array
000000000099,static.joint_signal,home_field_candidate,string
000000000099,static.pose_signals,home_field_candidate,array
000000000100,static.joint_names,home_field_candidate,array
000000000100,static.joint_signal,home_field_candidate,string
000000000100,static.pose_signals,home_field_candidate,array
000000000101,static.joint_names,home_field_candidate,array
000000000101,static.joint_signal,home_field_candidate,string
000000000101,static.pose_signals,home_field_candidate,array
000000000102,static.joint_names,home_field_candidate,array
000000000102,static.joint_signal,home_field_candidate,string
000000000102,static.pose_signals,home_field_candidate,array
000000000103,static.joint_names,home_field_candidate,array
000000000103,static.joint_signal,home_field_candidate,string
000000000103,static.pose_signals,home_field_candidate,array
000000000104,static.joint_names,home_field_candidate,array
000000000104,static.joint_signal,home_field_candidate,string
000000000104,static.pose_signals,home_field_candidate,array
000000000105,static.joint_names,home_field_candidate,array
000000000105,static.joint_signal,home_field_candidate,string
000000000105,static.pose_signals,home_field_candidate,array
000000000106,static.joint_names,home_field_candidate,array
000000000106,static.joint_signal,home_field_candidate,string
000000000106,static.pose_signals,home_field_candidate,array
000000000107,static.joint_names,home_field_candidate,array
000000000107,static.joint_signal,home_field_candidate,string
000000000107,static.pose_signals,home_field_candidate,array
000000000108,static.joint_names,home_field_candidate,array
000000000108,static.joint_signal,home_field_candidate,string
000000000108,static.pose_signals,home_field_candidate,array
000000000109,static.joint_names,home_field_candidate,array
000000000109,static.joint_signal,home_field_candidate,string
000000000109,static.pose_signals,home_field_candidate,array
000000000110,static.joint_names,home_field_candidate,array
000000000110,static.joint_signal,home_field_candidate,string
000000000110,static.pose_signals,home_field_candidate,array
000000000111,static.joint_names,home_field_candidate,array
000000000111,static.joint_signal,home_field_candidate,string
000000000111,static.pose_signals,home_field_candidate,array
000000000112,static.joint_names,home_field_candidate,array
000000000112,static.joint_signal,home_field_candidate,string
000000000112,static.pose_signals,home_field_candidate,array
000000000113,static.joint_names,home_field_candidate,array
000000000113,static.joint_signal,home_field_candidate,string
000000000113,static.pose_signals,home_field_candidate,array
000000000114,static.joint_names,home_field_candidate,array
000000000114,static.joint_signal,home_field_candidate,string
000000000114,static.pose_signals,home_field_candidate,array
000000000115,static.joint_names,home_field_candidate,array
000000000115,static.joint_signal,home_field_candidate,string
000000000115,static.pose_signals,home_field_candidate,array
000000000116,static.joint_names,home_field_candidate,array
000000000116,static.joint_signal,home_field_candidate,string
000000000116,static.pose_signals,home_field_candidate,array
000000000117,static.joint_names,home_field_candidate,array
000000000117,static.joint_signal,home_field_candidate,string
000000000117,static.pose_signals,home_field_candidate,array
000000000118,static.joint_names,home_field_candidate,array
000000000118,static.joint_signal,home_field_candidate,string
000000000118,static.pose_signals,home_field_candidate,array
000000000119,static.joint_names,home_field_candidate,array
000000000119,static.joint_signal,home_field_candidate,string
000000000119,static.pose_signals,home_field_candidate,array
000000000120,static.joint_names,home_field_candidate,array
000000000120,static.joint_signal,home_field_candidate,string
000000000120,static.pose_signals,home_field_candidate,array
000000000121,static.joint_names,home_field_candidate,array
000000000121,static.joint_signal,home_field_candidate,string
000000000121,static.pose_signals,home_field_candidate,array
000000000122,static.joint_names,home_field_candidate,array
000000000122,static.joint_signal,home_field_candidate,string
000000000122,static.pose_signals,home_field_candidate,array
000000000123,static.joint_names,home_field_candidate,array
000000000123,static.joint_signal,home_field_candidate,string
000000000123,static.pose_signals,home_field_candidate,array
000000000124,static.joint_names,home_field_candidate,array
000000000124,static.joint_signal,home_field_candidate,string
000000000124,static.pose_signals,home_field_candidate,array
000000000125,static.joint_names,home_field_candidate,array
000000000125,static.joint_signal,home_field_candidate,string
000000000125,static.pose_signals,home_field_candidate,array
000000000126,static.joint_names,home_field_candidate,array
000000000126,static.joint_signal,home_field_candidate,string
000000000126,static.pose_signals,home_field_candidate,array
000000000127,static.joint_names,home_field_candidate,array
000000000127,static.joint_signal,home_field_candidate,string
000000000127,static.pose_signals,home_field_candidate,array
000000000128,static.joint_names,home_field_candidate,array
000000000128,static.joint_signal,home_field_candidate,string
000000000128,static.pose_signals,home_field_candidate,array
000000000129,static.joint_names,home_field_candidate,array
000000000129,static.joint_signal,home_field_candidate,string
000000000129,static.pose_signals,home_field_candidate,array
000000000130,static.joint_names,home_field_candidate,array
000000000130,static.joint_signal,home_field_candidate,string
000000000130,static.pose_signals,home_field_candidate,array
000000000131,static.joint_names,home_field_candidate,array
000000000131,static.joint_signal,home_field_candidate,string
000000000131,static.pose_signals,home_field_candidate,array
000000000132,static.joint_names,home_field_candidate,array
000000000132,static.joint_signal,home_field_candidate,string
000000000132,static.pose_signals,home_field_candidate,array
000000000133,static.joint_names,home_field_candidate,array
000000000133,static.joint_signal,home_field_candidate,string
000000000133,static.pose_signals,home_field_candidate,array
000000000134,static.joint_names,home_field_candidate,array
000000000134,static.joint_signal,home_field_candidate,string
000000000134,static.pose_signals,home_field_candidate,array
000000000135,static.joint_names,home_field_candidate,array
000000000135,static.joint_signal,home_field_candidate,string
000000000135,static.pose_signals,home_field_candidate,array
000000000136,static.joint_names,home_field_candidate,array
000000000136,static.joint_signal,home_field_candidate,string
000000000136,static.pose_signals,home_field_candidate,array
000000000137,static.joint_names,home_field_candidate,array
000000000137,static.joint_signal,home_field_candidate,string
000000000137,static.pose_signals,home_field_candidate,array
000000000138,static.joint_names,home_field_candidate,array
000000000138,static.joint_signal,home_field_candidate,string
000000000138,static.pose_signals,home_field_candidate,array
000000000139,static.joint_names,home_field_candidate,array
000000000139,static.joint_signal,home_field_candidate,string
000000000139,static.pose_signals,home_field_candidate,array
000000000140,static.joint_names,home_field_candidate,array
000000000140,static.joint_signal,home_field_candidate,string
000000000140,static.pose_signals,home_field_candidate,array
000000000141,static.joint_names,home_field_candidate,array
000000000141,static.joint_signal,home_field_candidate,string
000000000141,static.pose_signals,home_field_candidate,array
000000000142,static.joint_names,home_field_candidate,array
000000000142,static.joint_signal,home_field_candidate,string
000000000142,static.pose_signals,home_field_candidate,array
000000000143,static.joint_names,home_field_candidate,array
000000000143,static.joint_signal,home_field_candidate,string
000000000143,static.pose_signals,home_field_candidate,array
000000000144,static.joint_names,home_field_candidate,array
000000000144,static.joint_signal,home_field_candidate,string
000000000144,static.pose_signals,home_field_candidate,array
000000000145,static.joint_names,home_field_candidate,array
000000000145,static.joint_signal,home_field_candidate,string
000000000145,static.pose_signals,home_field_candidate,array
000000000146,static.joint_names,home_field_candidate,array
000000000146,static.joint_signal,home_field_candidate,string
000000000146,static.pose_signals,home_field_candidate,array
000000000147,static.joint_names,home_field_candidate,array
000000000147,static.joint_signal,home_field_candidate,string
000000000147,static.pose_signals,home_field_candidate,array
000000000148,static.joint_names,home_field_candidate,array
000000000148,static.joint_signal,home_field_candidate,string
000000000148,static.pose_signals,home_field_candidate,array
000000000149,static.joint_names,home_field_candidate,array
000000000149,static.joint_signal,home_field_candidate,string
000000000149,static.pose_signals,home_field_candidate,array
000000000150,static.joint_names,home_field_candidate,array
000000000150,static.joint_signal,home_field_candidate,string
000000000150,static.pose_signals,home_field_candidate,array
000000000151,static.joint_names,home_field_candidate,array
000000000151,static.joint_signal,home_field_candidate,string
000000000151,static.pose_signals,home_field_candidate,array
000000000152,static.joint_names,home_field_candidate,array
000000000152,static.joint_signal,home_field_candidate,string
000000000152,static.pose_signals,home_field_candidate,array
000000000153,static.joint_names,home_field_candidate,array
000000000153,static.joint_signal,home_field_candidate,string
000000000153,static.pose_signals,home_field_candidate,array
000000000154,static.joint_names,home_field_candidate,array
000000000154,static.joint_signal,home_field_candidate,string
000000000154,static.pose_signals,home_field_candidate,array
000000000155,static.joint_names,home_field_candidate,array
000000000155,static.joint_signal,home_field_candidate,string
000000000155,static.pose_signals,home_field_candidate,array
000000000156,static.joint_names,home_field_candidate,array
000000000156,static.joint_signal,home_field_candidate,string
000000000156,static.pose_signals,home_field_candidate,array
000000000157,static.joint_names,home_field_candidate,array
000000000157,static.joint_signal,home_field_candidate,string
000000000157,static.pose_signals,home_field_candidate,array
000000000158,static.joint_names,home_field_candidate,array
000000000158,static.joint_signal,home_field_candidate,string
000000000158,static.pose_signals,home_field_candidate,array
000000000159,static.joint_names,home_field_candidate,array
000000000159,static.joint_signal,home_field_candidate,string
000000000159,static.pose_signals,home_field_candidate,array
000000000160,static.joint_names,home_field_candidate,array
000000000160,static.joint_signal,home_field_candidate,string
000000000160,static.pose_signals,home_field_candidate,array
000000000161,static.joint_names,home_field_candidate,array
000000000161,static.joint_signal,home_field_candidate,string
000000000161,static.pose_signals,home_field_candidate,array
000000000162,static.joint_names,home_field_candidate,array
000000000162,static.joint_signal,home_field_candidate,string
000000000162,static.pose_signals,home_field_candidate,array
000000000163,static.joint_names,home_field_candidate,array
000000000163,static.joint_signal,home_field_candidate,string
000000000163,static.pose_signals,home_field_candidate,array
000000000164,static.joint_names,home_field_candidate,array
000000000164,static.joint_signal,home_field_candidate,string
000000000164,static.pose_signals,home_field_candidate,array
000000000165,static.joint_names,home_field_candidate,array
000000000165,static.joint_signal,home_field_candidate,string
000000000165,static.pose_signals,home_field_candidate,array
000000000166,static.joint_names,home_field_candidate,array
000000000166,static.joint_signal,home_field_candidate,string
000000000166,static.pose_signals,home_field_candidate,array
000000000167,static.joint_names,home_field_candidate,array
000000000167,static.joint_signal,home_field_candidate,string
000000000167,static.pose_signals,home_field_candidate,array
000000000168,static.joint_names,home_field_candidate,array
000000000168,static.joint_signal,home_field_candidate,string
000000000168,static.pose_signals,home_field_candidate,array
000000000169,static.joint_names,home_field_candidate,array
000000000169,static.joint_signal,home_field_candidate,string
000000000169,static.pose_signals,home_field_candidate,array
000000000170,static.joint_names,home_field_candidate,array
000000000170,static.joint_signal,home_field_candidate,string
000000000170,static.pose_signals,home_field_candidate,array
000000000171,static.joint_names,home_field_candidate,array
000000000171,static.joint_signal,home_field_candidate,string
000000000171,static.pose_signals,home_field_candidate,array
000000000172,static.joint_names,home_field_candidate,array
000000000172,static.joint_signal,home_field_candidate,string
000000000172,static.pose_signals,home_field_candidate,array
000000000173,static.joint_names,home_field_candidate,array
000000000173,static.joint_signal,home_field_candidate,string
000000000173,static.pose_signals,home_field_candidate,array
000000000174,static.joint_names,home_field_candidate,array
000000000174,static.joint_signal,home_field_candidate,string
000000000174,static.pose_signals,home_field_candidate,array
000000000175,static.joint_names,home_field_candidate,array
000000000175,static.joint_signal,home_field_candidate,string
000000000175,static.pose_signals,home_field_candidate,array
000000000176,static.joint_names,home_field_candidate,array
000000000176,static.joint_signal,home_field_candidate,string
000000000176,static.pose_signals,home_field_candidate,array
000000000177,static.joint_names,home_field_candidate,array
000000000177,static.joint_signal,home_field_candidate,string
000000000177,static.pose_signals,home_field_candidate,array
000000000178,static.joint_names,home_field_candidate,array
000000000178,static.joint_signal,home_field_candidate,string
000000000178,static.pose_signals,home_field_candidate,array
000000000179,static.joint_names,home_field_candidate,array
000000000179,static.joint_signal,home_field_candidate,string
000000000179,static.pose_signals,home_field_candidate,array
000000000180,static.joint_names,home_field_candidate,array
000000000180,static.joint_signal,home_field_candidate,string
000000000180,static.pose_signals,home_field_candidate,array
000000000181,static.joint_names,home_field_candidate,array
000000000181,static.joint_signal,home_field_candidate,string
000000000181,static.pose_signals,home_field_candidate,array
000000000182,static.joint_names,home_field_candidate,array
000000000182,static.joint_signal,home_field_candidate,string
000000000182,static.pose_signals,home_field_candidate,array
000000000183,static.joint_names,home_field_candidate,array
000000000183,static.joint_signal,home_field_candidate,string
000000000183,static.pose_signals,home_field_candidate,array
000000000184,static.joint_names,home_field_candidate,array
000000000184,static.joint_signal,home_field_candidate,string
000000000184,static.pose_signals,home_field_candidate,array
000000000185,static.joint_names,home_field_candidate,array
000000000185,static.joint_signal,home_field_candidate,string
000000000185,static.pose_signals,home_field_candidate,array
000000000186,static.joint_names,home_field_candidate,array
000000000186,static.joint_signal,home_field_candidate,string
000000000186,static.pose_signals,home_field_candidate,array
000000000187,static.joint_names,home_field_candidate,array
000000000187,static.joint_signal,home_field_candidate,string
000000000187,static.pose_signals,home_field_candidate,array
000000000188,static.joint_names,home_field_candidate,array
000000000188,static.joint_signal,home_field_candidate,string
000000000188,static.pose_signals,home_field_candidate,array
000000000189,static.joint_names,home_field_candidate,array
000000000189,static.joint_signal,home_field_candidate,string
000000000189,static.pose_signals,home_field_candidate,array
000000000190,static.joint_names,home_field_candidate,array
000000000190,static.joint_signal,home_field_candidate,string
000000000190,static.pose_signals,home_field_candidate,array
000000000191,static.joint_names,home_field_candidate,array
000000000191,static.joint_signal,home_field_candidate,string
000000000191,static.pose_signals,home_field_candidate,array
000000000192,static.joint_names,home_field_candidate,array
000000000192,static.joint_signal,home_field_candidate,string
000000000192,static.pose_signals,home_field_candidate,array
000000000193,static.joint_names,home_field_candidate,array
000000000193,static.joint_signal,home_field_candidate,string
000000000193,static.pose_signals,home_field_candidate,array
000000000194,static.joint_names,home_field_candidate,array
000000000194,static.joint_signal,home_field_candidate,string
000000000194,static.pose_signals,home_field_candidate,array
000000000195,static.joint_names,home_field_candidate,array
000000000195,static.joint_signal,home_field_candidate,string
000000000195,static.pose_signals,home_field_candidate,array
000000000196,static.joint_names,home_field_candidate,array
000000000196,static.joint_signal,home_field_candidate,string
000000000196,static.pose_signals,home_field_candidate,array
000000000197,static.joint_names,home_field_candidate,array
000000000197,static.joint_signal,home_field_candidate,string
000000000197,static.pose_signals,home_field_candidate,array
000000000198,static.joint_names,home_field_candidate,array
000000000198,static.joint_signal,home_field_candidate,string
000000000198,static.pose_signals,home_field_candidate,array
000000000199,static.joint_names,home_field_candidate,array
000000000199,static.joint_signal,home_field_candidate,string
000000000199,static.pose_signals,home_field_candidate,array
000000000200,static.joint_names,home_field_candidate,array
000000000200,static.joint_signal,home_field_candidate,string
000000000200,static.pose_signals,home_field_candidate,array
000000000201,static.joint_names,home_field_candidate,array
000000000201,static.joint_signal,home_field_candidate,string
000000000201,static.pose_signals,home_field_candidate,array
000000000202,static.joint_names,home_field_candidate,array
000000000202,static.joint_signal,home_field_candidate,string
000000000202,static.pose_signals,home_field_candidate,array
000000000203,static.joint_names,home_field_candidate,array
000000000203,static.joint_signal,home_field_candidate,string
000000000203,static.pose_signals,home_field_candidate,array
000000000204,static.joint_names,home_field_candidate,array
000000000204,static.joint_signal,home_field_candidate,string
000000000204,static.pose_signals,home_field_candidate,array
000000000205,static.joint_names,home_field_candidate,array
000000000205,static.joint_signal,home_field_candidate,string
000000000205,static.pose_signals,home_field_candidate,array
000000000206,static.joint_names,home_field_candidate,array
000000000206,static.joint_signal,home_field_candidate,string
000000000206,static.pose_signals,home_field_candidate,array
000000000207,static.joint_names,home_field_candidate,array
000000000207,static.joint_signal,home_field_candidate,string
000000000207,static.pose_signals,home_field_candidate,array
000000000208,static.joint_names,home_field_candidate,array
000000000208,static.joint_signal,home_field_candidate,string
000000000208,static.pose_signals,home_field_candidate,array
000000000209,static.joint_names,home_field_candidate,array
000000000209,static.joint_signal,home_field_candidate,string
000000000209,static.pose_signals,home_field_candidate,array
000000000210,static.joint_names,home_field_candidate,array
000000000210,static.joint_signal,home_field_candidate,string
000000000210,static.pose_signals,home_field_candidate,array
000000000211,static.joint_names,home_field_candidate,array
000000000211,static.joint_signal,home_field_candidate,string
000000000211,static.pose_signals,home_field_candidate,array
000000000212,static.joint_names,home_field_candidate,array
000000000212,static.joint_signal,home_field_candidate,string
000000000212,static.pose_signals,home_field_candidate,array
000000000213,static.joint_names,home_field_candidate,array
000000000213,static.joint_signal,home_field_candidate,string
000000000213,static.pose_signals,home_field_candidate,array
000000000214,static.joint_names,home_field_candidate,array
000000000214,static.joint_signal,home_field_candidate,string
000000000214,static.pose_signals,home_field_candidate,array
000000000215,static.joint_names,home_field_candidate,array
000000000215,static.joint_signal,home_field_candidate,string
000000000215,static.pose_signals,home_field_candidate,array
000000000216,static.joint_names,home_field_candidate,array
000000000216,static.joint_signal,home_field_candidate,string
000000000216,static.pose_signals,home_field_candidate,array
000000000217,static.joint_names,home_field_candidate,array
000000000217,static.joint_signal,home_field_candidate,string
000000000217,static.pose_signals,home_field_candidate,array
000000000218,static.joint_names,home_field_candidate,array
000000000218,static.joint_signal,home_field_candidate,string
000000000218,static.pose_signals,home_field_candidate,array
000000000219,static.joint_names,home_field_candidate,array
000000000219,static.joint_signal,home_field_candidate,string
000000000219,static.pose_signals,home_field_candidate,array
000000000220,static.joint_names,home_field_candidate,array
000000000220,static.joint_signal,home_field_candidate,string
000000000220,static.pose_signals,home_field_candidate,array
000000000221,static.joint_names,home_field_candidate,array
000000000221,static.joint_signal,home_field_candidate,string
000000000221,static.pose_signals,home_field_candidate,array
000000000222,static.joint_names,home_field_candidate,array
000000000222,static.joint_signal,home_field_candidate,string
000000000222,static.pose_signals,home_field_candidate,array
000000000223,static.joint_names,home_field_candidate,array
000000000223,static.joint_signal,home_field_candidate,string
000000000223,static.pose_signals,home_field_candidate,array
000000000224,static.joint_names,home_field_candidate,array
000000000224,static.joint_signal,home_field_candidate,string
000000000224,static.pose_signals,home_field_candidate,array
000000000225,static.joint_names,home_field_candidate,array
000000000225,static.joint_signal,home_field_candidate,string
000000000225,static.pose_signals,home_field_candidate,array
000000000226,static.joint_names,home_field_candidate,array
000000000226,static.joint_signal,home_field_candidate,string
000000000226,static.pose_signals,home_field_candidate,array
000000000227,static.joint_names,home_field_candidate,array
000000000227,static.joint_signal,home_field_candidate,string
000000000227,static.pose_signals,home_field_candidate,array
000000000228,static.joint_names,home_field_candidate,array
000000000228,static.joint_signal,home_field_candidate,string
000000000228,static.pose_signals,home_field_candidate,array
000000000229,static.joint_names,home_field_candidate,array
000000000229,static.joint_signal,home_field_candidate,string
000000000229,static.pose_signals,home_field_candidate,array
000000000230,static.joint_names,home_field_candidate,array
000000000230,static.joint_signal,home_field_candidate,string
000000000230,static.pose_signals,home_field_candidate,array
000000000231,static.joint_names,home_field_candidate,array
000000000231,static.joint_signal,home_field_candidate,string
000000000231,static.pose_signals,home_field_candidate,array
000000000232,static.joint_names,home_field_candidate,array
000000000232,static.joint_signal,home_field_candidate,string
000000000232,static.pose_signals,home_field_candidate,array
000000000233,static.joint_names,home_field_candidate,array
000000000233,static.joint_signal,home_field_candidate,string
000000000233,static.pose_signals,home_field_candidate,array
000000000234,static.joint_names,home_field_candidate,array
000000000234,static.joint_signal,home_field_candidate,string
000000000234,static.pose_signals,home_field_candidate,array
000000000235,static.joint_names,home_field_candidate,array
000000000235,static.joint_signal,home_field_candidate,string
000000000235,static.pose_signals,home_field_candidate,array
000000000236,static.joint_names,home_field_candidate,array
000000000236,static.joint_signal,home_field_candidate,string
000000000236,static.pose_signals,home_field_candidate,array
000000000237,static.joint_names,home_field_candidate,array
000000000237,static.joint_signal,home_field_candidate,string
000000000237,static.pose_signals,home_field_candidate,array
000000000238,static.joint_names,home_field_candidate,array
000000000238,static.joint_signal,home_field_candidate,string
000000000238,static.pose_signals,home_field_candidate,array
000000000239,static.joint_names,home_field_candidate,array
000000000239,static.joint_signal,home_field_candidate,string
000000000239,static.pose_signals,home_field_candidate,array
000000000240,static.joint_names,home_field_candidate,array
000000000240,static.joint_signal,home_field_candidate,string
000000000240,static.pose_signals,home_field_candidate,array
000000000241,static.joint_names,home_field_candidate,array
000000000241,static.joint_signal,home_field_candidate,string
000000000241,static.pose_signals,home_field_candidate,array
000000000242,static.joint_names,home_field_candidate,array
000000000242,static.joint_signal,home_field_candidate,string
000000000242,static.pose_signals,home_field_candidate,array
000000000243,static.joint_names,home_field_candidate,array
000000000243,static.joint_signal,home_field_candidate,string
000000000243,static.pose_signals,home_field_candidate,array
000000000244,static.joint_names,home_field_candidate,array
000000000244,static.joint_signal,home_field_candidate,string
000000000244,static.pose_signals,home_field_candidate,array
000000000245,static.joint_names,home_field_candidate,array
000000000245,static.joint_signal,home_field_candidate,string
000000000245,static.pose_signals,home_field_candidate,array
000000000246,static.joint_names,home_field_candidate,array
000000000246,static.joint_signal,home_field_candidate,string
000000000246,static.pose_signals,home_field_candidate,array
000000000247,static.joint_names,home_field_candidate,array
000000000247,static.joint_signal,home_field_candidate,string
000000000247,static.pose_signals,home_field_candidate,array
000000000248,static.joint_names,home_field_candidate,array
000000000248,static.joint_signal,home_field_candidate,string
000000000248,static.pose_signals,home_field_candidate,array
000000000249,static.joint_names,home_field_candidate,array
000000000249,static.joint_signal,home_field_candidate,string
000000000249,static.pose_signals,home_field_candidate,array
000000000250,static.joint_names,home_field_candidate,array
000000000250,static.joint_signal,home_field_candidate,string
000000000250,static.pose_signals,home_field_candidate,array
000000000251,static.joint_names,home_field_candidate,array
000000000251,static.joint_signal,home_field_candidate,string
000000000251,static.pose_signals,home_field_candidate,array
000000000252,static.joint_names,home_field_candidate,array
000000000252,static.joint_signal,home_field_candidate,string
000000000252,static.pose_signals,home_field_candidate,array
000000000253,static.joint_names,home_field_candidate,array
000000000253,static.joint_signal,home_field_candidate,string
000000000253,static.pose_signals,home_field_candidate,array
000000000254,static.joint_names,home_field_candidate,array
000000000254,static.joint_signal,home_field_candidate,string
000000000254,static.pose_signals,home_field_candidate,array
000000000255,static.joint_names,home_field_candidate,array
000000000255,static.joint_signal,home_field_candidate,string
000000000255,static.pose_signals,home_field_candidate,array
000000000256,static.joint_names,home_field_candidate,array
000000000256,static.joint_signal,home_field_candidate,string
000000000256,static.pose_signals,home_field_candidate,array
000000000257,static.joint_names,home_field_candidate,array
000000000257,static.joint_signal,home_field_candidate,string
000000000257,static.pose_signals,home_field_candidate,array
000000000258,static.joint_names,home_field_candidate,array
000000000258,static.joint_signal,home_field_candidate,string
000000000258,static.pose_signals,home_field_candidate,array
000000000259,static.joint_names,home_field_candidate,array
000000000259,static.joint_signal,home_field_candidate,string
000000000259,static.pose_signals,home_field_candidate,array
000000000260,static.joint_names,home_field_candidate,array
000000000260,static.joint_signal,home_field_candidate,string
000000000260,static.pose_signals,home_field_candidate,array
000000000261,static.joint_names,home_field_candidate,array
000000000261,static.joint_signal,home_field_candidate,string
000000000261,static.pose_signals,home_field_candidate,array
000000000262,static.joint_names,home_field_candidate,array
000000000262,static.joint_signal,home_field_candidate,string
000000000262,static.pose_signals,home_field_candidate,array
000000000263,static.joint_names,home_field_candidate,array
000000000263,static.joint_signal,home_field_candidate,string
000000000263,static.pose_signals,home_field_candidate,array
000000000264,static.joint_names,home_field_candidate,array
000000000264,static.joint_signal,home_field_candidate,string
000000000264,static.pose_signals,home_field_candidate,array
000000000265,static.joint_names,home_field_candidate,array
000000000265,static.joint_signal,home_field_candidate,string
000000000265,static.pose_signals,home_field_candidate,array
000000000266,static.joint_names,home_field_candidate,array
000000000266,static.joint_signal,home_field_candidate,string
000000000266,static.pose_signals,home_field_candidate,array
000000000267,static.joint_names,home_field_candidate,array
000000000267,static.joint_signal,home_field_candidate,string
000000000267,static.pose_signals,home_field_candidate,array
000000000268,static.joint_names,home_field_candidate,array
000000000268,static.joint_signal,home_field_candidate,string
000000000268,static.pose_signals,home_field_candidate,array
000000000269,static.joint_names,home_field_candidate,array
000000000269,static.joint_signal,home_field_candidate,string
000000000269,static.pose_signals,home_field_candidate,array
000000000270,static.joint_names,home_field_candidate,array
000000000270,static.joint_signal,home_field_candidate,string
000000000270,static.pose_signals,home_field_candidate,array
000000000271,static.joint_names,home_field_candidate,array
000000000271,static.joint_signal,home_field_candidate,string
000000000271,static.pose_signals,home_field_candidate,array
000000000272,static.joint_names,home_field_candidate,array
000000000272,static.joint_signal,home_field_candidate,string
000000000272,static.pose_signals,home_field_candidate,array
000000000273,static.joint_names,home_field_candidate,array
000000000273,static.joint_signal,home_field_candidate,string
000000000273,static.pose_signals,home_field_candidate,array
000000000274,static.joint_names,home_field_candidate,array
000000000274,static.joint_signal,home_field_candidate,string
000000000274,static.pose_signals,home_field_candidate,array
000000000275,static.joint_names,home_field_candidate,array
000000000275,static.joint_signal,home_field_candidate,string
000000000275,static.pose_signals,home_field_candidate,array
000000000276,static.joint_names,home_field_candidate,array
000000000276,static.joint_signal,home_field_candidate,string
000000000276,static.pose_signals,home_field_candidate,array
000000000277,static.joint_names,home_field_candidate,array
000000000277,static.joint_signal,home_field_candidate,string
000000000277,static.pose_signals,home_field_candidate,array
000000000278,static.joint_names,home_field_candidate,array
000000000278,static.joint_signal,home_field_candidate,string
000000000278,static.pose_signals,home_field_candidate,array
000000000279,static.joint_names,home_field_candidate,array
000000000279,static.joint_signal,home_field_candidate,string
000000000279,static.pose_signals,home_field_candidate,array
000000000280,static.joint_names,home_field_candidate,array
000000000280,static.joint_signal,home_field_candidate,string
000000000280,static.pose_signals,home_field_candidate,array
000000000281,static.joint_names,home_field_candidate,array
000000000281,static.joint_signal,home_field_candidate,string
000000000281,static.pose_signals,home_field_candidate,array
000000000282,static.joint_names,home_field_candidate,array
000000000282,static.joint_signal,home_field_candidate,string
000000000282,static.pose_signals,home_field_candidate,array
000000000283,static.joint_names,home_field_candidate,array
000000000283,static.joint_signal,home_field_candidate,string
000000000283,static.pose_signals,home_field_candidate,array
000000000284,static.joint_names,home_field_candidate,array
000000000284,static.joint_signal,home_field_candidate,string
000000000284,static.pose_signals,home_field_candidate,array
000000000285,static.joint_names,home_field_candidate,array
000000000285,static.joint_signal,home_field_candidate,string
000000000285,static.pose_signals,home_field_candidate,array
000000000286,static.joint_names,home_field_candidate,array
000000000286,static.joint_signal,home_field_candidate,string
000000000286,static.pose_signals,home_field_candidate,array
000000000287,static.joint_names,home_field_candidate,array
000000000287,static.joint_signal,home_field_candidate,string
000000000287,static.pose_signals,home_field_candidate,array
000000000288,static.joint_names,home_field_candidate,array
000000000288,static.joint_signal,home_field_candidate,string
000000000288,static.pose_signals,home_field_candidate,array
000000000289,static.joint_names,home_field_candidate,array
000000000289,static.joint_signal,home_field_candidate,string
000000000289,static.pose_signals,home_field_candidate,array
000000000290,static.joint_names,home_field_candidate,array
000000000290,static.joint_signal,home_field_candidate,string
000000000290,static.pose_signals,home_field_candidate,array
000000000291,static.joint_names,home_field_candidate,array
000000000291,static.joint_signal,home_field_candidate,string
000000000291,static.pose_signals,home_field_candidate,array
000000000292,static.joint_names,home_field_candidate,array
000000000292,static.joint_signal,home_field_candidate,string
000000000292,static.pose_signals,home_field_candidate,array
000000000293,static.joint_names,home_field_candidate,array
000000000293,static.joint_signal,home_field_candidate,string
000000000293,static.pose_signals,home_field_candidate,array
000000000294,static.joint_names,home_field_candidate,array
000000000294,static.joint_signal,home_field_candidate,string
000000000294,static.pose_signals,home_field_candidate,array
000000000295,static.joint_names,home_field_candidate,array
000000000295,static.joint_signal,home_field_candidate,string
000000000295,static.pose_signals,home_field_candidate,array
000000000296,static.joint_names,home_field_candidate,array
000000000296,static.joint_signal,home_field_candidate,string
000000000296,static.pose_signals,home_field_candidate,array
000000000297,static.joint_names,home_field_candidate,array
000000000297,static.joint_signal,home_field_candidate,string
000000000297,static.pose_signals,home_field_candidate,array
000000000298,static.joint_names,home_field_candidate,array
000000000298,static.joint_signal,home_field_candidate,string
000000000298,static.pose_signals,home_field_candidate,array
000000000299,static.joint_names,home_field_candidate,array
000000000299,static.joint_signal,home_field_candidate,string
000000000299,static.pose_signals,home_field_candidate,array
000000000300,static.joint_names,home_field_candidate,array
000000000300,static.joint_signal,home_field_candidate,string
000000000300,static.pose_signals,home_field_candidate,array
000000000301,static.joint_names,home_field_candidate,array
000000000301,static.joint_signal,home_field_candidate,string
000000000301,static.pose_signals,home_field_candidate,array
000000000302,static.joint_names,home_field_candidate,array
000000000302,static.joint_signal,home_field_candidate,string
000000000302,static.pose_signals,home_field_candidate,array
000000000303,static.joint_names,home_field_candidate,array
000000000303,static.joint_signal,home_field_candidate,string
000000000303,static.pose_signals,home_field_candidate,array
000000000304,static.joint_names,home_field_candidate,array
000000000304,static.joint_signal,home_field_candidate,string
000000000304,static.pose_signals,home_field_candidate,array
000000000305,static.joint_names,home_field_candidate,array
000000000305,static.joint_signal,home_field_candidate,string
000000000305,static.pose_signals,home_field_candidate,array
000000000306,static.joint_names,home_field_candidate,array
000000000306,static.joint_signal,home_field_candidate,string
000000000306,static.pose_signals,home_field_candidate,array
000000000307,static.joint_names,home_field_candidate,array
000000000307,static.joint_signal,home_field_candidate,string
000000000307,static.pose_signals,home_field_candidate,array
000000000308,static.joint_names,home_field_candidate,array
000000000308,static.joint_signal,home_field_candidate,string
000000000308,static.pose_signals,home_field_candidate,array
000000000309,static.joint_names,home_field_candidate,array
000000000309,static.joint_signal,home_field_candidate,string
000000000309,static.pose_signals,home_field_candidate,array
000000000310,static.joint_names,home_field_candidate,array
000000000310,static.joint_signal,home_field_candidate,string
000000000310,static.pose_signals,home_field_candidate,array
000000000311,static.joint_names,home_field_candidate,array
000000000311,static.joint_signal,home_field_candidate,string
000000000311,static.pose_signals,home_field_candidate,array
000000000312,static.joint_names,home_field_candidate,array
000000000312,static.joint_signal,home_field_candidate,string
000000000312,static.pose_signals,home_field_candidate,array
000000000313,static.joint_names,home_field_candidate,array
000000000313,static.joint_signal,home_field_candidate,string
000000000313,static.pose_signals,home_field_candidate,array
000000000314,static.joint_names,home_field_candidate,array
000000000314,static.joint_signal,home_field_candidate,string
000000000314,static.pose_signals,home_field_candidate,array
000000000315,static.joint_names,home_field_candidate,array
000000000315,static.joint_signal,home_field_candidate,string
000000000315,static.pose_signals,home_field_candidate,array
000000000316,static.joint_names,home_field_candidate,array
000000000316,static.joint_signal,home_field_candidate,string
000000000316,static.pose_signals,home_field_candidate,array
000000000317,static.joint_names,home_field_candidate,array
000000000317,static.joint_signal,home_field_candidate,string
000000000317,static.pose_signals,home_field_candidate,array
000000000318,static.joint_names,home_field_candidate,array
000000000318,static.joint_signal,home_field_candidate,string
000000000318,static.pose_signals,home_field_candidate,array
000000000319,static.joint_names,home_field_candidate,array
000000000319,static.joint_signal,home_field_candidate,string
000000000319,static.pose_signals,home_field_candidate,array
000000000320,static.joint_names,home_field_candidate,array
000000000320,static.joint_signal,home_field_candidate,string
000000000320,static.pose_signals,home_field_candidate,array
000000000321,static.joint_names,home_field_candidate,array
000000000321,static.joint_signal,home_field_candidate,string
000000000321,static.pose_signals,home_field_candidate,array
000000000322,static.joint_names,home_field_candidate,array
000000000322,static.joint_signal,home_field_candidate,string
000000000322,static.pose_signals,home_field_candidate,array
000000000323,static.joint_names,home_field_candidate,array
000000000323,static.joint_signal,home_field_candidate,string
000000000323,static.pose_signals,home_field_candidate,array
000000000324,static.joint_names,home_field_candidate,array
000000000324,static.joint_signal,home_field_candidate,string
000000000324,static.pose_signals,home_field_candidate,array
000000000325,static.joint_names,home_field_candidate,array
000000000325,static.joint_signal,home_field_candidate,string
000000000325,static.pose_signals,home_field_candidate,array
000000000326,static.joint_names,home_field_candidate,array
000000000326,static.joint_signal,home_field_candidate,string
000000000326,static.pose_signals,home_field_candidate,array
000000000327,static.joint_names,home_field_candidate,array
000000000327,static.joint_signal,home_field_candidate,string
000000000327,static.pose_signals,home_field_candidate,array
000000000328,static.joint_names,home_field_candidate,array
000000000328,static.joint_signal,home_field_candidate,string
000000000328,static.pose_signals,home_field_candidate,array
000000000329,static.joint_names,home_field_candidate,array
000000000329,static.joint_signal,home_field_candidate,string
000000000329,static.pose_signals,home_field_candidate,array
000000000330,static.joint_names,home_field_candidate,array
000000000330,static.joint_signal,home_field_candidate,string
000000000330,static.pose_signals,home_field_candidate,array
000000000331,static.joint_names,home_field_candidate,array
000000000331,static.joint_signal,home_field_candidate,string
000000000331,static.pose_signals,home_field_candidate,array
000000000332,static.joint_names,home_field_candidate,array
000000000332,static.joint_signal,home_field_candidate,string
000000000332,static.pose_signals,home_field_candidate,array
000000000333,static.joint_names,home_field_candidate,array
000000000333,static.joint_signal,home_field_candidate,string
000000000333,static.pose_signals,home_field_candidate,array
000000000334,static.joint_names,home_field_candidate,array
000000000334,static.joint_signal,home_field_candidate,string
000000000334,static.pose_signals,home_field_candidate,array
000000000335,static.joint_names,home_field_candidate,array
000000000335,static.joint_signal,home_field_candidate,string
000000000335,static.pose_signals,home_field_candidate,array
000000000336,static.joint_names,home_field_candidate,array
000000000336,static.joint_signal,home_field_candidate,string
000000000336,static.pose_signals,home_field_candidate,array
000000000337,static.joint_names,home_field_candidate,array
000000000337,static.joint_signal,home_field_candidate,string
000000000337,static.pose_signals,home_field_candidate,array
000000000338,static.joint_names,home_field_candidate,array
000000000338,static.joint_signal,home_field_candidate,string
000000000338,static.pose_signals,home_field_candidate,array
000000000339,static.joint_names,home_field_candidate,array
000000000339,static.joint_signal,home_field_candidate,string
000000000339,static.pose_signals,home_field_candidate,array
000000000340,static.joint_names,home_field_candidate,array
000000000340,static.joint_signal,home_field_candidate,string
000000000340,static.pose_signals,home_field_candidate,array
000000000341,static.joint_names,home_field_candidate,array
000000000341,static.joint_signal,home_field_candidate,string
000000000341,static.pose_signals,home_field_candidate,array
000000000342,static.joint_names,home_field_candidate,array
000000000342,static.joint_signal,home_field_candidate,string
000000000342,static.pose_signals,home_field_candidate,array
000000000343,static.joint_names,home_field_candidate,array
000000000343,static.joint_signal,home_field_candidate,string
000000000343,static.pose_signals,home_field_candidate,array
000000000344,static.joint_names,home_field_candidate,array
000000000344,static.joint_signal,home_field_candidate,string
000000000344,static.pose_signals,home_field_candidate,array
000000000345,static.joint_names,home_field_candidate,array
000000000345,static.joint_signal,home_field_candidate,string
000000000345,static.pose_signals,home_field_candidate,array
000000000346,static.joint_names,home_field_candidate,array
000000000346,static.joint_signal,home_field_candidate,string
000000000346,static.pose_signals,home_field_candidate,array
000000000347,static.joint_names,home_field_candidate,array
000000000347,static.joint_signal,home_field_candidate,string
000000000347,static.pose_signals,home_field_candidate,array
000000000348,static.joint_names,home_field_candidate,array
000000000348,static.joint_signal,home_field_candidate,string
000000000348,static.pose_signals,home_field_candidate,array
000000000349,static.joint_names,home_field_candidate,array
000000000349,static.joint_signal,home_field_candidate,string
000000000349,static.pose_signals,home_field_candidate,array
000000000350,static.joint_names,home_field_candidate,array
000000000350,static.joint_signal,home_field_candidate,string
000000000350,static.pose_signals,home_field_candidate,array
000000000351,static.joint_names,home_field_candidate,array
000000000351,static.joint_signal,home_field_candidate,string
000000000351,static.pose_signals,home_field_candidate,array
000000000352,static.joint_names,home_field_candidate,array
000000000352,static.joint_signal,home_field_candidate,string
000000000352,static.pose_signals,home_field_candidate,array
000000000353,static.joint_names,home_field_candidate,array
000000000353,static.joint_signal,home_field_candidate,string
000000000353,static.pose_signals,home_field_candidate,array
000000000354,static.joint_names,home_field_candidate,array
000000000354,static.joint_signal,home_field_candidate,string
000000000354,static.pose_signals,home_field_candidate,array
000000000355,static.joint_names,home_field_candidate,array
000000000355,static.joint_signal,home_field_candidate,string
000000000355,static.pose_signals,home_field_candidate,array
000000000356,static.joint_names,home_field_candidate,array
000000000356,static.joint_signal,home_field_candidate,string
000000000356,static.pose_signals,home_field_candidate,array
000000000357,static.joint_names,home_field_candidate,array
000000000357,static.joint_signal,home_field_candidate,string
000000000357,static.pose_signals,home_field_candidate,array
000000000358,static.joint_names,home_field_candidate,array
000000000358,static.joint_signal,home_field_candidate,string
000000000358,static.pose_signals,home_field_candidate,array
000000000359,static.joint_names,home_field_candidate,array
000000000359,static.joint_signal,home_field_candidate,string
000000000359,static.pose_signals,home_field_candidate,array
000000000360,static.joint_names,home_field_candidate,array
000000000360,static.joint_signal,home_field_candidate,string
000000000360,static.pose_signals,home_field_candidate,array
000000000361,static.joint_names,home_field_candidate,array
000000000361,static.joint_signal,home_field_candidate,string
000000000361,static.pose_signals,home_field_candidate,array
000000000362,static.joint_names,home_field_candidate,array
000000000362,static.joint_signal,home_field_candidate,string
000000000362,static.pose_signals,home_field_candidate,array
000000000363,static.joint_names,home_field_candidate,array
000000000363,static.joint_signal,home_field_candidate,string
000000000363,static.pose_signals,home_field_candidate,array
000000000364,static.joint_names,home_field_candidate,array
000000000364,static.joint_signal,home_field_candidate,string
000000000364,static.pose_signals,home_field_candidate,array
000000000365,static.joint_names,home_field_candidate,array
000000000365,static.joint_signal,home_field_candidate,string
000000000365,static.pose_signals,home_field_candidate,array
000000000366,static.joint_names,home_field_candidate,array
000000000366,static.joint_signal,home_field_candidate,string
000000000366,static.pose_signals,home_field_candidate,array
000000000367,static.joint_names,home_field_candidate,array
000000000367,static.joint_signal,home_field_candidate,string
000000000367,static.pose_signals,home_field_candidate,array
000000000368,static.joint_names,home_field_candidate,array
000000000368,static.joint_signal,home_field_candidate,string
000000000368,static.pose_signals,home_field_candidate,array
000000000369,static.joint_names,home_field_candidate,array
000000000369,static.joint_signal,home_field_candidate,string
000000000369,static.pose_signals,home_field_candidate,array
000000000370,static.joint_names,home_field_candidate,array
000000000370,static.joint_signal,home_field_candidate,string
000000000370,static.pose_signals,home_field_candidate,array
000000000371,static.joint_names,home_field_candidate,array
000000000371,static.joint_signal,home_field_candidate,string
000000000371,static.pose_signals,home_field_candidate,array
000000000372,static.joint_names,home_field_candidate,array
000000000372,static.joint_signal,home_field_candidate,string
000000000372,static.pose_signals,home_field_candidate,array
000000000373,static.joint_names,home_field_candidate,array
000000000373,static.joint_signal,home_field_candidate,string
000000000373,static.pose_signals,home_field_candidate,array
000000000374,static.joint_names,home_field_candidate,array
000000000374,static.joint_signal,home_field_candidate,string
000000000374,static.pose_signals,home_field_candidate,array
000000000375,static.joint_names,home_field_candidate,array
000000000375,static.joint_signal,home_field_candidate,string
000000000375,static.pose_signals,home_field_candidate,array
000000000376,static.joint_names,home_field_candidate,array
000000000376,static.joint_signal,home_field_candidate,string
000000000376,static.pose_signals,home_field_candidate,array
000000000377,static.joint_names,home_field_candidate,array
000000000377,static.joint_signal,home_field_candidate,string
000000000377,static.pose_signals,home_field_candidate,array
000000000378,static.joint_names,home_field_candidate,array
000000000378,static.joint_signal,home_field_candidate,string
000000000378,static.pose_signals,home_field_candidate,array
000000000379,static.joint_names,home_field_candidate,array
000000000379,static.joint_signal,home_field_candidate,string
000000000379,static.pose_signals,home_field_candidate,array
000000000380,static.joint_names,home_field_candidate,array
000000000380,static.joint_signal,home_field_candidate,string
000000000380,static.pose_signals,home_field_candidate,array
000000000381,static.joint_names,home_field_candidate,array
000000000381,static.joint_signal,home_field_candidate,string
000000000381,static.pose_signals,home_field_candidate,array
000000000382,static.joint_names,home_field_candidate,array
000000000382,static.joint_signal,home_field_candidate,string
000000000382,static.pose_signals,home_field_candidate,array
000000000383,static.joint_names,home_field_candidate,array
000000000383,static.joint_signal,home_field_candidate,string
000000000383,static.pose_signals,home_field_candidate,array
000000000384,static.joint_names,home_field_candidate,array
000000000384,static.joint_signal,home_field_candidate,string
000000000384,static.pose_signals,home_field_candidate,array
000000000385,static.joint_names,home_field_candidate,array
000000000385,static.joint_signal,home_field_candidate,string
000000000385,static.pose_signals,home_field_candidate,array
000000000386,static.joint_names,home_field_candidate,array
000000000386,static.joint_signal,home_field_candidate,string
000000000386,static.pose_signals,home_field_candidate,array
000000000387,static.joint_names,home_field_candidate,array
000000000387,static.joint_signal,home_field_candidate,string
000000000387,static.pose_signals,home_field_candidate,array
000000000388,static.joint_names,home_field_candidate,array
000000000388,static.joint_signal,home_field_candidate,string
000000000388,static.pose_signals,home_field_candidate,array
000000000389,static.joint_names,home_field_candidate,array
000000000389,static.joint_signal,home_field_candidate,string
000000000389,static.pose_signals,home_field_candidate,array
000000000390,static.joint_names,home_field_candidate,array
000000000390,static.joint_signal,home_field_candidate,string
000000000390,static.pose_signals,home_field_candidate,array
000000000391,static.joint_names,home_field_candidate,array
000000000391,static.joint_signal,home_field_candidate,string
000000000391,static.pose_signals,home_field_candidate,array
000000000392,static.joint_names,home_field_candidate,array
000000000392,static.joint_signal,home_field_candidate,string
000000000392,static.pose_signals,home_field_candidate,array
000000000393,static.joint_names,home_field_candidate,array
000000000393,static.joint_signal,home_field_candidate,string
000000000393,static.pose_signals,home_field_candidate,array
000000000394,static.joint_names,home_field_candidate,array
000000000394,static.joint_signal,home_field_candidate,string
000000000394,static.pose_signals,home_field_candidate,array
000000000395,static.joint_names,home_field_candidate,array
000000000395,static.joint_signal,home_field_candidate,string
000000000395,static.pose_signals,home_field_candidate,array
000000000396,static.joint_names,home_field_candidate,array
000000000396,static.joint_signal,home_field_candidate,string
000000000396,static.pose_signals,home_field_candidate,array
000000000397,static.joint_names,home_field_candidate,array
000000000397,static.joint_signal,home_field_candidate,string
000000000397,static.pose_signals,home_field_candidate,array
000000000398,static.joint_names,home_field_candidate,array
000000000398,static.joint_signal,home_field_candidate,string
000000000398,static.pose_signals,home_field_candidate,array
000000000399,static.joint_names,home_field_candidate,array
000000000399,static.joint_signal,home_field_candidate,string
000000000399,static.pose_signals,home_field_candidate,array
000000000400,static.joint_names,home_field_candidate,array
000000000400,static.joint_signal,home_field_candidate,string
000000000400,static.pose_signals,home_field_candidate,array
000000000401,static.joint_names,home_field_candidate,array
000000000401,static.joint_signal,home_field_candidate,string
000000000401,static.pose_signals,home_field_candidate,array
000000000402,static.joint_names,home_field_candidate,array
000000000402,static.joint_signal,home_field_candidate,string
000000000402,static.pose_signals,home_field_candidate,array
000000000403,static.joint_names,home_field_candidate,array
000000000403,static.joint_signal,home_field_candidate,string
000000000403,static.pose_signals,home_field_candidate,array
000000000404,static.joint_names,home_field_candidate,array
000000000404,static.joint_signal,home_field_candidate,string
000000000404,static.pose_signals,home_field_candidate,array
000000000405,static.joint_names,home_field_candidate,array
000000000405,static.joint_signal,home_field_candidate,string
000000000405,static.pose_signals,home_field_candidate,array
000000000406,static.joint_names,home_field_candidate,array
000000000406,static.joint_signal,home_field_candidate,string
000000000406,static.pose_signals,home_field_candidate,array
000000000407,static.joint_names,home_field_candidate,array
000000000407,static.joint_signal,home_field_candidate,string
000000000407,static.pose_signals,home_field_candidate,array
000000000408,static.joint_names,home_field_candidate,array
000000000408,static.joint_signal,home_field_candidate,string
000000000408,static.pose_signals,home_field_candidate,array
000000000409,static.joint_names,home_field_candidate,array
000000000409,static.joint_signal,home_field_candidate,string
000000000409,static.pose_signals,home_field_candidate,array
000000000410,static.joint_names,home_field_candidate,array
000000000410,static.joint_signal,home_field_candidate,string
000000000410,static.pose_signals,home_field_candidate,array
000000000411,static.joint_names,home_field_candidate,array
000000000411,static.joint_signal,home_field_candidate,string
000000000411,static.pose_signals,home_field_candidate,array
000000000412,static.joint_names,home_field_candidate,array
000000000412,static.joint_signal,home_field_candidate,string
000000000412,static.pose_signals,home_field_candidate,array
000000000413,static.joint_names,home_field_candidate,array
000000000413,static.joint_signal,home_field_candidate,string
000000000413,static.pose_signals,home_field_candidate,array
000000000414,static.joint_names,home_field_candidate,array
000000000414,static.joint_signal,home_field_candidate,string
000000000414,static.pose_signals,home_field_candidate,array
000000000415,static.joint_names,home_field_candidate,array
000000000415,static.joint_signal,home_field_candidate,string
000000000415,static.pose_signals,home_field_candidate,array
000000000416,static.joint_names,home_field_candidate,array
000000000416,static.joint_signal,home_field_candidate,string
000000000416,static.pose_signals,home_field_candidate,array
000000000417,static.joint_names,home_field_candidate,array
000000000417,static.joint_signal,home_field_candidate,string
000000000417,static.pose_signals,home_field_candidate,array
000000000418,static.joint_names,home_field_candidate,array
000000000418,static.joint_signal,home_field_candidate,string
000000000418,static.pose_signals,home_field_candidate,array
000000000419,static.joint_names,home_field_candidate,array
000000000419,static.joint_signal,home_field_candidate,string
000000000419,static.pose_signals,home_field_candidate,array
000000000420,static.joint_names,home_field_candidate,array
000000000420,static.joint_signal,home_field_candidate,string
000000000420,static.pose_signals,home_field_candidate,array
000000000421,static.joint_names,home_field_candidate,array
000000000421,static.joint_signal,home_field_candidate,string
000000000421,static.pose_signals,home_field_candidate,array
000000000422,static.joint_names,home_field_candidate,array
000000000422,static.joint_signal,home_field_candidate,string
000000000422,static.pose_signals,home_field_candidate,array
000000000423,static.joint_names,home_field_candidate,array
000000000423,static.joint_signal,home_field_candidate,string
000000000423,static.pose_signals,home_field_candidate,array
000000000424,static.joint_names,home_field_candidate,array
000000000424,static.joint_signal,home_field_candidate,string
000000000424,static.pose_signals,home_field_candidate,array
000000000425,static.joint_names,home_field_candidate,array
000000000425,static.joint_signal,home_field_candidate,string
000000000425,static.pose_signals,home_field_candidate,array
000000000426,static.joint_names,home_field_candidate,array
000000000426,static.joint_signal,home_field_candidate,string
000000000426,static.pose_signals,home_field_candidate,array
000000000427,static.joint_names,home_field_candidate,array
000000000427,static.joint_signal,home_field_candidate,string
000000000427,static.pose_signals,home_field_candidate,array
000000000428,static.joint_names,home_field_candidate,array
000000000428,static.joint_signal,home_field_candidate,string
000000000428,static.pose_signals,home_field_candidate,array
000000000429,static.joint_names,home_field_candidate,array
000000000429,static.joint_signal,home_field_candidate,string
000000000429,static.pose_signals,home_field_candidate,array
000000000430,static.joint_names,home_field_candidate,array
000000000430,static.joint_signal,home_field_candidate,string
000000000430,static.pose_signals,home_field_candidate,array
000000000431,static.joint_names,home_field_candidate,array
000000000431,static.joint_signal,home_field_candidate,string
000000000431,static.pose_signals,home_field_candidate,array
000000000432,static.joint_names,home_field_candidate,array
000000000432,static.joint_signal,home_field_candidate,string
000000000432,static.pose_signals,home_field_candidate,array
000000000433,static.joint_names,home_field_candidate,array
000000000433,static.joint_signal,home_field_candidate,string
000000000433,static.pose_signals,home_field_candidate,array
000000000434,static.joint_names,home_field_candidate,array
000000000434,static.joint_signal,home_field_candidate,string
000000000434,static.pose_signals,home_field_candidate,array
000000000435,static.joint_names,home_field_candidate,array
000000000435,static.joint_signal,home_field_candidate,string
000000000435,static.pose_signals,home_field_candidate,array
000000000436,static.joint_names,home_field_candidate,array
000000000436,static.joint_signal,home_field_candidate,string
000000000436,static.pose_signals,home_field_candidate,array
000000000437,static.joint_names,home_field_candidate,array
000000000437,static.joint_signal,home_field_candidate,string
000000000437,static.pose_signals,home_field_candidate,array
000000000438,static.joint_names,home_field_candidate,array
000000000438,static.joint_signal,home_field_candidate,string
000000000438,static.pose_signals,home_field_candidate,array
000000000439,static.joint_names,home_field_candidate,array
000000000439,static.joint_signal,home_field_candidate,string
000000000439,static.pose_signals,home_field_candidate,array
000000000440,static.joint_names,home_field_candidate,array
000000000440,static.joint_signal,home_field_candidate,string
000000000440,static.pose_signals,home_field_candidate,array
000000000441,static.joint_names,home_field_candidate,array
000000000441,static.joint_signal,home_field_candidate,string
000000000441,static.pose_signals,home_field_candidate,array
000000000442,static.joint_names,home_field_candidate,array
000000000442,static.joint_signal,home_field_candidate,string
000000000442,static.pose_signals,home_field_candidate,array
000000000443,static.joint_names,home_field_candidate,array
000000000443,static.joint_signal,home_field_candidate,string
000000000443,static.pose_signals,home_field_candidate,array
000000000444,static.joint_names,home_field_candidate,array
000000000444,static.joint_signal,home_field_candidate,string
000000000444,static.pose_signals,home_field_candidate,array
000000000445,static.joint_names,home_field_candidate,array
000000000445,static.joint_signal,home_field_candidate,string
000000000445,static.pose_signals,home_field_candidate,array
000000000446,static.joint_names,home_field_candidate,array
000000000446,static.joint_signal,home_field_candidate,string
000000000446,static.pose_signals,home_field_candidate,array
000000000447,static.joint_names,home_field_candidate,array
000000000447,static.joint_signal,home_field_candidate,string
000000000447,static.pose_signals,home_field_candidate,array
000000000448,static.joint_names,home_field_candidate,array
000000000448,static.joint_signal,home_field_candidate,string
000000000448,static.pose_signals,home_field_candidate,array
000000000449,static.joint_names,home_field_candidate,array
000000000449,static.joint_signal,home_field_candidate,string
000000000449,static.pose_signals,home_field_candidate,array
000000000450,static.joint_names,home_field_candidate,array
000000000450,static.joint_signal,home_field_candidate,string
000000000450,static.pose_signals,home_field_candidate,array
000000000451,static.joint_names,home_field_candidate,array
000000000451,static.joint_signal,home_field_candidate,string
000000000451,static.pose_signals,home_field_candidate,array
000000000452,static.joint_names,home_field_candidate,array
000000000452,static.joint_signal,home_field_candidate,string
000000000452,static.pose_signals,home_field_candidate,array
000000000453,static.joint_names,home_field_candidate,array
000000000453,static.joint_signal,home_field_candidate,string
000000000453,static.pose_signals,home_field_candidate,array
000000000454,static.joint_names,home_field_candidate,array
000000000454,static.joint_signal,home_field_candidate,string
000000000454,static.pose_signals,home_field_candidate,array
000000000455,static.joint_names,home_field_candidate,array
000000000455,static.joint_signal,home_field_candidate,string
000000000455,static.pose_signals,home_field_candidate,array
000000000456,static.joint_names,home_field_candidate,array
000000000456,static.joint_signal,home_field_candidate,string
000000000456,static.pose_signals,home_field_candidate,array
000000000457,static.joint_names,home_field_candidate,array
000000000457,static.joint_signal,home_field_candidate,string
000000000457,static.pose_signals,home_field_candidate,array
000000000458,static.joint_names,home_field_candidate,array
000000000458,static.joint_signal,home_field_candidate,string
000000000458,static.pose_signals,home_field_candidate,array
000000000459,static.joint_names,home_field_candidate,array
000000000459,static.joint_signal,home_field_candidate,string
000000000459,static.pose_signals,home_field_candidate,array
000000000460,static.joint_names,home_field_candidate,array
000000000460,static.joint_signal,home_field_candidate,string
000000000460,static.pose_signals,home_field_candidate,array
000000000461,static.joint_names,home_field_candidate,array
000000000461,static.joint_signal,home_field_candidate,string
000000000461,static.pose_signals,home_field_candidate,array
000000000462,static.joint_names,home_field_candidate,array
000000000462,static.joint_signal,home_field_candidate,string
000000000462,static.pose_signals,home_field_candidate,array
000000000463,static.joint_names,home_field_candidate,array
000000000463,static.joint_signal,home_field_candidate,string
000000000463,static.pose_signals,home_field_candidate,array
000000000464,static.joint_names,home_field_candidate,array
000000000464,static.joint_signal,home_field_candidate,string
000000000464,static.pose_signals,home_field_candidate,array
000000000465,static.joint_names,home_field_candidate,array
000000000465,static.joint_signal,home_field_candidate,string
000000000465,static.pose_signals,home_field_candidate,array
000000000466,static.joint_names,home_field_candidate,array
000000000466,static.joint_signal,home_field_candidate,string
000000000466,static.pose_signals,home_field_candidate,array
000000000467,static.joint_names,home_field_candidate,array
000000000467,static.joint_signal,home_field_candidate,string
000000000467,static.pose_signals,home_field_candidate,array
000000000468,static.joint_names,home_field_candidate,array
000000000468,static.joint_signal,home_field_candidate,string
000000000468,static.pose_signals,home_field_candidate,array
000000000469,static.joint_names,home_field_candidate,array
000000000469,static.joint_signal,home_field_candidate,string
000000000469,static.pose_signals,home_field_candidate,array
000000000470,static.joint_names,home_field_candidate,array
000000000470,static.joint_signal,home_field_candidate,string
000000000470,static.pose_signals,home_field_candidate,array
000000000471,static.joint_names,home_field_candidate,array
000000000471,static.joint_signal,home_field_candidate,string
000000000471,static.pose_signals,home_field_candidate,array
000000000472,static.joint_names,home_field_candidate,array
000000000472,static.joint_signal,home_field_candidate,string
000000000472,static.pose_signals,home_field_candidate,array
000000000473,static.joint_names,home_field_candidate,array
000000000473,static.joint_signal,home_field_candidate,string
000000000473,static.pose_signals,home_field_candidate,array
000000000474,static.joint_names,home_field_candidate,array
000000000474,static.joint_signal,home_field_candidate,string
000000000474,static.pose_signals,home_field_candidate,array
000000000475,static.joint_names,home_field_candidate,array
000000000475,static.joint_signal,home_field_candidate,string
000000000475,static.pose_signals,home_field_candidate,array
000000000476,static.joint_names,home_field_candidate,array
000000000476,static.joint_signal,home_field_candidate,string
000000000476,static.pose_signals,home_field_candidate,array
000000000477,static.joint_names,home_field_candidate,array
000000000477,static.joint_signal,home_field_candidate,string
000000000477,static.pose_signals,home_field_candidate,array
000000000478,static.joint_names,home_field_candidate,array
000000000478,static.joint_signal,home_field_candidate,string
000000000478,static.pose_signals,home_field_candidate,array
000000000479,static.joint_names,home_field_candidate,array
000000000479,static.joint_signal,home_field_candidate,string
000000000479,static.pose_signals,home_field_candidate,array
000000000480,static.joint_names,home_field_candidate,array
000000000480,static.joint_signal,home_field_candidate,string
000000000480,static.pose_signals,home_field_candidate,array
000000000481,static.joint_names,home_field_candidate,array
000000000481,static.joint_signal,home_field_candidate,string
000000000481,static.pose_signals,home_field_candidate,array
000000000482,static.joint_names,home_field_candidate,array
000000000482,static.joint_signal,home_field_candidate,string
000000000482,static.pose_signals,home_field_candidate,array
000000000483,static.joint_names,home_field_candidate,array
000000000483,static.joint_signal,home_field_candidate,string
000000000483,static.pose_signals,home_field_candidate,array
000000000484,static.joint_names,home_field_candidate,array
000000000484,static.joint_signal,home_field_candidate,string
000000000484,static.pose_signals,home_field_candidate,array
000000000485,static.joint_names,home_field_candidate,array
000000000485,static.joint_signal,home_field_candidate,string
000000000485,static.pose_signals,home_field_candidate,array
000000000486,static.joint_names,home_field_candidate,array
000000000486,static.joint_signal,home_field_candidate,string
000000000486,static.pose_signals,home_field_candidate,array
000000000487,static.joint_names,home_field_candidate,array
000000000487,static.joint_signal,home_field_candidate,string
000000000487,static.pose_signals,home_field_candidate,array
000000000488,static.joint_names,home_field_candidate,array
000000000488,static.joint_signal,home_field_candidate,string
000000000488,static.pose_signals,home_field_candidate,array
000000000489,static.joint_names,home_field_candidate,array
000000000489,static.joint_signal,home_field_candidate,string
000000000489,static.pose_signals,home_field_candidate,array
000000000490,static.joint_names,home_field_candidate,array
000000000490,static.joint_signal,home_field_candidate,string
000000000490,static.pose_signals,home_field_candidate,array
000000000491,static.joint_names,home_field_candidate,array
000000000491,static.joint_signal,home_field_candidate,string
000000000491,static.pose_signals,home_field_candidate,array
000000000492,static.joint_names,home_field_candidate,array
000000000492,static.joint_signal,home_field_candidate,string
000000000492,static.pose_signals,home_field_candidate,array
000000000493,static.joint_names,home_field_candidate,array
000000000493,static.joint_signal,home_field_candidate,string
000000000493,static.pose_signals,home_field_candidate,array
000000000494,static.joint_names,home_field_candidate,array
000000000494,static.joint_signal,home_field_candidate,string
000000000494,static.pose_signals,home_field_candidate,array
000000000495,static.joint_names,home_field_candidate,array
000000000495,static.joint_signal,home_field_candidate,string
000000000495,static.pose_signals,home_field_candidate,array
000000000496,static.joint_names,home_field_candidate,array
000000000496,static.joint_signal,home_field_candidate,string
000000000496,static.pose_signals,home_field_candidate,array
000000000497,static.joint_names,home_field_candidate,array
000000000497,static.joint_signal,home_field_candidate,string
000000000497,static.pose_signals,home_field_candidate,array
000000000498,static.joint_names,home_field_candidate,array
000000000498,static.joint_signal,home_field_candidate,string
000000000498,static.pose_signals,home_field_candidate,array
000000000499,static.joint_names,home_field_candidate,array
000000000499,static.joint_signal,home_field_candidate,string
000000000499,static.pose_signals,home_field_candidate,array
000000000500,static.joint_names,home_field_candidate,array
000000000500,static.joint_signal,home_field_candidate,string
000000000500,static.pose_signals,home_field_candidate,array
000000000501,static.joint_names,home_field_candidate,array
000000000501,static.joint_signal,home_field_candidate,string
000000000501,static.pose_signals,home_field_candidate,array
000000000502,static.joint_names,home_field_candidate,array
000000000502,static.joint_signal,home_field_candidate,string
000000000502,static.pose_signals,home_field_candidate,array
000000000503,static.joint_names,home_field_candidate,array
000000000503,static.joint_signal,home_field_candidate,string
000000000503,static.pose_signals,home_field_candidate,array
000000000504,static.joint_names,home_field_candidate,array
000000000504,static.joint_signal,home_field_candidate,string
000000000504,static.pose_signals,home_field_candidate,array
000000000505,static.joint_names,home_field_candidate,array
000000000505,static.joint_signal,home_field_candidate,string
000000000505,static.pose_signals,home_field_candidate,array
000000000506,static.joint_names,home_field_candidate,array
000000000506,static.joint_signal,home_field_candidate,string
000000000506,static.pose_signals,home_field_candidate,array
000000000507,static.joint_names,home_field_candidate,array
000000000507,static.joint_signal,home_field_candidate,string
000000000507,static.pose_signals,home_field_candidate,array
000000000508,static.joint_names,home_field_candidate,array
000000000508,static.joint_signal,home_field_candidate,string
000000000508,static.pose_signals,home_field_candidate,array
000000000509,static.joint_names,home_field_candidate,array
000000000509,static.joint_signal,home_field_candidate,string
000000000509,static.pose_signals,home_field_candidate,array
000000000510,static.joint_names,home_field_candidate,array
000000000510,static.joint_signal,home_field_candidate,string
000000000510,static.pose_signals,home_field_candidate,array
000000000511,static.joint_names,home_field_candidate,array
000000000511,static.joint_signal,home_field_candidate,string
000000000511,static.pose_signals,home_field_candidate,array
000000000512,static.joint_names,home_field_candidate,array
000000000512,static.joint_signal,home_field_candidate,string
000000000512,static.pose_signals,home_field_candidate,array
000000000513,static.joint_names,home_field_candidate,array
000000000513,static.joint_signal,home_field_candidate,string
000000000513,static.pose_signals,home_field_candidate,array
000000000514,static.joint_names,home_field_candidate,array
000000000514,static.joint_signal,home_field_candidate,string
000000000514,static.pose_signals,home_field_candidate,array
000000000515,static.joint_names,home_field_candidate,array
000000000515,static.joint_signal,home_field_candidate,string
000000000515,static.pose_signals,home_field_candidate,array
000000000516,static.joint_names,home_field_candidate,array
000000000516,static.joint_signal,home_field_candidate,string
000000000516,static.pose_signals,home_field_candidate,array
000000000517,static.joint_names,home_field_candidate,array
000000000517,static.joint_signal,home_field_candidate,string
000000000517,static.pose_signals,home_field_candidate,array
000000000518,static.joint_names,home_field_candidate,array
000000000518,static.joint_signal,home_field_candidate,string
000000000518,static.pose_signals,home_field_candidate,array
000000000519,static.joint_names,home_field_candidate,array
000000000519,static.joint_signal,home_field_candidate,string
000000000519,static.pose_signals,home_field_candidate,array
000000000520,static.joint_names,home_field_candidate,array
000000000520,static.joint_signal,home_field_candidate,string
000000000520,static.pose_signals,home_field_candidate,array
000000000521,static.joint_names,home_field_candidate,array
000000000521,static.joint_signal,home_field_candidate,string
000000000521,static.pose_signals,home_field_candidate,array
000000000522,static.joint_names,home_field_candidate,array
000000000522,static.joint_signal,home_field_candidate,string
000000000522,static.pose_signals,home_field_candidate,array
000000000523,static.joint_names,home_field_candidate,array
000000000523,static.joint_signal,home_field_candidate,string
000000000523,static.pose_signals,home_field_candidate,array
000000000524,static.joint_names,home_field_candidate,array
000000000524,static.joint_signal,home_field_candidate,string
000000000524,static.pose_signals,home_field_candidate,array
000000000525,static.joint_names,home_field_candidate,array
000000000525,static.joint_signal,home_field_candidate,string
000000000525,static.pose_signals,home_field_candidate,array
000000000526,static.joint_names,home_field_candidate,array
000000000526,static.joint_signal,home_field_candidate,string
000000000526,static.pose_signals,home_field_candidate,array
000000000527,static.joint_names,home_field_candidate,array
000000000527,static.joint_signal,home_field_candidate,string
000000000527,static.pose_signals,home_field_candidate,array
000000000528,static.joint_names,home_field_candidate,array
000000000528,static.joint_signal,home_field_candidate,string
000000000528,static.pose_signals,home_field_candidate,array
000000000529,static.joint_names,home_field_candidate,array
000000000529,static.joint_signal,home_field_candidate,string
000000000529,static.pose_signals,home_field_candidate,array
000000000530,static.joint_names,home_field_candidate,array
000000000530,static.joint_signal,home_field_candidate,string
000000000530,static.pose_signals,home_field_candidate,array
000000000531,static.joint_names,home_field_candidate,array
000000000531,static.joint_signal,home_field_candidate,string
000000000531,static.pose_signals,home_field_candidate,array
000000000532,static.joint_names,home_field_candidate,array
000000000532,static.joint_signal,home_field_candidate,string
000000000532,static.pose_signals,home_field_candidate,array
000000000533,static.joint_names,home_field_candidate,array
000000000533,static.joint_signal,home_field_candidate,string
000000000533,static.pose_signals,home_field_candidate,array
000000000534,static.joint_names,home_field_candidate,array
000000000534,static.joint_signal,home_field_candidate,string
000000000534,static.pose_signals,home_field_candidate,array
000000000535,static.joint_names,home_field_candidate,array
000000000535,static.joint_signal,home_field_candidate,string
000000000535,static.pose_signals,home_field_candidate,array
000000000536,static.joint_names,home_field_candidate,array
000000000536,static.joint_signal,home_field_candidate,string
000000000536,static.pose_signals,home_field_candidate,array
000000000537,static.joint_names,home_field_candidate,array
000000000537,static.joint_signal,home_field_candidate,string
000000000537,static.pose_signals,home_field_candidate,array
000000000538,static.joint_names,home_field_candidate,array
000000000538,static.joint_signal,home_field_candidate,string
000000000538,static.pose_signals,home_field_candidate,array
000000000539,static.joint_names,home_field_candidate,array
000000000539,static.joint_signal,home_field_candidate,string
000000000539,static.pose_signals,home_field_candidate,array
000000000540,static.joint_names,home_field_candidate,array
000000000540,static.joint_signal,home_field_candidate,string
000000000540,static.pose_signals,home_field_candidate,array
000000000541,static.joint_names,home_field_candidate,array
000000000541,static.joint_signal,home_field_candidate,string
000000000541,static.pose_signals,home_field_candidate,array
000000000542,static.joint_names,home_field_candidate,array
000000000542,static.joint_signal,home_field_candidate,string
000000000542,static.pose_signals,home_field_candidate,array
000000000543,static.joint_names,home_field_candidate,array
000000000543,static.joint_signal,home_field_candidate,string
000000000543,static.pose_signals,home_field_candidate,array
000000000544,static.joint_names,home_field_candidate,array
000000000544,static.joint_signal,home_field_candidate,string
000000000544,static.pose_signals,home_field_candidate,array
000000000545,static.joint_names,home_field_candidate,array
000000000545,static.joint_signal,home_field_candidate,string
000000000545,static.pose_signals,home_field_candidate,array
000000000546,static.joint_names,home_field_candidate,array
000000000546,static.joint_signal,home_field_candidate,string
000000000546,static.pose_signals,home_field_candidate,array
000000000547,static.joint_names,home_field_candidate,array
000000000547,static.joint_signal,home_field_candidate,string
000000000547,static.pose_signals,home_field_candidate,array
000000000548,static.joint_names,home_field_candidate,array
000000000548,static.joint_signal,home_field_candidate,string
000000000548,static.pose_signals,home_field_candidate,array
000000000549,static.joint_names,home_field_candidate,array
000000000549,static.joint_signal,home_field_candidate,string
000000000549,static.pose_signals,home_field_candidate,array
000000000550,static.joint_names,home_field_candidate,array
000000000550,static.joint_signal,home_field_candidate,string
000000000550,static.pose_signals,home_field_candidate,array
000000000551,static.joint_names,home_field_candidate,array
000000000551,static.joint_signal,home_field_candidate,string
000000000551,static.pose_signals,home_field_candidate,array
000000000552,static.joint_names,home_field_candidate,array
000000000552,static.joint_signal,home_field_candidate,string
000000000552,static.pose_signals,home_field_candidate,array
000000000553,static.joint_names,home_field_candidate,array
000000000553,static.joint_signal,home_field_candidate,string
000000000553,static.pose_signals,home_field_candidate,array
000000000554,static.joint_names,home_field_candidate,array
000000000554,static.joint_signal,home_field_candidate,string
000000000554,static.pose_signals,home_field_candidate,array
000000000555,static.joint_names,home_field_candidate,array
000000000555,static.joint_signal,home_field_candidate,string
000000000555,static.pose_signals,home_field_candidate,array
000000000556,static.joint_names,home_field_candidate,array
000000000556,static.joint_signal,home_field_candidate,string
000000000556,static.pose_signals,home_field_candidate,array
000000000557,static.joint_names,home_field_candidate,array
000000000557,static.joint_signal,home_field_candidate,string
000000000557,static.pose_signals,home_field_candidate,array
000000000558,static.joint_names,home_field_candidate,array
000000000558,static.joint_signal,home_field_candidate,string
000000000558,static.pose_signals,home_field_candidate,array
000000000559,static.joint_names,home_field_candidate,array
000000000559,static.joint_signal,home_field_candidate,string
000000000559,static.pose_signals,home_field_candidate,array
000000000560,static.joint_names,home_field_candidate,array
000000000560,static.joint_signal,home_field_candidate,string
000000000560,static.pose_signals,home_field_candidate,array
000000000561,static.joint_names,home_field_candidate,array
000000000561,static.joint_signal,home_field_candidate,string
000000000561,static.pose_signals,home_field_candidate,array
000000000562,static.joint_names,home_field_candidate,array
000000000562,static.joint_signal,home_field_candidate,string
000000000562,static.pose_signals,home_field_candidate,array
000000000563,static.joint_names,home_field_candidate,array
000000000563,static.joint_signal,home_field_candidate,string
000000000563,static.pose_signals,home_field_candidate,array
000000000564,static.joint_names,home_field_candidate,array
000000000564,static.joint_signal,home_field_candidate,string
000000000564,static.pose_signals,home_field_candidate,array
000000000565,static.joint_names,home_field_candidate,array
000000000565,static.joint_signal,home_field_candidate,string
000000000565,static.pose_signals,home_field_candidate,array
000000000566,static.joint_names,home_field_candidate,array
000000000566,static.joint_signal,home_field_candidate,string
000000000566,static.pose_signals,home_field_candidate,array
000000000567,static.joint_names,home_field_candidate,array
000000000567,static.joint_signal,home_field_candidate,string
000000000567,static.pose_signals,home_field_candidate,array
000000000568,static.joint_names,home_field_candidate,array
000000000568,static.joint_signal,home_field_candidate,string
000000000568,static.pose_signals,home_field_candidate,array
000000000569,static.joint_names,home_field_candidate,array
000000000569,static.joint_signal,home_field_candidate,string
000000000569,static.pose_signals,home_field_candidate,array
000000000570,static.joint_names,home_field_candidate,array
000000000570,static.joint_signal,home_field_candidate,string
000000000570,static.pose_signals,home_field_candidate,array
000000000571,static.joint_names,home_field_candidate,array
000000000571,static.joint_signal,home_field_candidate,string
000000000571,static.pose_signals,home_field_candidate,array
000000000572,static.joint_names,home_field_candidate,array
000000000572,static.joint_signal,home_field_candidate,string
000000000572,static.pose_signals,home_field_candidate,array
000000000573,static.joint_names,home_field_candidate,array
000000000573,static.joint_signal,home_field_candidate,string
000000000573,static.pose_signals,home_field_candidate,array
000000000574,static.joint_names,home_field_candidate,array
000000000574,static.joint_signal,home_field_candidate,string
000000000574,static.pose_signals,home_field_candidate,array
000000000575,static.joint_names,home_field_candidate,array
000000000575,static.joint_signal,home_field_candidate,string
000000000575,static.pose_signals,home_field_candidate,array
000000000576,static.joint_names,home_field_candidate,array
000000000576,static.joint_signal,home_field_candidate,string
000000000576,static.pose_signals,home_field_candidate,array
000000000577,static.joint_names,home_field_candidate,array
000000000577,static.joint_signal,home_field_candidate,string
000000000577,static.pose_signals,home_field_candidate,array
000000000578,static.joint_names,home_field_candidate,array
000000000578,static.joint_signal,home_field_candidate,string
000000000578,static.pose_signals,home_field_candidate,array
000000000579,static.joint_names,home_field_candidate,array
000000000579,static.joint_signal,home_field_candidate,string
000000000579,static.pose_signals,home_field_candidate,array
000000000580,static.joint_names,home_field_candidate,array
000000000580,static.joint_signal,home_field_candidate,string
000000000580,static.pose_signals,home_field_candidate,array
000000000581,static.joint_names,home_field_candidate,array
000000000581,static.joint_signal,home_field_candidate,string
000000000581,static.pose_signals,home_field_candidate,array
000000000582,static.joint_names,home_field_candidate,array
000000000582,static.joint_signal,home_field_candidate,string
000000000582,static.pose_signals,home_field_candidate,array
000000000583,static.joint_names,home_field_candidate,array
000000000583,static.joint_signal,home_field_candidate,string
000000000583,static.pose_signals,home_field_candidate,array
000000000584,static.joint_names,home_field_candidate,array
000000000584,static.joint_signal,home_field_candidate,string
000000000584,static.pose_signals,home_field_candidate,array
000000000585,static.joint_names,home_field_candidate,array
000000000585,static.joint_signal,home_field_candidate,string
000000000585,static.pose_signals,home_field_candidate,array
000000000586,static.joint_names,home_field_candidate,array
000000000586,static.joint_signal,home_field_candidate,string
000000000586,static.pose_signals,home_field_candidate,array
000000000587,static.joint_names,home_field_candidate,array
000000000587,static.joint_signal,home_field_candidate,string
000000000587,static.pose_signals,home_field_candidate,array
000000000588,static.joint_names,home_field_candidate,array
000000000588,static.joint_signal,home_field_candidate,string
000000000588,static.pose_signals,home_field_candidate,array
000000000589,static.joint_names,home_field_candidate,array
000000000589,static.joint_signal,home_field_candidate,string
000000000589,static.pose_signals,home_field_candidate,array
000000000590,static.joint_names,home_field_candidate,array
000000000590,static.joint_signal,home_field_candidate,string
000000000590,static.pose_signals,home_field_candidate,array
000000000591,static.joint_names,home_field_candidate,array
000000000591,static.joint_signal,home_field_candidate,string
000000000591,static.pose_signals,home_field_candidate,array
000000000592,static.joint_names,home_field_candidate,array
000000000592,static.joint_signal,home_field_candidate,string
000000000592,static.pose_signals,home_field_candidate,array
000000000593,static.joint_names,home_field_candidate,array
000000000593,static.joint_signal,home_field_candidate,string
000000000593,static.pose_signals,home_field_candidate,array
