episode_id,policy_model,checkpoint_variant,task,object,tote_placement,external_camera,created_ts_ns,utc_date,session_id,meta_source_path,meta_sha256,static_source_path,static_sha256,initial_item_count
000000000000,groot,270226-ee_rot6d_rel:150000,Pick all the items one by one from transparent tote and place them into the large grey tote.,Wooden spoons,left,right,1774342697081461155,2026-03-24,,phail/v1.0/dataset/rollouts/000000000000/000000000000/meta.json,b606670fe0e1d7f5394f13265c649891860353e639b57adab6f0a2a20e44b848,phail/v1.0/dataset/rollouts/000000000000/000000000000/static.json,258f17d34740cf529afa17bf22cf33cc5018a0ef56e838c351ddcce8d7ea5835,8
000000000001,smolvla,170316_ee:200000,Pick all the items one by one from transparent tote and place them into the large grey tote.,Wooden spoons,left,right,1774343988790245237,2026-03-24,,phail/v1.0/dataset/rollouts/000000000000/000000000001/meta.json,8f8be2e17955e05f8041e21556814d82e9ad29fa5d21da27fc6ca74da11d26dc,phail/v1.0/dataset/rollouts/000000000000/000000000001/static.json,8bd5007b06ab4c5099d480d1f9e9e8528469518f3330f76114dbb97fbec5ad89,8
000000000002,openpi,270226-ee:199999,Pick all the items one by one from transparent tote and place them into the large grey tote.,Batteries,right,right,1774344415998651079,2026-03-24,,phail/v1.0/dataset/rollouts/000000000000/000000000002/meta.json,2607cbc9b98e7cd1b9017efc2d3e02be854cfaff8c5d90a82b624999287072bc,phail/v1.0/dataset/rollouts/000000000000/000000000002/static.json,7f89235403d66441f2e17bcea53b92453bd912df12f00b22bc907d8b9237ff03,8
000000000003,act,270226-ee:220000,Pick all the items one by one from transparent tote and place them into the large grey tote.,Batteries,right,right,1774344679231523325,2026-03-24,,phail/v1.0/dataset/rollouts/000000000000/000000000003/meta.json,72454631f89ca94f14d92502b87e257d1b2dc2ff64fc827ef955edba8986255d,phail/v1.0/dataset/rollouts/000000000000/000000000003/static.json,59f1dd1d49394f81f70dfa2784b8d8acbd0c6b6790ffd415ab91adb50472334e,8
000000000004,openpi,270226-ee:199999,Pick all the items one by one from transparent tote and place them into the large grey tote.,Batteries,right,right,1774345125266467304,2026-03-24,,phail/v1.0/dataset/rollouts/000000000000/000000000004/meta.json,04eb064d42d4392d2bcf53d361923bf9db10803cb08076cdb0a31f4aaec09289,phail/v1.0/dataset/rollouts/000000000000/000000000004/static.json,f69d944499396af16b1abb2725236d07ffc3c7eb580428b5c99a00f74f35c068,8
000000000005,smolvla,170316_ee:200000,Pick all the items one by one from transparent tote and place them into the large grey tote.,Batteries,right,right,1774345385268271449,2026-03-24,,phail/v1.0/dataset/rollouts/000000000000/000000000005/meta.json,88a4987860171c47a03491861ba6ad5f103b3fdbf82f7c2ae274c997222b69d8,phail/v1.0/dataset/rollouts/000000000000/000000000005/static.json,881c5c2dceb6e2243595de4581916ca68fc698a226d174a344abe20291c80a10,8
000000000006,smolvla,170316_ee:200000,Pick all the items one by one from transparent tote and place them into the large grey tote.,Batteries,right,right,1774345862846047356,2026-03-24,,phail/v1.0/dataset/rollouts/000000000000/000000000006/meta.json,e82b3f91453ac96f53e99bee061d638a52197bef73c8e64f6d503f162185c7e0,phail/v1.0/dataset/rollouts/000000000000/000000000006/static.json,97de794f4bf51431a16539d678727bee0b2703b1650bf11aafacd8b6336acca5,8
000000000007,smolvla,170316_ee:200000,Pick all the items one by one from transparent tote and place them into the large grey tote.,Batteries,right,right,1774345909969618993,2026-03-24,,phail/v1.0/dataset/rollouts/000000000000/000000000007/meta.json,0342a3b91d6fafd02192e32f8417ae0d1f76297434f5c115c2161c9431b52123,phail/v1.0/dataset/rollouts/000000000000/000000000007/static.json,aeeb6db09416f7ebd8e46701b14429cf2f370a4760e48da2f6227d68a8f9402a,8
000000000008,act,270226-ee:220000,Pick all the items one by one from transparent tote and place them into the large grey tote.,Batteries,right,right,1774346233712205788,2026-03-24,,phail/v1.0/dataset/rollouts/000000000000/000000000008/meta.json,c3adf7ea3034e997400afe0a0458fadbaf715071b559f92e8d284454fd72414f,phail/v1.0/dataset/rollouts/000000000000/000000000008/static.json,5f70f5eda0bb4303e325764bdabd441bd95e75b6207bf4f3892f052a2a8296b9,8
000000000009,openpi,270226-ee:199999,Pick all the items one by one from transparent tote and place them into the large grey tote.,Batteries,right,right,1774346513984844761,2026-03-24,,phail/v1.0/dataset/rollouts/000000000000/000000000009/meta.json,193965855c35347592f4ef3a93a152da749e50812b60d0afd48a9d9e01eaf32c,phail/v1.0/dataset/rollouts/000000000000/000000000009/static.json,cc62c5d430a55191469abd4dd95289a49834d35a51e6ff4d5b478f63501a3b23,8
000000000010,groot,270226-ee_rot6d_rel:150000,Pick all the items one by one from transparent tote and place them into the large grey tote.,Batteries,right,right,1774346772610860549,2026-03-24,,phail/v1.0/dataset/rollouts/000000000000/000000000010/meta.json,ceec6b22a89937d7780e6b21549d00054b44f72c6863dbc0575135a7968bba32,phail/v1.0/dataset/rollouts/000000000000/000000000010/static.json,19a2facc5eefbcf3ac7c37e1378f1e724f65cdb5ccb3fc7b79b48348709c5c74,8
000000000011,openpi,270226-ee:199999,Pick all the items one by one from transparent tote and place them into the large grey tote.,Batteries,right,right,1774347096648576820,2026-03-24,,phail/v1.0/dataset/rollouts/000000000000/000000000011/meta.json,958f229acf672cc97a439b2e27ab521fe64735b579ce1d3fa69efd38fb0b473c,phail/v1.0/dataset/rollouts/000000000000/000000000011/static.json,86aa1eaffef57e33f12f78b43e4ea12b5922c7b55bf38e7553047afb620500d5,8
000000000012,smolvla,170316_ee:200000,Pick all the items one by one from transparent tote and place them into the large grey tote.,Batteries,right,right,1774347368358381601,2026-03-24,,phail/v1.0/dataset/rollouts/000000000000/000000000012/meta.json,d729cdff383afc001ebc35aae094c6dd25e774287b8600e94b109b555f0b3198,phail/v1.0/dataset/rollouts/000000000000/000000000012/static.json,8b14ced8a8c453964ab3401a56a6ea9cf74f4049c0fcdbc38de9493fb5187b7c,8
000000000013,groot,270226-ee_rot6d_rel:150000,Pick all the items one by one from transparent tote and place them into the large grey tote.,Batteries,right,right,1774347466382335959,2026-03-24,,phail/v1.0/dataset/rollouts/000000000000/000000000013/meta.json,48ae4df230b8457bd376ab59eea4ee07fb25817a2ce463fa9a7070c4a8c3d029,phail/v1.0/dataset/rollouts/000000000000/000000000013/static.json,73437aa6634d5cb022b5eb28493c8858b9381abffff1940fad16cb377b18e9d3,8
000000000014,groot,270226-ee_rot6d_rel:150000,Pick all the items one by one from transparent tote and place them into the large grey tote.,Batteries,right,right,1774347744850040390,2026-03-24,,phail/v1.0/dataset/rollouts/000000000000/000000000014/meta.json,eab2be5592fd1108738d5fa9d4945e746c992e4a576e772d95493e9d86252bf7,phail/v1.0/dataset/rollouts/000000000000/000000000014/static.json,6c4d2fb548eec671d3915e72d5912b208c1adef25608ae882c4f1ef0d74cb174,8
000000000015,groot,270226-ee_rot6d_rel:150000,Pick all the items one by one from transparent tote and place them into the large grey tote.,Batteries,right,right,1774348018258705187,2026-03-24,,phail/v1.0/dataset/rollouts/000000000000/000000000015/meta.json,4adf125d08abf23415bfdec3c093a96a8647640a6c7b2e540d62b65b9318404e,phail/v1.0/dataset/rollouts/000000000000/000000000015/static.json,bf3f6c098889a58f92f6952bdc308079fb1561c7e0277154a47ab2105b8c561a,8
000000000016,smolvla,170316_ee:200000,Pick all the items one by one from transparent tote and place them into the large grey tote.,Batteries,right,right,1774348300859140737,2026-03-24,,phail/v1.0/dataset/rollouts/000000000000/000000000016/meta.json,fde614d14f4a6729dabfdc0c07450fb39450b732c505ff6b7cf6bff37e6fde6e,phail/v1.0/dataset/rollouts/000000000000/000000000016/static.json,a8234bde7a1e729a5aba34446c8ed3c4626ccb20a168645b793d881af3a72f69,8
000000000017,smolvla,170316_ee:200000,Pick all the items one by one from transparent tote and place them into the large grey tote.,Batteries,right,right,1774348569440792043,2026-03-24,,phail/v1.0/dataset/rollouts/000000000000/000000000017/meta.json,e0fa95fa6f27d289354e86d09f46875a9006f0144d6d9387abd542578cf61563,phail/v1.0/dataset/rollouts/000000000000/000000000017/static.json,4745f05da5a1baa79ac01e066a30f2efe8746dffe40dfcc1c7b332242e5d4912,8
000000000018,groot,270226-ee_rot6d_rel:150000,Pick all the items one by one from transparent tote and place them into the large grey tote.,Batteries,left,left,1774348969363473049,2026-03-24,,phail/v1.0/dataset/rollouts/000000000000/000000000018/meta.json,35d764fe968b27ef0ccd08687b6096aea55e1f08c666ef4cb12cf94d66889b81,phail/v1.0/dataset/rollouts/000000000000/000000000018/static.json,bf59b759ee0fec4b77c85c1745f159d699fe130fd1419163ad3a440fbd672721,8
000000000019,groot,270226-ee_rot6d_rel:150000,Pick all the items one by one from transparent tote and place them into the large grey tote.,Batteries,left,left,1774349239791522254,2026-03-24,,phail/v1.0/dataset/rollouts/000000000000/000000000019/meta.json,6bc0d41423819fd2fda63ea95b427179c381ab24c4184c0e8c68cd328ae1a6b0,phail/v1.0/dataset/rollouts/000000000000/000000000019/static.json,99fbefedcb34464d50b113669edf2a7a7c3d2b8e17cab07799de4f16dd44fb43,8
000000000020,smolvla,170316_ee:200000,Pick all the items one by one from transparent tote and place them into the large grey tote.,Batteries,left,left,1774349542348111346,2026-03-24,,phail/v1.0/dataset/rollouts/000000000000/000000000020/meta.json,b473c2d4d76ac1d9c3f47a2f1aa049dd2d381ad0970220a8980a078db30ee06f,phail/v1.0/dataset/rollouts/000000000000/000000000020/static.json,6c44b61cab8c53ce645ac045cc0ed339ef62e55c7db8781bc553d3258b278ddd,8
000000000021,smolvla,170316_ee:200000,Pick all the items one by one from transparent tote and place them into the large grey tote.,Batteries,left,left,1774349806528247019,2026-03-24,,phail/v1.0/dataset/rollouts/000000000000/000000000021/meta.json,28bfcef2130cf71f45cb25c60ffa7d762428dc2c1104a1731f3d17d0292c31e8,phail/v1.0/dataset/rollouts/000000000000/000000000021/static.json,207e8ec336c9a4bfdd5e8dc366df391b2d7019a5e5b5c22bb0835305828e2897,8
000000000022,groot,270226-ee_rot6d_rel:150000,Pick all the items one by one from transparent tote and place them into the large grey tote.,Batteries,left,left,1774350037569333930,2026-03-24,,phail/v1.0/dataset/rollouts/000000000000/000000000022/meta.json,7fc6be316a74841f7f717c18ac4b99062444e7b61b16732b9e09bf3bc5f1ad9c,phail/v1.0/dataset/rollouts/000000000000/000000000022/static.json,d8b25f392a508e5abf02edd2ac4792cc0c85ca21d425d394a588aa28e2f5e89a,8
000000000023,smolvla,170316_ee:200000,Pick all the items one by one from transparent tote and place them into the large grey tote.,Batteries,left,left,1774350307186770098,2026-03-24,,phail/v1.0/dataset/rollouts/000000000000/000000000023/meta.json,40288a00e9ceccfe33dd009ffc810af5679a1b2eea2e463bf28ff867d1696bd9,phail/v1.0/dataset/rollouts/000000000000/000000000023/static.json,83c6fa6c4765976e6590dbe794e1ae7181706383258e21bbfcae19c3f44abfa7,8
000000000024,openpi,270226-ee:199999,Pick all the items one by one from transparent tote and place them into the large grey tote.,Batteries,left,left,1774350572553783653,2026-03-24,,phail/v1.0/dataset/rollouts/000000000000/000000000024/meta.json,0f47ab74647049a537213feff426ebb839bfb983af04012bbca4f764899c3329,phail/v1.0/dataset/rollouts/000000000000/000000000024/static.json,3f1f9cbaaf21c9e08f32df867112a3d0517ffa65828889d9093fec68011542b6,8
000000000025,groot,270226-ee_rot6d_rel:150000,Pick all the items one by one from transparent tote and place them into the large grey tote.,Batteries,left,left,1774350892206865810,2026-03-24,,phail/v1.0/dataset/rollouts/000000000000/000000000025/meta.json,9dbfb3d53c37c299e23ea7699ff42ae428fcf30c310b6a6bde826d51ef6ec9b8,phail/v1.0/dataset/rollouts/000000000000/000000000025/static.json,97e267a401a1eefdf6a684289287e17413a8a32d80ffb1287ee7bda627396b22,8
000000000026,groot,270226-ee_rot6d_rel:150000,Pick all the items one by one from transparent tote and place them into the large grey tote.,Batteries,left,left,1774351172328842036,2026-03-24,,phail/v1.0/dataset/rollouts/000000000000/000000000026/meta.json,8da943a9a227902ce7dda83936757bfadd5374e1735936c4de91cce72e4922ee,phail/v1.0/dataset/rollouts/000000000000/000000000026/static.json,a65dbcb71b4f4d6af75f386a1562fb780839476f8757d4737939065176967e84,8
000000000027,act,270226-ee:220000,Pick all the items one by one from transparent tote and place them into the large grey tote.,Batteries,left,left,1774351468520232120,2026-03-24,,phail/v1.0/dataset/rollouts/000000000000/000000000027/meta.json,af0581aa466a90e4d749cc37359dc8e6a1bfb1e2414ceab8a79ebcce28be8bca,phail/v1.0/dataset/rollouts/000000000000/000000000027/static.json,f25b6514396846611a9b776778346519b86c44b7cccd8ab8fac39553d0dbbdd8,8
000000000028,act,270226-ee:220000,Pick all the items one by one from transparent tote and place them into the large grey tote.,Batteries,left,left,1774351749913925145,2026-03-24,,phail/v1.0/dataset/rollouts/000000000000/000000000028/meta.json,5a644b9b88dd7e1dce7a483dcd80ac1945342a124a89a7be66876cb07fc90524,phail/v1.0/dataset/rollouts/000000000000/000000000028/static.json,2ff1ab0d64d7d4652684fae2f7eb137cf98619716c665a5392770aaffd36efe0,8
000000000029,smolvla,170316_ee:200000,Pick all the items one by one from transparent tote and place them into the large grey tote.,Batteries,left,left,1774352010031605662,2026-03-24,,phail/v1.0/dataset/rollouts/000000000000/000000000029/meta.json,3799f737d3d1f6367fccc2b91b9e7569db5d38c56ec1ba09703e4c61c5896012,phail/v1.0/dataset/rollouts/000000000000/000000000029/static.json,db8830d58d35cfeac771d816a4b89011e910f3e4c05f43fa9d09e2feadac44dc,8
000000000030,smolvla,170316_ee:200000,Pick all the items one by one from transparent tote and place them into the large grey tote.,Batteries,left,left,1774352268835338879,2026-03-24,,phail/v1.0/dataset/rollouts/000000000000/000000000030/meta.json,6587ae18e8475a6ca5f01c3f57206c242c14f729ec8ca38a3ddb961ccc44a7d5,phail/v1.0/dataset/rollouts/000000000000/000000000030/static.json,d7f060d51e275350a2af3b2eb756dd6d78746275815e947a393e0b9714999f7c,8
000000000031,smolvla,170316_ee:200000,Pick all the items one by one from transparent tote and place them into the large grey tote.,Scissors,right,right,1774352926758821160,2026-03-24,,phail/v1.0/dataset/rollouts/000000000000/000000000031/meta.json,b5c9aae5cf1235f12fb3458f38fa2323d2421bbdc06dfbb9eb162c5ca70274d6,phail/v1.0/dataset/rollouts/000000000000/000000000031/static.json,4997b208fe6e07f7dc046c519f11167433043ddbf112957992f132a5aab1e5f4,8
000000000032,smolvla,170316_ee:200000,Pick all the items one by one from transparent tote and place them into the large grey tote.,Scissors,right,right,1774353030342509205,2026-03-24,,phail/v1.0/dataset/rollouts/000000000000/000000000032/meta.json,cce62eb68a6adfadfe6276b41b555ea552deb69eb72d29b906abb6f78684a4c4,phail/v1.0/dataset/rollouts/000000000000/000000000032/static.json,3d8e1451897523dba1eb1aabd8d77fc12f0ec3211f979e216d060288a039c5e7,8
000000000033,groot,270226-ee_rot6d_rel:150000,Pick all the items one by one from transparent tote and place them into the large grey tote.,Scissors,right,right,1774353224532299486,2026-03-24,,phail/v1.0/dataset/rollouts/000000000000/000000000033/meta.json,aecde1548bda5ce733ba3fd4e3a7f7ef3549f5744a729ca8b9a0a79fc9d36617,phail/v1.0/dataset/rollouts/000000000000/000000000033/static.json,f48534b03cadc25c198f022ecb08e1c5a80a225aa12570c5d95fdb65ca2f5e19,8
000000000034,groot,270226-ee_rot6d_rel:150000,Pick all the items one by one from transparent tote and place them into the large grey tote.,Scissors,right,right,1774353497019368156,2026-03-24,,phail/v1.0/dataset/rollouts/000000000000/000000000034/meta.json,9a35b41d10ee7ad08645812d747592b73f2c17e8e324c2a29e58ff182b81e40d,phail/v1.0/dataset/rollouts/000000000000/000000000034/static.json,4db01e5a9a05fae4858efd62aeacac70b7b78862717be6b90d0d6b3e839923eb,8
000000000035,smolvla,170316_ee:200000,Pick all the items one by one from transparent tote and place them into the large grey tote.,Scissors,right,right,1774353783770768235,2026-03-24,,phail/v1.0/dataset/rollouts/000000000000/000000000035/meta.json,d73c393de9b21a49d14ca26e00eb3bf99b69d19d61d794def8e45f28c23bd4c0,phail/v1.0/dataset/rollouts/000000000000/000000000035/static.json,1f90ebc04fbe8dfd56d332aa7886cd5f22106025d3ebf3bbd4ef82b74e334c24,8
000000000036,smolvla,170316_ee:200000,Pick all the items one by one from transparent tote and place them into the large grey tote.,Scissors,right,right,1774354054966972932,2026-03-24,,phail/v1.0/dataset/rollouts/000000000000/000000000036/meta.json,a1cf3aed18a8058fa58ae6612e901140eb16cc72ea0c47aded02a8880bef8c37,phail/v1.0/dataset/rollouts/000000000000/000000000036/static.json,246b105b4488c8c90413f55bb198ef332fed395e7e7b909e70e320df6ac327c4,8
000000000037,groot,270226-ee_rot6d_rel:150000,Pick all the items one by one from transparent tote and place them into the large grey tote.,Scissors,right,right,1774354328198858949,2026-03-24,,phail/v1.0/dataset/rollouts/000000000000/000000000037/meta.json,d944d893befe96853a4b0afc887f0d5da8d932892eabb10c61f0e28cd77c394c,phail/v1.0/dataset/rollouts/000000000000/000000000037/static.json,f0fc486c9f52553856f14e11c9532eb1a5839c6e625a2f41bb5631aaf7576b2a,8
000000000038,openpi,270226-ee:199999,Pick all the items one by one from transparent tote and place them into the large grey tote.,Scissors,right,right,1774354604439589306,2026-03-24,,phail/v1.0/dataset/rollouts/000000000000/000000000038/meta.json,7c4a4b87738cce1e7f683a071f3a1ac6b9f449778ac4a2c1d18fb79b73b7ad6b,phail/v1.0/dataset/rollouts/000000000000/000000000038/static.json,b51c0033aef986acc3e3dd1dc839e1e19d43789b96e2d91ab17cf721718535a8,8
000000000039,groot,270226-ee_rot6d_rel:150000,Pick all the items one by one from transparent tote and place them into the large grey tote.,Scissors,right,right,1774354879444658100,2026-03-24,,phail/v1.0/dataset/rollouts/000000000000/000000000039/meta.json,2692aadd2930f39e5541cc53140f78655406bd5a1cc216b73844f59a15aa52c3,phail/v1.0/dataset/rollouts/000000000000/000000000039/static.json,b2c94fd528bc2e0a0321f63485d0aa85859b070f319a4bdb9de717ea284fdcf5,8
000000000040,openpi,270226-ee:199999,Pick all the items one by one from transparent tote and place them into the large grey tote.,Scissors,right,right,1774355166211611808,2026-03-24,,phail/v1.0/dataset/rollouts/000000000000/000000000040/meta.json,181bca70c52bc74b0b2f02d73b9ad531ffcc5a10ad6ace1ce1c67a981537cb3d,phail/v1.0/dataset/rollouts/000000000000/000000000040/static.json,3ddc66dfe5e9fa170a0af289d6bd23afc472ab8d2834b9d26338e924e91ab72e,8
000000000041,smolvla,170316_ee:200000,Pick all the items one by one from transparent tote and place them into the large grey tote.,Scissors,right,right,1774355430634169995,2026-03-24,,phail/v1.0/dataset/rollouts/000000000000/000000000041/meta.json,6b6dfe7800223166a01d4def1c4eedfbd4481ba8e1d1043a55077fee89039a09,phail/v1.0/dataset/rollouts/000000000000/000000000041/static.json,313a21e38cc26f606f95118c65786e4ed2583a33d7784e9f0a1044cd93812b13,8
000000000042,groot,270226-ee_rot6d_rel:150000,Pick all the items one by one from transparent tote and place them into the large grey tote.,Scissors,right,right,1774355737966036885,2026-03-24,,phail/v1.0/dataset/rollouts/000000000000/000000000042/meta.json,2c4ad07bf286a15f16eb40f779c9a81ca6d5ec458438a2edc7c76099b962d6ba,phail/v1.0/dataset/rollouts/000000000000/000000000042/static.json,2fd60ef595c3876e05f162e66cf257974858bd4246bbb7036101349930f8bbcc,8
000000000043,act,270226-ee:220000,Pick all the items one by one from transparent tote and place them into the large grey tote.,Scissors,right,right,1774356002192457707,2026-03-24,,phail/v1.0/dataset/rollouts/000000000000/000000000043/meta.json,1229464a2f86cc733c624364a629b79fda8bec22488049ae306db0bb3c1ced70,phail/v1.0/dataset/rollouts/000000000000/000000000043/static.json,c3a2b300922f1710ff4acddbfcad7a46a4db050a7dffe4ce179d853318c86787,8
000000000044,act,270226-ee:220000,Pick all the items one by one from transparent tote and place them into the large grey tote.,Scissors,right,right,1774356286881764338,2026-03-24,,phail/v1.0/dataset/rollouts/000000000000/000000000044/meta.json,67e48829b56956daff5e0674690f143299f964b5a5e34198b741f68dca96556b,phail/v1.0/dataset/rollouts/000000000000/000000000044/static.json,871640750fab0b2b4f62edf3885d76ab92b5b242e26b294beec1af4e2db82774,8
000000000045,openpi,270226-ee:199999,Pick all the items one by one from transparent tote and place them into the large grey tote.,Wooden spoons,left,left,1774356876410652189,2026-03-24,,phail/v1.0/dataset/rollouts/000000000000/000000000045/meta.json,a9f97677117201b481f52c27440f58c39beb2e63347e475b27aac735e349d39b,phail/v1.0/dataset/rollouts/000000000000/000000000045/static.json,18fc801733dc94825ddb94a75e7eeef7056de5e77c0adfb228d947271d127760,8
000000000046,groot,270226-ee_rot6d_rel:150000,Pick all the items one by one from transparent tote and place them into the large grey tote.,Wooden spoons,left,left,1774357143490791171,2026-03-24,,phail/v1.0/dataset/rollouts/000000000000/000000000046/meta.json,921838c43ab33f9d7754d5586089b24d4560fdbd3904fc499e6955d949844cd5,phail/v1.0/dataset/rollouts/000000000000/000000000046/static.json,b6f4f81b99bf4d5f0a88d0023f720ea217783a1622acf222cae7f0ce39be4cbb,8
000000000047,openpi,270226-ee:199999,Pick all the items one by one from transparent tote and place them into the large grey tote.,Wooden spoons,left,left,1774357362138737815,2026-03-24,,phail/v1.0/dataset/rollouts/000000000000/000000000047/meta.json,0b5ecd98c4b947c665b2eff1145dfab50fdb112b06d85c761966a41fb37582f7,phail/v1.0/dataset/rollouts/000000000000/000000000047/static.json,db3bf049bf330f50a54db51cfe76d0db4c0d037c82437737adfb5b874c941a93,8
000000000048,openpi,270226-ee:199999,Pick all the items one by one from transparent tote and place them into the large grey tote.,Wooden spoons,left,left,1774357640751448687,2026-03-24,,phail/v1.0/dataset/rollouts/000000000000/000000000048/meta.json,94913a44062c090c6c6a961e392be700e3da36a30389e4ed6f9165547804e48d,phail/v1.0/dataset/rollouts/000000000000/000000000048/static.json,60935dd7cabeb16c7cfa26e8707ece7fcc073e2e0bb110e10467ce84c63bd2dd,8
000000000049,groot,270226-ee_rot6d_rel:150000,Pick all the items one by one from transparent tote and place them into the large grey tote.,Wooden spoons,left,left,1774357945835104940,2026-03-24,,phail/v1.0/dataset/rollouts/000000000000/000000000049/meta.json,b0db37535048357956fe981d344388d37abb4b03474a5d592a7e423bd2f13499,phail/v1.0/dataset/rollouts/000000000000/000000000049/static.json,d391e4adfb29a2253ae34317c5530760798312c3fae1b5894452b1f254874d28,8
000000000050,smolvla,170316_ee:200000,Pick all the items one by one from transparent tote and place them into the large grey tote.,Wooden spoons,left,left,1774358434165451183,2026-03-24,,phail/v1.0/dataset/rollouts/000000000000/000000000050/meta.json,5f5d210ec78632692638754af0169e204df8a35ffabb6f219e6b215340e8dfda,phail/v1.0/dataset/rollouts/000000000000/000000000050/static.json,b7c55f0a67d33889b14782c03c4e9beb2447eec78e0e5a0c06843c46c519a000,8
000000000051,act,270226-ee:220000,Pick all the items one by one from transparent tote and place them into the large grey tote.,Wooden spoons,left,left,1774359623926871535,2026-03-24,,phail/v1.0/dataset/rollouts/000000000000/000000000051/meta.json,ff5d0835f35c88fad9c49e537512bbf6751f064384427cae347d5dfd715904b5,phail/v1.0/dataset/rollouts/000000000000/000000000051/static.json,e9662d2c97ee144b32697d0d300da1ea32370b941d642f6c32542403573a114d,8
000000000052,groot,270226-ee_rot6d_rel:150000,Pick all the items one by one from transparent tote and place them into the large grey tote.,Wooden spoons,left,left,1774359888528325552,2026-03-24,,phail/v1.0/dataset/rollouts/000000000000/000000000052/meta.json,b90974b996a00d3262bc205d1fbd104a06f69e342f63d697c5cf6f5be681e5ef,phail/v1.0/dataset/rollouts/000000000000/000000000052/static.json,e2afc96c2d386aca048257ef5ffe52c9862839d253a6612dbb22af84283032e4,8
000000000053,openpi,270226-ee:199999,Pick all the items one by one from transparent tote and place them into the large grey tote.,Wooden spoons,left,left,1774360164608325405,2026-03-24,,phail/v1.0/dataset/rollouts/000000000000/000000000053/meta.json,9b3183632f399d8135743c097c0f1ff362f0a19e3217e8f534fb09babb9a1ce7,phail/v1.0/dataset/rollouts/000000000000/000000000053/static.json,7b09399cad030456eda7ece055f2b5bd8a1feded2f8d89902e0452c2d50b7e9d,8
000000000054,groot,270226-ee_rot6d_rel:150000,Pick all the items one by one from transparent tote and place them into the large grey tote.,Wooden spoons,left,left,1774360444621103623,2026-03-24,,phail/v1.0/dataset/rollouts/000000000000/000000000054/meta.json,277eee0b5ee9e88de41a2b4dd7760339c3596dfc198408c477b4a03f04bb07ee,phail/v1.0/dataset/rollouts/000000000000/000000000054/static.json,c44755696762d47cc69aa0b496d54b71018cdd689de1446669dce39c731418b0,8
000000000055,groot,270226-ee_rot6d_rel:150000,Pick all the items one by one from transparent tote and place them into the large grey tote.,Wooden spoons,left,left,1774360674889660553,2026-03-24,,phail/v1.0/dataset/rollouts/000000000000/000000000055/meta.json,0232265cb2a151c6d074d4017ff9bf1d9123f0d32cc428f7a8325fa0737282d0,phail/v1.0/dataset/rollouts/000000000000/000000000055/static.json,ccd5fbf5eba3f06a0f51308aff2ed02ac0053f92ecdbd529cb24b7524c73e83a,8
000000000056,act,270226-ee:220000,Pick all the items one by one from transparent tote and place them into the large grey tote.,Wooden spoons,left,left,1774360994455890982,2026-03-24,,phail/v1.0/dataset/rollouts/000000000000/000000000056/meta.json,2192d874990ab5441331501da6447ca7f9ee89288bc636f3b89af0818b88dead,phail/v1.0/dataset/rollouts/000000000000/000000000056/static.json,2b4e5944e3b93924a2ef5e9dcc893911c2fdf325bc10246f9bbca8d451e9c354,8
000000000057,groot,270226-ee_rot6d_rel:150000,Pick all the items one by one from transparent tote and place them into the large grey tote.,Wooden spoons,left,left,1774361282472466427,2026-03-24,,phail/v1.0/dataset/rollouts/000000000000/000000000057/meta.json,adc00cef0629ce8cdf44098750328800d8c974d9733eda8521c5ba9de00f6a43,phail/v1.0/dataset/rollouts/000000000000/000000000057/static.json,311b6f0592a2c15e547eaf87fb4b129bb8bbc2a88c922dd7d8840074582bbf5e,8
000000000058,groot,270226-ee_rot6d_rel:150000,Pick all the items one by one from transparent tote and place them into the large grey tote.,Wooden spoons,right,left,1774361665405638530,2026-03-24,,phail/v1.0/dataset/rollouts/000000000000/000000000058/meta.json,a73203cdf7c1fe55682d239a72a752b37a674b308ab30b2011d5cee5072ddf8c,phail/v1.0/dataset/rollouts/000000000000/000000000058/static.json,fe612bf34d729380f6a4cacfc6b4efa67b32181a7eb2f533c8a42fcbb643af7e,8
000000000059,act,270226-ee:220000,Pick all the items one by one from transparent tote and place them into the large grey tote.,Wooden spoons,right,left,1774361915498868091,2026-03-24,,phail/v1.0/dataset/rollouts/000000000000/000000000059/meta.json,229062daee97c5ebf6a19dc5a3e21a4449233a69f8c1b7ac307208249aa44876,phail/v1.0/dataset/rollouts/000000000000/000000000059/static.json,e73ff1d6d93a96f8a263e0e15eb00e54c32fef5b2ab9d915cac35a158f5e876f,8
000000000060,groot,270226-ee_rot6d_rel:150000,Pick all the items one by one from transparent tote and place them into the large grey tote.,Wooden spoons,right,left,1774362239957642607,2026-03-24,,phail/v1.0/dataset/rollouts/000000000000/000000000060/meta.json,7ddaeb3161a9b2a26bab3c5b257ef0fc80426f5a8eeaf9086646cb52d5d0d953,phail/v1.0/dataset/rollouts/000000000000/000000000060/static.json,c287206c86b0590dccea37f767ae0350e90b2c8c530c1cf6aaaf63082b2126ef,8
000000000061,act,270226-ee:220000,Pick all the items one by one from transparent tote and place them into the large grey tote.,Wooden spoons,right,left,1774362494621299096,2026-03-24,,phail/v1.0/dataset/rollouts/000000000000/000000000061/meta.json,ec411989f8887d9573fce71b28cb108f6218a81cc08e9e572348cc49b9a3c690,phail/v1.0/dataset/rollouts/000000000000/000000000061/static.json,9a14ec4b9eb3a7b5af8805b8ad07c5d4ba3e6089127e7224dbcda1ec6961e7d3,8
000000000062,groot,270226-ee_rot6d_rel:150000,Pick all the items one by one from transparent tote and place them into the large grey tote.,Wooden spoons,right,left,1774362724169280452,2026-03-24,,phail/v1.0/dataset/rollouts/000000000000/000000000062/meta.json,bf7616c4b6da3c1c6b201cb6e68be2a1dccf2be0ffa3b90099e134c108c94e10,phail/v1.0/dataset/rollouts/000000000000/000000000062/static.json,96c248ed6a80b994db898e7b47bf10e3d5ca3a620ff27e3b02d324de1ad6de93,8
000000000063,groot,270226-ee_rot6d_rel:150000,Pick all the items one by one from transparent tote and place them into the large grey tote.,Wooden spoons,right,left,1774363019650553334,2026-03-24,,phail/v1.0/dataset/rollouts/000000000000/000000000063/meta.json,b90831b49103de607d0cd15f035e9eec406ad20bb500c8910da205330f2bb2cd,phail/v1.0/dataset/rollouts/000000000000/000000000063/static.json,1d7cc3686ab5e77dc9c058800672961a99cb8d7bd74eae11304b9e14514b397f,8
000000000064,openpi,270226-ee:199999,Pick all the items one by one from transparent tote and place them into the large grey tote.,Wooden spoons,right,left,1774363293597221428,2026-03-24,,phail/v1.0/dataset/rollouts/000000000000/000000000064/meta.json,5eb6ce5ef1a78c788cd3a69839e15d259ceee508005f75c7d6ab927dc5fffc57,phail/v1.0/dataset/rollouts/000000000000/000000000064/static.json,12f9a37ba4987e57f887a81caa671a1693a64ffaec5e03a47e2fa70ecb497692,8
000000000065,smolvla,170316_ee:200000,Pick all the items one by one from transparent tote and place them into the large grey tote.,Wooden spoons,right,left,1774363456396445202,2026-03-24,,phail/v1.0/dataset/rollouts/000000000000/000000000065/meta.json,3f26ddd35a3a6d91dab79a54888562b1f131f5c672f0af1f0ab809296cae7b6d,phail/v1.0/dataset/rollouts/000000000000/000000000065/static.json,66a82f38aa4d52f7bbfe920ba6fd8d45b91254a1ed680fa84649a2907b76f699,8
000000000066,groot,270226-ee_rot6d_rel:150000,Pick all the items one by one from transparent tote and place them into the large grey tote.,Wooden spoons,right,left,1774363725958109912,2026-03-24,,phail/v1.0/dataset/rollouts/000000000000/000000000066/meta.json,b9f8de8d70acc822aa9941287e60136d1691633e72cec8689420407dd0790cb0,phail/v1.0/dataset/rollouts/000000000000/000000000066/static.json,756a06f07797708b18f14e0ebbb5d6bf45c9fd3cf65c705e80efb9ef18d4a8d7,8
000000000067,act,270226-ee:220000,Pick all the items one by one from transparent tote and place them into the large grey tote.,Wooden spoons,right,left,1774364011565351610,2026-03-24,,phail/v1.0/dataset/rollouts/000000000000/000000000067/meta.json,6f76171c2dab2cf423c62806f2310762a5ae7c8bb59beec603611cdef2718a56,phail/v1.0/dataset/rollouts/000000000000/000000000067/static.json,1505484fc1f8eff8713e91cdfe34b871607e6c7b671b4008dca084201c700e71,8
000000000068,openpi,270226-ee:199999,Pick all the items one by one from transparent tote and place them into the large grey tote.,Wooden spoons,right,left,1774364281945000719,2026-03-24,,phail/v1.0/dataset/rollouts/000000000000/000000000068/meta.json,0efb2cbb919c17b2fd0692a4faf3e3e9cb3f5425c0cf314f305c094e9159059f,phail/v1.0/dataset/rollouts/000000000000/000000000068/static.json,291c72e4c8594e59e5aab9bf782eb7622ba76383828df77902f70d3341523ee4,8
000000000069,openpi,270226-ee:199999,Pick all the items one by one from transparent tote and place them into the large grey tote.,Wooden spoons,right,left,1774364564322613061,2026-03-24,,phail/v1.0/dataset/rollouts/000000000000/000000000069/meta.json,028adfbac311ad405e878c7f4c59e3ec5132a4807857d335ff0a339badbfc782,phail/v1.0/dataset/rollouts/000000000000/000000000069/static.json,cae3907adf1ea69251665c00c74f77fa17caddec9c6993609c92c987dc74c01e,8
000000000070,openpi,270226-ee:199999,Pick all the items one by one from transparent tote and place them into the large grey tote.,Wooden spoons,right,left,1774364740650426156,2026-03-24,,phail/v1.0/dataset/rollouts/000000000000/000000000070/meta.json,28b9e38b19115f56c27bb2abaa957bb097fba92c2cd9656f91a7aaf2435d4ea5,phail/v1.0/dataset/rollouts/000000000000/000000000070/static.json,680d24b111a646af5934a17b26e1fa226b1b6b8ee9c048bbb4a5271694a65f5b,8
000000000071,groot,270226-ee_rot6d_rel:150000,Pick all the items one by one from transparent tote and place them into the large grey tote.,Batteries,right,left,1774430790204299282,2026-03-25,,phail/v1.0/dataset/rollouts/000000000000/000000000071/meta.json,1c5ed6bba3dc5a449934c4699c1fb06382effbe316c2a519219e093a55a398cf,phail/v1.0/dataset/rollouts/000000000000/000000000071/static.json,d8c94a1d45cdd1510fae6a729e18fc9a51a961fa6f529c2e9f5fb75a33689a3a,8
000000000072,smolvla,170316_ee:200000,Pick all the items one by one from transparent tote and place them into the large grey tote.,Batteries,right,left,1774431088219333327,2026-03-25,,phail/v1.0/dataset/rollouts/000000000000/000000000072/meta.json,e30841fcda73e379701ef4a68f306a2628663bd5c742d66802ede0a42756fae5,phail/v1.0/dataset/rollouts/000000000000/000000000072/static.json,27fc8545e20738304ec78aad39e3d4edf5db7209e4bccedb6f07fb5cd6ac170d,8
000000000073,smolvla,170316_ee:200000,Pick all the items one by one from transparent tote and place them into the large grey tote.,Batteries,right,left,1774431192519083666,2026-03-25,,phail/v1.0/dataset/rollouts/000000000000/000000000073/meta.json,48a7234884dc06b2591e489070e12fcce98768f1af9390c1ecd402caa5d5f0fa,phail/v1.0/dataset/rollouts/000000000000/000000000073/static.json,739462d97a9331dee3c0c08f939d8d78a76055f99dbb9bef5ebc21196003474a,8
000000000074,smolvla,170316_ee:200000,Pick all the items one by one from transparent tote and place them into the large grey tote.,Batteries,right,left,1774431486950544309,2026-03-25,,phail/v1.0/dataset/rollouts/000000000000/000000000074/meta.json,374dd1c5fa6b4a9f687b8d372dab1e0a57431949482db51d88e07f63d990cf95,phail/v1.0/dataset/rollouts/000000000000/000000000074/static.json,7e3521cf85ad06bd8476f25dd0b65d447940b6a4a67cc952be89240d3d8cd404,8
000000000075,smolvla,170316_ee:200000,Pick all the items one by one from transparent tote and place them into the large grey tote.,Batteries,right,left,1774431775648860673,2026-03-25,,phail/v1.0/dataset/rollouts/000000000000/000000000075/meta.json,1aa54a97f4a7e336e3b80de14d44c5ddd227ec6c4f2e0e593f08473684f5e436,phail/v1.0/dataset/rollouts/000000000000/000000000075/static.json,ecbb5ed79af44d731e25de74278227d4db046f92f70eaf6e4065a224c622ab35,8
000000000076,groot,270226-ee_rot6d_rel:150000,Pick all the items one by one from transparent tote and place them into the large grey tote.,Batteries,right,left,1774431970472861012,2026-03-25,,phail/v1.0/dataset/rollouts/000000000000/000000000076/meta.json,e0a75d80c942f590dcb961589eca55b9c971c4c54dada20d13a459e6dac2c202,phail/v1.0/dataset/rollouts/000000000000/000000000076/static.json,85f58de345e1ede0c1336de3d03d51fd34d6108269474ba020e658b624eed0df,8
000000000077,smolvla,170316_ee:200000,Pick all the items one by one from transparent tote and place them into the large grey tote.,Batteries,right,left,1774432478801373262,2026-03-25,,phail/v1.0/dataset/rollouts/000000000000/000000000077/meta.json,757c862fc3d9a4b9b295f0543d819ad4672ee2a57daf56b7ba1f713dd84f4a73,phail/v1.0/dataset/rollouts/000000000000/000000000077/static.json,7636d07dab348745b1417ba1a88cd2142d3559d7ee97a60514bd343d78faf077,8
000000000078,groot,270226-ee_rot6d_rel:150000,Pick all the items one by one from transparent tote and place them into the large grey tote.,Batteries,right,left,1774432626906739187,2026-03-25,,phail/v1.0/dataset/rollouts/000000000000/000000000078/meta.json,cfcd53a16157e349cda07bc1928247b5a85a5c81de39a6d8a4718cd26be4fb62,phail/v1.0/dataset/rollouts/000000000000/000000000078/static.json,b2e3cb70fda33c89806df160afa8f7bc0066a28553c71e23a9f333078935a08b,8
000000000079,groot,270226-ee_rot6d_rel:150000,Pick all the items one by one from transparent tote and place them into the large grey tote.,Batteries,right,left,1774432906831416951,2026-03-25,,phail/v1.0/dataset/rollouts/000000000000/000000000079/meta.json,c8c4b66f429e16be8103b22ae6add05501ae501b49f33c331dfbf580b12f3b41,phail/v1.0/dataset/rollouts/000000000000/000000000079/static.json,e3e6ace186ffc5ab06c1a69d94f8f4266e14170cb7d8d83be05b1ffdc747c624,8
000000000080,act,270226-ee:220000,Pick all the items one by one from transparent tote and place them into the large grey tote.,Batteries,right,left,1774433214594045135,2026-03-25,,phail/v1.0/dataset/rollouts/000000000000/000000000080/meta.json,e289aeca655f4771483b5d2888fb46a6447546c7a9b95829500f2f5a4d1cbc04,phail/v1.0/dataset/rollouts/000000000000/000000000080/static.json,0585e742a3c3f6bf5ce3b95dc3f377713145645ddfb60b55472e5098bc6bebd2,8
000000000081,groot,270226-ee_rot6d_rel:150000,Pick all the items one by one from transparent tote and place them into the large grey tote.,Batteries,right,left,1774433690799649968,2026-03-25,,phail/v1.0/dataset/rollouts/000000000000/000000000081/meta.json,c50303128a70048b5bfcac7575a9a4a93d31549e0d9eb48267767c20e82d334a,phail/v1.0/dataset/rollouts/000000000000/000000000081/static.json,574c0269b381a3678b4a226e41204a9968603db3088b9715ade4f257458be48e,8
000000000082,smolvla,170316_ee:200000,Pick all the items one by one from transparent tote and place them into the large grey tote.,Batteries,right,left,1774434629469464945,2026-03-25,,phail/v1.0/dataset/rollouts/000000000000/000000000082/meta.json,6c3916e0ea25270c41b709f703dd00e8174614c07a709446976602c3b9120808,phail/v1.0/dataset/rollouts/000000000000/000000000082/static.json,814ab8ad29d3481732d6bf6974384a576f813ca332e3a8ea72841f4bdaefe2df,8
000000000083,groot,270226-ee_rot6d_rel:150000,Pick all the items one by one from transparent tote and place them into the large grey tote.,Batteries,right,left,1774434950958787035,2026-03-25,,phail/v1.0/dataset/rollouts/000000000000/000000000083/meta.json,836fb688589ea21529e53d7bc5f78c0013422164ba76ccacf96d5a1cb99f9ecc,phail/v1.0/dataset/rollouts/000000000000/000000000083/static.json,3d66400d0edb8957043b2dca1201b91636977efe3d1689990e76adf3cab3dc8f,8
000000000084,smolvla,170316_ee:200000,Pick all the items one by one from transparent tote and place them into the large grey tote.,Batteries,right,left,1774435214070198340,2026-03-25,,phail/v1.0/dataset/rollouts/000000000000/000000000084/meta.json,05fc0944792c7e537da621f04ac3562cc4a24eac073eca0bf8ba965ff0bc6e94,phail/v1.0/dataset/rollouts/000000000000/000000000084/static.json,4d121f0cd35c7d6ab2a23634514b7cd2b8b47dd0d7435dc1bf2e9206e9aefba8,8
000000000085,act,270226-ee:220000,Pick all the items one by one from transparent tote and place them into the large grey tote.,Batteries,right,left,1774435531300089865,2026-03-25,,phail/v1.0/dataset/rollouts/000000000000/000000000085/meta.json,86ad69ce05d734cbfaa062b05d0a62f24d3498b6f94bf2cb9d20c9fde5f12447,phail/v1.0/dataset/rollouts/000000000000/000000000085/static.json,f45ff1f6bb0045cdcd4d820a4a2b95697748e13414a884897bfb6facb1e3e76f,8
000000000086,groot,270226-ee_rot6d_rel:150000,Pick all the items one by one from transparent tote and place them into the large grey tote.,Batteries,right,left,1774435827099722033,2026-03-25,,phail/v1.0/dataset/rollouts/000000000000/000000000086/meta.json,ae04c100c0305ad91777fa1293a39b3fe6ca2d7e3a2d05e18bb6fa72a6f20a78,phail/v1.0/dataset/rollouts/000000000000/000000000086/static.json,6fa9be678fefa9305e667d405c18981908fc15ca1aea79e031a9900c5e1266aa,8
000000000087,groot,270226-ee_rot6d_rel:150000,Pick all the items one by one from transparent tote and place them into the large grey tote.,Wooden spoons,right,right,1774436364089433695,2026-03-25,,phail/v1.0/dataset/rollouts/000000000000/000000000087/meta.json,44df3e3f9633c5dce1733caf8b7cc6dc9bde4958fcf05645aa72718b432644aa,phail/v1.0/dataset/rollouts/000000000000/000000000087/static.json,3a9daee253febe37912ae6730f34c65b84dd82a100f3f914c80d4eb73052673a,8
000000000088,smolvla,170316_ee:200000,Pick all the items one by one from transparent tote and place them into the large grey tote.,Wooden spoons,left,right,1774436682788500783,2026-03-25,,phail/v1.0/dataset/rollouts/000000000000/000000000088/meta.json,f6850ef604b1f20ff3852d06ea40fcd3c302c71adabcbcb4bb924501c3830840,phail/v1.0/dataset/rollouts/000000000000/000000000088/static.json,f0d179f552668983ccbeaef5e0723c5683c6fbc15a7e455c6553071a4b91d4f1,8
000000000089,act,270226-ee:220000,Pick all the items one by one from transparent tote and place them into the large grey tote.,Wooden spoons,left,right,1774436756406347511,2026-03-25,,phail/v1.0/dataset/rollouts/000000000000/000000000089/meta.json,7d89c9c8692c3f037cf3dfa58196698272292696598ee073c4e9869a268d06ae,phail/v1.0/dataset/rollouts/000000000000/000000000089/static.json,d28f3f3526b0fc7da0bb0672e050801e10014e7ba16de9f8b7ac1f1b1f937d90,8
000000000090,groot,270226-ee_rot6d_rel:150000,Pick all the items one by one from transparent tote and place them into the large grey tote.,Wooden spoons,right,right,1774437049260479824,2026-03-25,,phail/v1.0/dataset/rollouts/000000000000/000000000090/meta.json,1f8cfaf75dadedd91f801867e01bad407d100bb9bd8f413150170668e29edf58,phail/v1.0/dataset/rollouts/000000000000/000000000090/static.json,dfd4d2cb31142c4c8561af941728173081db78ff649465df773bc30785fc577c,8
000000000091,act,270226-ee:220000,Pick all the items one by one from transparent tote and place them into the large grey tote.,Wooden spoons,left,right,1774437349797366827,2026-03-25,,phail/v1.0/dataset/rollouts/000000000000/000000000091/meta.json,f2dd715e46c359cc6ebcacb3290bc4123dc2ef17b61a9ea40e4eee3053fee62e,phail/v1.0/dataset/rollouts/000000000000/000000000091/static.json,724af4dbe3e9683a742e7c067648b661146accfd7dc845f5c3b61a810deb9fbd,8
000000000092,groot,270226-ee_rot6d_rel:150000,Pick all the items one by one from transparent tote and place them into the large grey tote.,Wooden spoons,right,right,1774437659973337171,2026-03-25,,phail/v1.0/dataset/rollouts/000000000000/000000000092/meta.json,9c3ef706c573c8613300944fe7b59ce6cd67516852757c96ed205faaf54f8261,phail/v1.0/dataset/rollouts/000000000000/000000000092/static.json,90884b5e2cf452ebd1220c05c6061f57a26e2f18af384db2891a156ff4c03395,8
000000000093,act,270226-ee:220000,Pick all the items one by one from transparent tote and place them into the large grey tote.,Wooden spoons,left,right,1774437869928276923,2026-03-25,,phail/v1.0/dataset/rollouts/000000000000/000000000093/meta.json,38f4b19be1c1d5542b80f2952d1a2706ca4aa99b12704f0e2c00aecc91beac65,phail/v1.0/dataset/rollouts/000000000000/000000000093/static.json,03d27e94e34029f4ade8207ba7ca1e49f0526eb38204c3c7bd7ee67d95b06997,8
000000000094,groot,270226-ee_rot6d_rel:150000,Pick all the items one by one from transparent tote and place them into the large grey tote.,Wooden spoons,right,right,1774438160506754552,2026-03-25,,phail/v1.0/dataset/rollouts/000000000000/000000000094/meta.json,6e8f461528f2e32fe5a1ef64e8896ed12e02bc33502d265c91a5ed31a3b66602,phail/v1.0/dataset/rollouts/000000000000/000000000094/static.json,da2f0038d8eed9cc23f87c85193cfe807b1a7ca75a018fee68ddcc1a81e6169a,8
000000000095,act,270226-ee:220000,Pick all the items one by one from transparent tote and place them into the large grey tote.,Wooden spoons,left,right,1774438454732442887,2026-03-25,,phail/v1.0/dataset/rollouts/000000000000/000000000095/meta.json,b74bb6c3708c855d5588721d5f0087527105eafa026a4927d61692a4bd974feb,phail/v1.0/dataset/rollouts/000000000000/000000000095/static.json,5467b638387ac2d3fccef47b80a1305bcb6a378490936edebf57f25b1e7b4919,8
000000000096,act,270226-ee:220000,Pick all the items one by one from transparent tote and place them into the large grey tote.,Wooden spoons,right,right,1774438727712557520,2026-03-25,,phail/v1.0/dataset/rollouts/000000000000/000000000096/meta.json,089e7856b5af6b29083097de9fef42ed8925dd5b88e5d10bb272e96815dd01f0,phail/v1.0/dataset/rollouts/000000000000/000000000096/static.json,be45300c4d4f6d0202e4d80c4dc45451de8e53aa1f9378f582b92fd2926bc196,8
000000000097,groot,270226-ee_rot6d_rel:150000,Pick all the items one by one from transparent tote and place them into the large grey tote.,Wooden spoons,left,right,1774439026615937264,2026-03-25,,phail/v1.0/dataset/rollouts/000000000000/000000000097/meta.json,66c39bf0342f149e3b606426208a33c11cd9407a26007ce4d587419945c30222,phail/v1.0/dataset/rollouts/000000000000/000000000097/static.json,2743056a5a7075e42307b89ec4b6db32cc14027057e8707b261d17aa83f8a9bb,8
000000000098,smolvla,170316_ee:200000,Pick all the items one by one from transparent tote and place them into the large grey tote.,Wooden spoons,right,right,1774439386628732773,2026-03-25,,phail/v1.0/dataset/rollouts/000000000000/000000000098/meta.json,7f41ad42e9aaf0422d547f84a875dd552ac9d6489fb3e995cdd3fa5d169bcb57,phail/v1.0/dataset/rollouts/000000000000/000000000098/static.json,2e11ed84c48a29eee03bae08d7b54880480d8023c7360cf6ff7c2baa6bcc196f,8
000000000099,groot,270226-ee_rot6d_rel:150000,Pick all the items one by one from transparent tote and place them into the large grey tote.,Wooden spoons,left,right,1774439732224531143,2026-03-25,,phail/v1.0/dataset/rollouts/000000000000/000000000099/meta.json,ccb8c93aa97351689ea6c6d184f46e3add8bf84cee02c7a8ae5be212d8bc8e65,phail/v1.0/dataset/rollouts/000000000000/000000000099/static.json,2b01cb8c4612c078fd151b7515b435ad9e201592e5e30a39b8d4e692ed8181e9,8
000000000100,smolvla,170316_ee:200000,Pick all the items one by one from transparent tote and place them into the large grey tote.,Wooden spoons,right,right,1774440056580126795,2026-03-25,,phail/v1.0/dataset/rollouts/000000000000/000000000100/meta.json,66ff64c7c9f09d21024151abb5dd94c2253854a85c0a31f8b1b9b9c5aa040e5b,phail/v1.0/dataset/rollouts/000000000000/000000000100/static.json,51c73452309be98564db84116380706205f9582db783f32591aebcb12e009e49,8
000000000101,groot,270226-ee_rot6d_rel:150000,Pick all the items one by one from transparent tote and place them into the large grey tote.,Wooden spoons,left,right,1774440269762374548,2026-03-25,,phail/v1.0/dataset/rollouts/000000000000/000000000101/meta.json,d204b5a852f903ec38fc401317edd3aa0a490716a7379f78274d48a3336293e4,phail/v1.0/dataset/rollouts/000000000000/000000000101/static.json,fe413e17139f31ad37907d6d7238c419b0199771e41f8de656115b9a2bed0f59,8
000000000102,act,270226-ee:220000,Pick all the items one by one from transparent tote and place them into the large grey tote.,Wooden spoons,right,right,1774441759917751792,2026-03-25,,phail/v1.0/dataset/rollouts/000000000000/000000000102/meta.json,262fbc2dc0c205aa69633972fda430be3826425374fc10df76095c32729f6b64,phail/v1.0/dataset/rollouts/000000000000/000000000102/static.json,40632a09fb3d4004674cda4bdd5416212dc18792cb933c7b132743519d873988,8
000000000103,groot,270226-ee_rot6d_rel:150000,Pick all the items one by one from transparent tote and place them into the large grey tote.,Wooden spoons,left,right,1774442046014432925,2026-03-25,,phail/v1.0/dataset/rollouts/000000000000/000000000103/meta.json,815cf4f222c26d2be7244b047704888dff53694f761edcc4bd2248f852eb68da,phail/v1.0/dataset/rollouts/000000000000/000000000103/static.json,a2f85d25a7b219f14369d0506b265b110c4c90e0f1edb7c7fcadf50743afa727,8
000000000104,groot,270226-ee_rot6d_rel:150000,Pick all the items one by one from transparent tote and place them into the large grey tote.,Wooden spoons,right,right,1774442322901946124,2026-03-25,,phail/v1.0/dataset/rollouts/000000000000/000000000104/meta.json,5a3317fa3f374d501ed9812b17449d41f4306cea7a3f72167197cca981810310,phail/v1.0/dataset/rollouts/000000000000/000000000104/static.json,7880ca3cae8e17045c577cca4c42a0bb427ea8f29395fc68b21cc5965312bc80,8
000000000105,groot,270226-ee_rot6d_rel:150000,Pick all the items one by one from transparent tote and place them into the large grey tote.,Wooden spoons,right,right,1774442626743844076,2026-03-25,,phail/v1.0/dataset/rollouts/000000000000/000000000105/meta.json,c03b6d83eb513bfd659b631b3d817b6a7971a812a8e5442358ae360611a63902,phail/v1.0/dataset/rollouts/000000000000/000000000105/static.json,ac8bfff7996a28469616e86ac290b1cf4c4c86ca1ce0e63334ae15ccdb0315aa,8
000000000106,openpi,270226-ee:199999,Pick all the items one by one from transparent tote and place them into the large grey tote.,Wooden spoons,right,right,1774442893944098773,2026-03-25,,phail/v1.0/dataset/rollouts/000000000000/000000000106/meta.json,8445d08eea71bb5d4b1c35148b338caa20bd333e572dec8674ac6358b808094a,phail/v1.0/dataset/rollouts/000000000000/000000000106/static.json,9b06744b8b8a9aa5307d702f6a912a1f4e1de7c4b466a31b7eaed046ef4739cf,8
000000000107,groot,270226-ee_rot6d_rel:150000,Pick all the items one by one from transparent tote and place them into the large grey tote.,Wooden spoons,right,right,1774443481409725396,2026-03-25,,phail/v1.0/dataset/rollouts/000000000000/000000000107/meta.json,60addce3b8a31a3310416bc8057b1c76a686893368d89310e7f6ff847193b97b,phail/v1.0/dataset/rollouts/000000000000/000000000107/static.json,b5c9255ab1a5fbdcf64803754034ca38ca18a3c9a2c5ac19b095eaae114242ab,8
000000000108,smolvla,170316_ee:200000,Pick all the items one by one from transparent tote and place them into the large grey tote.,Wooden spoons,right,right,1774443748408552517,2026-03-25,,phail/v1.0/dataset/rollouts/000000000000/000000000108/meta.json,63d7084b38b38546a3de9e208a00e7e3e0b10f13f14a76a7b6ac351f446a17fd,phail/v1.0/dataset/rollouts/000000000000/000000000108/static.json,5128201cdedd7bd69827a7c4c2afa4a7598d6a8fd829da46ae650122c4346047,8
000000000109,groot,270226-ee_rot6d_rel:150000,Pick all the items one by one from transparent tote and place them into the large grey tote.,Wooden spoons,right,right,1774444011910487801,2026-03-25,,phail/v1.0/dataset/rollouts/000000000000/000000000109/meta.json,a1eed6baebd2c7384b1e9822d9a7ecace9f76500424d397f0ca1063041b08b89,phail/v1.0/dataset/rollouts/000000000000/000000000109/static.json,58f06ce2876617779c329da35ff126b09a640a115a683f7734cda25c86731935,8
000000000110,act,270226-ee:220000,Pick all the items one by one from transparent tote and place them into the large grey tote.,Wooden spoons,right,right,1774444062952694934,2026-03-25,,phail/v1.0/dataset/rollouts/000000000000/000000000110/meta.json,a408c04807ecc528ee4b4fdfbec3dfedd9dfe3d5b5c1b1505747b080a8b6e78f,phail/v1.0/dataset/rollouts/000000000000/000000000110/static.json,0178b9f7d53d6becb96c25fb0c5fa48173e095b0fad068f764cca7bb971a550e,8
000000000111,smolvla,170316_ee:200000,Pick all the items one by one from transparent tote and place them into the large grey tote.,Batteries,left,right,1774444376110205102,2026-03-25,,phail/v1.0/dataset/rollouts/000000000000/000000000111/meta.json,8c5fce303cba05b29349299d1b907050a8ed202979b4147f385ff367a875fba6,phail/v1.0/dataset/rollouts/000000000000/000000000111/static.json,917da7e51d64d1cb990ce47df8d46bfff1da37f4fd96b7024aff905fd59d657a,8
000000000112,groot,270226-ee_rot6d_rel:150000,Pick all the items one by one from transparent tote and place them into the large grey tote.,Batteries,left,right,1774444675703529430,2026-03-25,,phail/v1.0/dataset/rollouts/000000000000/000000000112/meta.json,6fe08b69e0322014fe8c3c35eff0c32f49d970f2b74b6a87ee46bc554a76af2c,phail/v1.0/dataset/rollouts/000000000000/000000000112/static.json,b0d893c402f0e896a7abc251d38c8bdde0e04e48a47d3c91ca90bbb492b645d9,8
000000000113,groot,270226-ee_rot6d_rel:150000,Pick all the items one by one from transparent tote and place them into the large grey tote.,Batteries,left,right,1774444937815504210,2026-03-25,,phail/v1.0/dataset/rollouts/000000000000/000000000113/meta.json,bbaeb6c58501e602ac8123199b21995a688ce1a4491804d2be1d17a984ec3748,phail/v1.0/dataset/rollouts/000000000000/000000000113/static.json,548535e07b8d3ee2d48ae60f340499a84919a24a29f14cb9ef1384a77c484a89,8
000000000114,act,270226-ee:220000,Pick all the items one by one from transparent tote and place them into the large grey tote.,Batteries,left,right,1774445194950508834,2026-03-25,,phail/v1.0/dataset/rollouts/000000000000/000000000114/meta.json,2f44c86231337449c9bf20e84a39e6c55843a56f2bd7a3f358478086e5f7c4eb,phail/v1.0/dataset/rollouts/000000000000/000000000114/static.json,2017a62520d4306d5bf3caf9b9805709215938a615c4e65d962191fd2b277de8,8
000000000115,act,270226-ee:220000,Pick all the items one by one from transparent tote and place them into the large grey tote.,Batteries,left,right,1774445455463991761,2026-03-25,,phail/v1.0/dataset/rollouts/000000000000/000000000115/meta.json,e9dde3b08dd53a8f30595aec2d5e7e5d618b659265ff7dc5e70a21f8d840b2d9,phail/v1.0/dataset/rollouts/000000000000/000000000115/static.json,5dd6876ef65dcb89da53e90958246b4921003c93e19efe9845cd3e7477f80750,8
000000000116,groot,270226-ee_rot6d_rel:150000,Pick all the items one by one from transparent tote and place them into the large grey tote.,Batteries,left,right,1774445803305654555,2026-03-25,,phail/v1.0/dataset/rollouts/000000000000/000000000116/meta.json,a0a02984836ce39395cc8d4560fd70a8ba23f0c919a833578b3fa8103d517e01,phail/v1.0/dataset/rollouts/000000000000/000000000116/static.json,ffffd786b085c48ecf5368c9e948c6104deac2bb36d8b03ac2dd4b25bf2f0e8e,8
000000000117,act,270226-ee:220000,Pick all the items one by one from transparent tote and place them into the large grey tote.,Batteries,left,right,1774446073391707522,2026-03-25,,phail/v1.0/dataset/rollouts/000000000000/000000000117/meta.json,7f1e28abe84389feb182c884f82474d51522f614ef6426588e725182743f96cd,phail/v1.0/dataset/rollouts/000000000000/000000000117/static.json,ef39d405e481d083e9ab46bc73e5b751581472d59b72c7a1805c809661fad40f,8
000000000118,act,270226-ee:220000,Pick all the items one by one from transparent tote and place them into the large grey tote.,Batteries,left,right,1774446356219384145,2026-03-25,,phail/v1.0/dataset/rollouts/000000000000/000000000118/meta.json,c1fdd14c501079a405472520e6b0b0dbdf68172440f2d64f266cfaba0b51ab8c,phail/v1.0/dataset/rollouts/000000000000/000000000118/static.json,6f1bf9412d9692efcb99b719e24ff9bd7500ad71624a17eaa315e915af1b0bc6,8
000000000119,act,270226-ee:220000,Pick all the items one by one from transparent tote and place them into the large grey tote.,Batteries,left,right,1774446615701250335,2026-03-25,,phail/v1.0/dataset/rollouts/000000000000/000000000119/meta.json,9e37b67cf04230ba1ced48de2c88a2f54e47142480ce9ec7be7b312d3369cfd1,phail/v1.0/dataset/rollouts/000000000000/000000000119/static.json,51f11004d2fc7a9741e2dc6b1764aa93aa10b20fcaa749cf17c35d4ba7bdc974,8
000000000120,smolvla,170316_ee:200000,Pick all the items one by one from transparent tote and place them into the large grey tote.,Batteries,left,right,1774447011486193253,2026-03-25,,phail/v1.0/dataset/rollouts/000000000000/000000000120/meta.json,2725409649ca04d5b3d07d7b37f98b949e46ee96a2fd3a32224099f5467d5da0,phail/v1.0/dataset/rollouts/000000000000/000000000120/static.json,235adfad991ce72f5ae732d61946ad1112f50165febe21ad09c3780694023d5f,8
000000000121,groot,270226-ee_rot6d_rel:150000,Pick all the items one by one from transparent tote and place them into the large grey tote.,Scissors,left,right,1774447495795226669,2026-03-25,,phail/v1.0/dataset/rollouts/000000000000/000000000121/meta.json,7a78cc11ab67cccf201258d91187c2acd7f46f6ef096249ee679d6a41a5fd0cc,phail/v1.0/dataset/rollouts/000000000000/000000000121/static.json,d7f68f97051428fd074327d6a245fe6bd30c5f356250e11c6684e9940ea7fa1d,8
000000000122,groot,270226-ee_rot6d_rel:150000,Pick all the items one by one from transparent tote and place them into the large grey tote.,Scissors,left,right,1774447806068826340,2026-03-25,,phail/v1.0/dataset/rollouts/000000000000/000000000122/meta.json,857631d5d4a00b886115e304cac3880693136ef5b2767407753fad48ee3f0fe0,phail/v1.0/dataset/rollouts/000000000000/000000000122/static.json,569d0cf6ecb88412633f0e2cdbb7da04b5db3d68b0d7f734bea955ff39dd3345,8
000000000123,groot,270226-ee_rot6d_rel:150000,Pick all the items one by one from transparent tote and place them into the large grey tote.,Scissors,left,right,1774448082140096202,2026-03-25,,phail/v1.0/dataset/rollouts/000000000000/000000000123/meta.json,86736503874756bf900ea2cc511c4edd1ce47a74dbd6916488d319f8ac4c1b89,phail/v1.0/dataset/rollouts/000000000000/000000000123/static.json,a74eafee2acf7dfe1aacf0a9383e506f8edc7d6dda8636f695d1e531513fc694,8
000000000124,smolvla,170316_ee:200000,Pick all the items one by one from transparent tote and place them into the large grey tote.,Scissors,left,right,1774448369154685236,2026-03-25,,phail/v1.0/dataset/rollouts/000000000000/000000000124/meta.json,db2cf5a114bc6a5573b4a496e9818a7280eba1364a1567b729e7967ee172ee87,phail/v1.0/dataset/rollouts/000000000000/000000000124/static.json,5ff3513314b5e4fc14275d4f2e2a8fc705c01b9bc24253c45b180abf12d6d211,8
000000000125,groot,270226-ee_rot6d_rel:150000,Pick all the items one by one from transparent tote and place them into the large grey tote.,Scissors,left,right,1774448637605373103,2026-03-25,,phail/v1.0/dataset/rollouts/000000000000/000000000125/meta.json,1df15384b599b331734df6c071a6458c12c30b2b150c93f40586cd9171d72a37,phail/v1.0/dataset/rollouts/000000000000/000000000125/static.json,907179af213e747755dc4491538fe05f063ddc2d620a29ea78ef60d0cf22adcc,8
000000000126,smolvla,170316_ee:200000,Pick all the items one by one from transparent tote and place them into the large grey tote.,Scissors,left,right,1774448896695550260,2026-03-25,,phail/v1.0/dataset/rollouts/000000000000/000000000126/meta.json,5f1691e4160e2ef593f95ef59348b6056f37862fdd3d2c2423002e8ff1e91dbe,phail/v1.0/dataset/rollouts/000000000000/000000000126/static.json,45065bbee3d4e5b85090210484ad702a9616ef4c2443a2bbd14edbcaae3bc06d,8
000000000127,act,270226-ee:220000,Pick all the items one by one from transparent tote and place them into the large grey tote.,Scissors,left,right,1774449200130628235,2026-03-25,,phail/v1.0/dataset/rollouts/000000000000/000000000127/meta.json,a3f137ef64cc06724fe42d637c0f10f4d991292470d9f140d89b4bfbe44a7b90,phail/v1.0/dataset/rollouts/000000000000/000000000127/static.json,fff9bcbc8af744d11a803fa44ee728f3c3bd29c1de5eaa78a20dbf213ff23a56,8
000000000128,smolvla,170316_ee:200000,Pick all the items one by one from transparent tote and place them into the large grey tote.,Scissors,left,right,1774449547511314887,2026-03-25,,phail/v1.0/dataset/rollouts/000000000000/000000000128/meta.json,f4ed5ed501a9e7b13d171d7bfac543e706f4c0fe23b7cd762f706705d981b2b5,phail/v1.0/dataset/rollouts/000000000000/000000000128/static.json,a367cc853d455ca1432a27d840e09cbe020b9b5d10ea9014138fc82b4c0a7466,8
000000000129,groot,270226-ee_rot6d_rel:150000,Pick all the items one by one from transparent tote and place them into the large grey tote.,Scissors,left,right,1774449947124031115,2026-03-25,,phail/v1.0/dataset/rollouts/000000000000/000000000129/meta.json,655a9df7b873331599b77bbbaec6df28e161b8641653f82852e7b193f789ef1f,phail/v1.0/dataset/rollouts/000000000000/000000000129/static.json,e2d202da4ddbaf7b33103a4a272fe0f2ffa1546c4de9dea7c8966bf730b12bc2,8
000000000130,groot,270226-ee_rot6d_rel:150000,Pick all the items one by one from transparent tote and place them into the large grey tote.,Wooden spoons,left,left,1774450448632558760,2026-03-25,,phail/v1.0/dataset/rollouts/000000000000/000000000130/meta.json,88f6ede242496c0c5b30ce1fada62e4eb618bd02d0d45f97d9f295938b78c2f8,phail/v1.0/dataset/rollouts/000000000000/000000000130/static.json,ea25d0e82be98f8165211184e0ffbae1aba01d3fd90d687236b23def15a8e6e9,8
000000000131,openpi,270226-ee:199999,Pick all the wooden spoons one by one from transparent tote and place them into the large grey tote.,Wooden spoons,left,left,1774450582366871885,2026-03-25,,phail/v1.0/dataset/rollouts/000000000000/000000000131/meta.json,2e403b617904b98f28daa903443fbbba1f5e6e7b99677076a26ba88ac1c838ea,phail/v1.0/dataset/rollouts/000000000000/000000000131/static.json,b31f375b9969361cccd09853818b90122b32b20aaeb3a3f275afb39cc035024b,8
000000000132,smolvla,170316_ee:200000,Pick all the wooden spoons one by one from transparent tote and place them into the large grey tote.,Wooden spoons,left,left,1774450944853549514,2026-03-25,,phail/v1.0/dataset/rollouts/000000000000/000000000132/meta.json,5c8cd746db5e76554da3e310e633529a02d18b7289b179abc09e4e543cbbbb1c,phail/v1.0/dataset/rollouts/000000000000/000000000132/static.json,d8f7e24d4d2946cf7b1865ea5a0f200c65cc616ad68b84f014d1f7d71a09fe35,8
000000000133,groot,270226-ee_rot6d_rel:150000,Pick all the wooden spoons one by one from transparent tote and place them into the large grey tote.,Wooden spoons,left,left,1774450989309732083,2026-03-25,,phail/v1.0/dataset/rollouts/000000000000/000000000133/meta.json,5813a3d4a7e557464513600ae9a007d9ef65e1178cc5ab102938a7c864a0ef11,phail/v1.0/dataset/rollouts/000000000000/000000000133/static.json,8108a9b873ad8c2d31c1ad6913a27f2faf2b58162461fdd9e4ee0060e8993d7a,8
000000000134,groot,270226-ee_rot6d_rel:150000,Pick all the wooden spoons one by one from transparent tote and place them into the large grey tote.,Wooden spoons,left,left,1774451368800683057,2026-03-25,,phail/v1.0/dataset/rollouts/000000000000/000000000134/meta.json,a5b1b079f56f7567e3b1009c7d173985a91c7f4949c39e86d8ca25114e6e632e,phail/v1.0/dataset/rollouts/000000000000/000000000134/static.json,f074507463b583421b135a604a87fb4976c64d6ea882038246399989ac157788,8
000000000135,groot,270226-ee_rot6d_rel:150000,Pick all the wooden spoons one by one from transparent tote and place them into the large grey tote.,Wooden spoons,left,left,1774451751369547153,2026-03-25,,phail/v1.0/dataset/rollouts/000000000000/000000000135/meta.json,4e141a2ad523a26173438a6d9fba0a743071a70560030f17b093c950766410d8,phail/v1.0/dataset/rollouts/000000000000/000000000135/static.json,e1b9e46fdc6a656ef1f1de64973ec4eb5f4980b1ef2bcaea8370aa524be8d1a0,8
000000000136,act,270226-ee:220000,Pick all the wooden spoons one by one from transparent tote and place them into the large grey tote.,Wooden spoons,left,left,1774452028146680360,2026-03-25,,phail/v1.0/dataset/rollouts/000000000000/000000000136/meta.json,ea1e649dc91d3dc343c44ec7e0b076b4c9344693ad7794b88aa24b1718c0c5ed,phail/v1.0/dataset/rollouts/000000000000/000000000136/static.json,0dc08803faee1704f1340382cb9b91fbe645b458bd6e7d57949d014a83956d9c,8
000000000137,groot,270226-ee_rot6d_rel:150000,Pick all the wooden spoons one by one from transparent tote and place them into the large grey tote.,Wooden spoons,left,left,1774452442396725907,2026-03-25,,phail/v1.0/dataset/rollouts/000000000000/000000000137/meta.json,32111a976f3df27dbe983eb845ec39c5c3652e5bcc4f145417b12da89fd2149f,phail/v1.0/dataset/rollouts/000000000000/000000000137/static.json,4da4fe6e74751e6f5027d2b93c29dcf231ff1b5eb651f87602fe038f7b9c48ab,8
000000000138,act,270226-ee:220000,Pick all the wooden spoons one by one from transparent tote and place them into the large grey tote.,Wooden spoons,left,left,1774452721593253553,2026-03-25,,phail/v1.0/dataset/rollouts/000000000000/000000000138/meta.json,0e33cc6d6f11a7ec8edb114244dcc3dd53206cee17a1494c7f8b18d85e71713f,phail/v1.0/dataset/rollouts/000000000000/000000000138/static.json,47b7e1df991dcb3fda4e37681990660328b5e87bf379b6ebad307e7745d3ce12,8
000000000139,openpi,270226-ee:199999,Pick all the wooden spoons one by one from transparent tote and place them into the large grey tote.,Wooden spoons,left,left,1774453000043882202,2026-03-25,,phail/v1.0/dataset/rollouts/000000000000/000000000139/meta.json,cce56279f147b8b9412758ec9eba6c9f6732eae0d1e5a1fd9f8aa4b547fc7ab4,phail/v1.0/dataset/rollouts/000000000000/000000000139/static.json,0b3bdf649c0f3e32fa974b63e8425d72fa9189fa27538c59aeee659830116acb,8
000000000140,groot,270226-ee_rot6d_rel:150000,Pick all the items one by one from transparent tote and place them into the large grey tote.,Scissors,left,left,1774453383227495706,2026-03-25,,phail/v1.0/dataset/rollouts/000000000000/000000000140/meta.json,bc15da942b5e63fd35852e1f53fe3b1eb64879b9d754814bc39e8a071a0e97f3,phail/v1.0/dataset/rollouts/000000000000/000000000140/static.json,d3ea0c9ddfe798acbf62b08ddffac9681154a52c475eb6c0a3c40c6a57fbede5,8
000000000141,groot,270226-ee_rot6d_rel:150000,Pick all the items one by one from transparent tote and place them into the large grey tote.,Scissors,left,left,1774453848445266608,2026-03-25,,phail/v1.0/dataset/rollouts/000000000000/000000000141/meta.json,8663c80bbee5d88417ff6d4d3a9a5bba229e5436462d0523c53ed1d7c6615afe,phail/v1.0/dataset/rollouts/000000000000/000000000141/static.json,d52aa5d6ee47086267f2a875593d28c503e71a2d15c8398e481f53edb9ca34fe,8
000000000142,groot,270226-ee_rot6d_rel:150000,Pick all the items one by one from transparent tote and place them into the large grey tote.,Scissors,left,left,1774453993951134437,2026-03-25,,phail/v1.0/dataset/rollouts/000000000000/000000000142/meta.json,dfc65372c1f9fc6386aa29c8c0672a934ff6b51c6c6bc38d7c70c283d2a90e08,phail/v1.0/dataset/rollouts/000000000000/000000000142/static.json,cb9c281406b626c691a6674f4429dd0b67b0b3403afebfe5dd3be90299db2eb2,8
000000000143,groot,270226-ee_rot6d_rel:150000,Pick all the items one by one from transparent tote and place them into the large grey tote.,Scissors,left,left,1774454253229355116,2026-03-25,,phail/v1.0/dataset/rollouts/000000000000/000000000143/meta.json,ffa05c913bbfaf3e544579ab1bac3152ebedef953dc465e94179591a643d1dc8,phail/v1.0/dataset/rollouts/000000000000/000000000143/static.json,24348adef624d875e99eef16d3be0f7e916ec97407175e6a851603eeb3a48700,8
000000000144,groot,270226-ee_rot6d_rel:150000,Pick all the items one by one from transparent tote and place them into the large grey tote.,Scissors,left,left,1774454513942346618,2026-03-25,,phail/v1.0/dataset/rollouts/000000000000/000000000144/meta.json,466554ac05789abda1e9135731c7f117531511b710479c71ff9f33d0359d6dfa,phail/v1.0/dataset/rollouts/000000000000/000000000144/static.json,563cd0e631132c04d512b13729309b6ee6d2a089c34545570cfbb2ecdec6801a,8
000000000145,smolvla,170316_ee:200000,Pick all the items one by one from transparent tote and place them into the large grey tote.,Scissors,left,left,1774454823362610875,2026-03-25,,phail/v1.0/dataset/rollouts/000000000000/000000000145/meta.json,0adf46bc6b9aa8654ab6110a581f516f0c2c704897beb4fc86cb4b97895580e6,phail/v1.0/dataset/rollouts/000000000000/000000000145/static.json,33f0159d706b1842253ae1548ee61643982bc137b9451bd05e77c36c4747c099,8
000000000146,smolvla,170316_ee:200000,Pick all the items one by one from transparent tote and place them into the large grey tote.,Towels,right,left,1774455122107376978,2026-03-25,,phail/v1.0/dataset/rollouts/000000000000/000000000146/meta.json,1372b58b265eec8b5160ccac5ec90044dd29e0eeb85dfd1eba85ee104907fea4,phail/v1.0/dataset/rollouts/000000000000/000000000146/static.json,f2759b195286c6908d345067adca170734a1fcced72a68dbdfd6b1d098e5524c,8
000000000147,openpi,270226-ee:199999,Pick all the items one by one from transparent tote and place them into the large grey tote.,Towels,right,left,1774455380867350845,2026-03-25,,phail/v1.0/dataset/rollouts/000000000000/000000000147/meta.json,5601be1747e9dd5455cc8ba1391b62709754f2ff61abc25af70ed137f2be2e8b,phail/v1.0/dataset/rollouts/000000000000/000000000147/static.json,3f3a6b7a3b99ea292361a8159691ccf7e63c93f9e6f7f785eb4b752f251e8bac,8
000000000148,groot,270226-ee_rot6d_rel:150000,Pick all the items one by one from transparent tote and place them into the large grey tote.,Towels,right,left,1774455659080250049,2026-03-25,,phail/v1.0/dataset/rollouts/000000000000/000000000148/meta.json,b1b7ebb85cc5727994d385ca9a85c8fb6b86d67cde87c0a619c126b06c71525c,phail/v1.0/dataset/rollouts/000000000000/000000000148/static.json,831cc18c947df8be82056b9c7e353fe05dd4acbf915ff33c682192d5c3ab0af2,8
000000000149,openpi,270226-ee:199999,Pick all the items one by one from transparent tote and place them into the large grey tote.,Towels,right,left,1774455960046006935,2026-03-25,,phail/v1.0/dataset/rollouts/000000000000/000000000149/meta.json,8cc06e22641b5ffa65d6983d7adb765fea1f7bf93c26ba4b4f38a65af8dd572c,phail/v1.0/dataset/rollouts/000000000000/000000000149/static.json,6be6edc5826dc793e67e61ab9b5dcbf4ea37d44eeff953d1d7168497db36b533,8
000000000150,groot,270226-ee_rot6d_rel:150000,Pick all the items one by one from transparent tote and place them into the large grey tote.,Towels,right,left,1774456240204442223,2026-03-25,,phail/v1.0/dataset/rollouts/000000000000/000000000150/meta.json,81748371b066fc166f46155c0d0d800650c5321f10466f0814f867aeb8deb12c,phail/v1.0/dataset/rollouts/000000000000/000000000150/static.json,dbcb6609d927914d395b9579209153c4d86cdd980ccf6a7becb83c2c6f4f2492,8
000000000151,groot,270226-ee_rot6d_rel:150000,Pick all the items one by one from transparent tote and place them into the large grey tote.,Towels,right,left,1774456517603779286,2026-03-25,,phail/v1.0/dataset/rollouts/000000000000/000000000151/meta.json,fd356eeda0a7d9cbe3bed5dc0753862223f4761f751169b51d1dfaa3a2b430cd,phail/v1.0/dataset/rollouts/000000000000/000000000151/static.json,48c5efe8d2e88770c2c57ce4a335bc3589b45f9bc39b6023f5d2dbb0fbcc6ef8,8
000000000152,groot,270226-ee_rot6d_rel:150000,Pick all the items one by one from transparent tote and place them into the large grey tote.,Towels,right,left,1774456779259234076,2026-03-25,,phail/v1.0/dataset/rollouts/000000000000/000000000152/meta.json,56e1a75cac855e75bae6b6904888297f478e855245800b58ad0c4c7e299cc525,phail/v1.0/dataset/rollouts/000000000000/000000000152/static.json,8ccea36f5cde953d3ac6d174be9c40c72ed6cf5ec577f4c669a72510055a3601,8
000000000153,openpi,270226-ee:199999,Pick all the items one by one from transparent tote and place them into the large grey tote.,Towels,right,left,1774613542341907626,2026-03-27,,phail/v1.0/dataset/rollouts/000000000000/000000000153/meta.json,51c5d326027e749ceee39502e1340f1645acf53065cc784eeb9e58a7a6e246a3,phail/v1.0/dataset/rollouts/000000000000/000000000153/static.json,0549115956118a92fd08ca6c134df50653a11af00e6046ed48fe84bd872a74b2,8
000000000154,smolvla,170316_ee:200000,Pick all the items one by one from transparent tote and place them into the large grey tote.,Towels,left,left,1774613810885620121,2026-03-27,,phail/v1.0/dataset/rollouts/000000000000/000000000154/meta.json,695a0137e25350f9330c261f6e23264b039d333e947739d5e0e0b83107a17ce2,phail/v1.0/dataset/rollouts/000000000000/000000000154/static.json,1f82ada3c3a8e720f0f757363c14f4f94abbfaed454ed4f7ea09c1767a859237,8
000000000155,smolvla,170316_ee:200000,Pick all the items one by one from transparent tote and place them into the large grey tote.,Towels,right,left,1774614105575225491,2026-03-27,,phail/v1.0/dataset/rollouts/000000000000/000000000155/meta.json,626af154ef741629b6708933b8ce798eac653f4e6f0ce46ca82db9002ce17c77,phail/v1.0/dataset/rollouts/000000000000/000000000155/static.json,4883e146b4d643b1c869c71bfcaf09caafb357d0a45993d4c46b1a0859e5b53d,8
000000000156,act,270226-ee:220000,Pick all the items one by one from transparent tote and place them into the large grey tote.,Towels,left,left,1774614418124211428,2026-03-27,,phail/v1.0/dataset/rollouts/000000000000/000000000156/meta.json,4c70ef1d8c020817efd9bb4673b041da5c03c1dfcdd4b41051f744dad44755e1,phail/v1.0/dataset/rollouts/000000000000/000000000156/static.json,874097931ab3616ac38493ef1d26d156101ed30d8c3bc7574790dd457849bc22,8
000000000157,openpi,270226-ee:199999,Pick all the items one by one from transparent tote and place them into the large grey tote.,Towels,right,left,1774614791966108577,2026-03-27,,phail/v1.0/dataset/rollouts/000000000000/000000000157/meta.json,f02d628d765dde2afa707d8c295bbd2d3ed6dd30e1de1a97946c48219fb24236,phail/v1.0/dataset/rollouts/000000000000/000000000157/static.json,f1c5466111f62df4aa0489eafc6adc9ce8915be83fb7003b9357e89b912cbe0e,8
000000000158,openpi,270226-ee:199999,Pick all the items one by one from transparent tote and place them into the large grey tote.,Towels,left,left,1774615065456946351,2026-03-27,,phail/v1.0/dataset/rollouts/000000000000/000000000158/meta.json,323db42a6fcc252891b92f733586b9e82930b39d9e05e6cec3c20649ed23695c,phail/v1.0/dataset/rollouts/000000000000/000000000158/static.json,7f3251a102314eba5b3ee6782f2d46e0ff379b2294efe0f091e58468445bfbb0,8
000000000159,groot,270226-ee_rot6d_rel:150000,Pick all the items one by one from transparent tote and place them into the large grey tote.,Towels,right,left,1774615404954410328,2026-03-27,,phail/v1.0/dataset/rollouts/000000000000/000000000159/meta.json,a4ada63d30f9b8ad5a0c551e550569f7015842c8a80ce91744d39f550350e032,phail/v1.0/dataset/rollouts/000000000000/000000000159/static.json,6f29b2673c28e66fb36ab988e554df09af84329dd4f701760a7cbfba810bc42d,8
000000000160,openpi,270226-ee:199999,Pick all the items one by one from transparent tote and place them into the large grey tote.,Towels,left,left,1774615689893909325,2026-03-27,,phail/v1.0/dataset/rollouts/000000000000/000000000160/meta.json,bddbdb281ed36d9df6b619694a26257ca9e4945d9729c3d544e69c032cda7638,phail/v1.0/dataset/rollouts/000000000000/000000000160/static.json,7ff50d532bd0eb30432ee99515d28d58c91128d4d6fd9ff8fcca34d84f470680,8
000000000161,openpi,270226-ee:199999,Pick all the items one by one from transparent tote and place them into the large grey tote.,Towels,right,left,1774616161393825654,2026-03-27,,phail/v1.0/dataset/rollouts/000000000000/000000000161/meta.json,2e632a221cae0984de48d8f1ad10d00bc66c1d9eafef9d97c9fcefb6d20e0b14,phail/v1.0/dataset/rollouts/000000000000/000000000161/static.json,9cebd660c806a6b828ebff73dd33972b6f289004d8ef1f5aa1916f4adecf599c,8
000000000162,groot,270226-ee_rot6d_rel:150000,Pick all the items one by one from transparent tote and place them into the large grey tote.,Towels,left,left,1774616490055760700,2026-03-27,,phail/v1.0/dataset/rollouts/000000000000/000000000162/meta.json,26f95495fa2a0d282624394fcd4452d49fb0d67e5d1679f4e1048255f1fb9031,phail/v1.0/dataset/rollouts/000000000000/000000000162/static.json,8b2b6546b0ddb049014ca364d902734ff25abce5e59d897612702f25008d8f6f,8
000000000163,smolvla,170316_ee:200000,Pick all the items one by one from transparent tote and place them into the large grey tote.,Towels,right,left,1774616823071851315,2026-03-27,,phail/v1.0/dataset/rollouts/000000000000/000000000163/meta.json,ee35c3f93f283ff89d65d89cc3ca782415081266381ad11a9452a3f7172f9cc2,phail/v1.0/dataset/rollouts/000000000000/000000000163/static.json,4d27767d9b34856e4fc53cf16c06f327698636caa8f7a0e66d2219a2d32321fa,8
000000000164,smolvla,170316_ee:200000,Pick all the items one by one from transparent tote and place them into the large grey tote.,Towels,left,left,1774616917891667995,2026-03-27,,phail/v1.0/dataset/rollouts/000000000000/000000000164/meta.json,b4b0a08ec5f4fd3d0242d6b0167980e3e8fb597aa0e0cbc6630080a9ed25a421,phail/v1.0/dataset/rollouts/000000000000/000000000164/static.json,d5cadb1ba8d7dae1d4d2eda29012903fecb8b2d6a176019248438071ed67ec4b,8
000000000165,smolvla,170316_ee:200000,Pick all the items one by one from transparent tote and place them into the large grey tote.,Towels,right,left,1774617394798082330,2026-03-27,,phail/v1.0/dataset/rollouts/000000000000/000000000165/meta.json,546b35647cc8d45bba15c5a63c33e83854a28def2051e532c7bc2cd88551a7f5,phail/v1.0/dataset/rollouts/000000000000/000000000165/static.json,0511ce417182495acdd5fe9cc22834cf463656ef816d8696f5f0bce3dc6c76d9,8
000000000166,groot,270226-ee_rot6d_rel:150000,Pick all the items one by one from transparent tote and place them into the large grey tote.,Towels,left,left,1774617449185643194,2026-03-27,,phail/v1.0/dataset/rollouts/000000000000/000000000166/meta.json,c707dfbca5ef0cf857d47817826cb4e880467c35c2beaefcf70fe569d5c5c7d6,phail/v1.0/dataset/rollouts/000000000000/000000000166/static.json,f4a74708f20781ec83695c4d3a7b430053fa53481ea95ca4bc494b3e519ab561,8
000000000167,groot,270226-ee_rot6d_rel:150000,Pick all the items one by one from transparent tote and place them into the large grey tote.,Towels,right,left,1774617764386715481,2026-03-27,,phail/v1.0/dataset/rollouts/000000000000/000000000167/meta.json,2e6b24534113cc9f0400ef7c762d37997345d9a536ae19c36aa8db8ab5f2e6b3,phail/v1.0/dataset/rollouts/000000000000/000000000167/static.json,218c918a9b17c66ae6f0c1c692dfaf157a8aade6e9f43318c8b492c19d978861,8
000000000168,act,270226-ee:220000,Pick all the items one by one from transparent tote and place them into the large grey tote.,Towels,left,left,1774618139930957960,2026-03-27,,phail/v1.0/dataset/rollouts/000000000000/000000000168/meta.json,ba02729fc36ba75b845cb76a73d9f6f1bda8c60e0300c9d6b59f23d002fbc4d4,phail/v1.0/dataset/rollouts/000000000000/000000000168/static.json,f023a996aea2d56c6849d528d6d65c29b77c1804cba555526ee4d40dc2afa4d1,8
000000000169,act,270226-ee:220000,Pick all the items one by one from transparent tote and place them into the large grey tote.,Towels,left,right,1774618954001553912,2026-03-27,,phail/v1.0/dataset/rollouts/000000000000/000000000169/meta.json,4e98bd306c1b6d4d11dbd7aecf02cb0e9bbe2807f369b1be2df211b3189fa375,phail/v1.0/dataset/rollouts/000000000000/000000000169/static.json,0d99aa33b20c7fb0ea59ee91687eefbd50c54156c75d156b1177bbb95b42a198,8
000000000170,groot,270226-ee_rot6d_rel:150000,Pick all the items one by one from transparent tote and place them into the large grey tote.,Towels,right,right,1774619306891825325,2026-03-27,,phail/v1.0/dataset/rollouts/000000000000/000000000170/meta.json,bb3c739191c3606881690a5c0fd664df83418c53f5a59db825ab88a30ed6adde,phail/v1.0/dataset/rollouts/000000000000/000000000170/static.json,6c424121619165af47f556d817d0d6e97c3313cbe040a046adc69cc4574843c2,8
000000000171,smolvla,170316_ee:200000,Pick all the items one by one from transparent tote and place them into the large grey tote.,Towels,left,right,1774619820570910249,2026-03-27,,phail/v1.0/dataset/rollouts/000000000000/000000000171/meta.json,05aa0ee51240cc87ab36b22b80b84f636797047bcf0f0f31eb60f89480d69b94,phail/v1.0/dataset/rollouts/000000000000/000000000171/static.json,33305386651909ffe6e9b6c88511dfc8229a4512303eea86319e2e8a104a2220,8
000000000172,openpi,270226-ee:199999,Pick all the items one by one from transparent tote and place them into the large grey tote.,Towels,right,right,1774620545331576845,2026-03-27,,phail/v1.0/dataset/rollouts/000000000000/000000000172/meta.json,169e17b20c0101bceb050115bea1494f52b78fef5042e4103fa443619c1d737d,phail/v1.0/dataset/rollouts/000000000000/000000000172/static.json,819982f02f517f30a185bb996209907f3c614ff7d76fc137765f4172bd94c2a8,8
000000000173,openpi,270226-ee:199999,Pick all the items one by one from transparent tote and place them into the large grey tote.,Towels,left,right,1774620869999320585,2026-03-27,,phail/v1.0/dataset/rollouts/000000000000/000000000173/meta.json,25dc38d81392399a3b2c4927e9cf4699f3ef0b211272bbdd37b4b5cc64d9c8d1,phail/v1.0/dataset/rollouts/000000000000/000000000173/static.json,f9495da0d13ca659c6d954c5acefe8ea577c45888c08e987ef56d735a3069d9c,8
000000000174,smolvla,170316_ee:200000,Pick all the items one by one from transparent tote and place them into the large grey tote.,Towels,right,right,1774621157532050449,2026-03-27,,phail/v1.0/dataset/rollouts/000000000000/000000000174/meta.json,0eaf493accd27e3f889bbb7340a3349287872fbb88b1139cdb28f11ea9b9a81d,phail/v1.0/dataset/rollouts/000000000000/000000000174/static.json,3b12fc6afbe75feb77091410a1d43f0ec96d531c221e5aeb52d87b0c57aad329,8
000000000175,smolvla,170316_ee:200000,Pick all the items one by one from transparent tote and place them into the large grey tote.,Towels,left,right,1774621514183624242,2026-03-27,,phail/v1.0/dataset/rollouts/000000000000/000000000175/meta.json,e04125f07a8a438b59a6e2b6e6f08a0fdfe3647beae442f9f982038bf1696caf,phail/v1.0/dataset/rollouts/000000000000/000000000175/static.json,7050dc4b4e7dcb4c0972d91b5cc6b672e28e7f6251c3750a37a9567b70be9293,8
000000000176,groot,270226-ee_rot6d_rel:150000,Pick all the items one by one from transparent tote and place them into the large grey tote.,Towels,right,right,1774621614451466002,2026-03-27,,phail/v1.0/dataset/rollouts/000000000000/000000000176/meta.json,98eeebcc4ed1d82f4f2c6ba096f1caefa5bac1310e532a15c7449c2526628eb0,phail/v1.0/dataset/rollouts/000000000000/000000000176/static.json,c32507e485433495f770726b27cc1e0f5f037d9c123e6793d7695997d1b05797,8
000000000177,act,270226-ee:220000,Pick all the items one by one from transparent tote and place them into the large grey tote.,Towels,left,right,1774621895479506346,2026-03-27,,phail/v1.0/dataset/rollouts/000000000000/000000000177/meta.json,6b65ebf6f5b9ae0338e520c381dca99bc1bcd6270071093ba3d97de6276e6444,phail/v1.0/dataset/rollouts/000000000000/000000000177/static.json,e164d126e784117ba2ef6ae36c35d5e9b751ac7ec54ff9b86161000994306327,8
000000000178,groot,270226-ee_rot6d_rel:150000,Pick all the items one by one from transparent tote and place them into the large grey tote.,Towels,right,right,1774622326963659145,2026-03-27,,phail/v1.0/dataset/rollouts/000000000000/000000000178/meta.json,154c81aaabcf9f973a2ed5a64bb09881176ba7b6161cc5a6be3e2daa237ad8c4,phail/v1.0/dataset/rollouts/000000000000/000000000178/static.json,24fbda7f53fe558a7bd2eb47b376c1f1ea5ead3a76c584f73f6edb83ccc5fd0a,8
000000000179,openpi,270226-ee:199999,Pick all the items one by one from transparent tote and place them into the large grey tote.,Towels,left,right,1774623775583202570,2026-03-27,,phail/v1.0/dataset/rollouts/000000000000/000000000179/meta.json,7f50677824014c5341d06de2b6d9a0c475fd5027838976b8b6269a373802733b,phail/v1.0/dataset/rollouts/000000000000/000000000179/static.json,cc226d5408852f2e392d4a8b7d605cc7776f8c5bc3da85c0addfc4c687fbb80b,8
000000000180,openpi,270226-ee:199999,Pick all the items one by one from transparent tote and place them into the large grey tote.,Towels,right,right,1774624139608059830,2026-03-27,,phail/v1.0/dataset/rollouts/000000000000/000000000180/meta.json,70313f8dad82d1d7637da72af9f085dff3db03f965f8400261ec6ce8a6735299,phail/v1.0/dataset/rollouts/000000000000/000000000180/static.json,9f7d962ffbd3feb5d1734a3c7c6a4fa2679e2a44a101bb254ffcb650ce5fafd1,8
000000000181,groot,270226-ee_rot6d_rel:150000,Pick all the items one by one from transparent tote and place them into the large grey tote.,Towels,left,right,1774624467033193678,2026-03-27,,phail/v1.0/dataset/rollouts/000000000000/000000000181/meta.json,57084bfab1cceb3e508acb9a9afd9fc8e677933bd76374445b436927b2375531,phail/v1.0/dataset/rollouts/000000000000/000000000181/static.json,b8b8ad733aeb19aef0dafbeace288e09410fbafb4952272e1a0d5b7ffb62d99e,8
000000000182,groot,270226-ee_rot6d_rel:150000,Pick all the items one by one from transparent tote and place them into the large grey tote.,Towels,right,right,1774624770961476864,2026-03-27,,phail/v1.0/dataset/rollouts/000000000000/000000000182/meta.json,a889d808250cd9cdd7b722868f0e2be788cc15ee04dda9a3bc1394d29ce816e6,phail/v1.0/dataset/rollouts/000000000000/000000000182/static.json,fb210e34d6a441c6a92c42779939e0c8388d3a1b29109ae4b478c340833bfa68,8
000000000183,groot,270226-ee_rot6d_rel:150000,Pick all the items one by one from transparent tote and place them into the large grey tote.,Towels,left,right,1774625071471604892,2026-03-27,,phail/v1.0/dataset/rollouts/000000000000/000000000183/meta.json,d70ed4a6e166d7d993036cdc50196b3721040542577765b1648d28ce862a1206,phail/v1.0/dataset/rollouts/000000000000/000000000183/static.json,543bf4fbd72226b532bd83baa1094e53c4f64de45dec1d650efdcad77ba0109e,8
000000000184,groot,270226-ee_rot6d_rel:150000,Pick all the items one by one from transparent tote and place them into the large grey tote.,Towels,right,right,1774625357487633381,2026-03-27,,phail/v1.0/dataset/rollouts/000000000000/000000000184/meta.json,2233ce6466001be4c89794c0f537fd6c54ccbb15f3f8e6e019f77c9b0297659b,phail/v1.0/dataset/rollouts/000000000000/000000000184/static.json,3bc8f08e8536a0cf8921239a160137009bf625d510f3cfd27bb81ff61212ffc4,8
000000000185,smolvla,170316_ee:200000,Pick all the items one by one from transparent tote and place them into the large grey tote.,Towels,left,right,1774625653255204251,2026-03-27,,phail/v1.0/dataset/rollouts/000000000000/000000000185/meta.json,0db547ede9dd815e688c26a836531656c9a26e21a0cc372b103bdee1f16dde67,phail/v1.0/dataset/rollouts/000000000000/000000000185/static.json,5f5e2542fdec13e377b9fbcbbc9d699f556596591ba08a616e9112528c163f6c,8
000000000186,groot,270226-ee_rot6d_rel:150000,Pick all the items one by one from transparent tote and place them into the large grey tote.,Batteries,left,right,1774625849464435741,2026-03-27,,phail/v1.0/dataset/rollouts/000000000000/000000000186/meta.json,caab0946127f1116e0e80393040f150f81ecc27c8003174097fa525153b268ec,phail/v1.0/dataset/rollouts/000000000000/000000000186/static.json,bf20e433ec38899a1162237704d037df41048e40c49f7dc8bcd433b6dcb8aeaf,8
000000000187,act,270226-ee:220000,Pick all the items one by one from transparent tote and place them into the large grey tote.,Batteries,right,right,1774626131999023641,2026-03-27,,phail/v1.0/dataset/rollouts/000000000000/000000000187/meta.json,20faef997a303ad0662cfe93aba65bef8bd1ff425b85b1cfdcbc1e6a15d323f2,phail/v1.0/dataset/rollouts/000000000000/000000000187/static.json,b96777351e1cda612fefb424d0e4f59712e7296d539dcf090c83a6e9458b8888,8
000000000188,groot,270226-ee_rot6d_rel:150000,Pick all the items one by one from transparent tote and place them into the large grey tote.,Batteries,left,right,1774626337180409881,2026-03-27,,phail/v1.0/dataset/rollouts/000000000000/000000000188/meta.json,98d4b27690a57ea5f0cd8982e764236f10106f8da01779fdc3b90a754e8826d5,phail/v1.0/dataset/rollouts/000000000000/000000000188/static.json,111ed3324cd75c61da0242fcefc3be33597077051c91c5ab476ca13d0015ced0,8
000000000189,openpi,270226-ee:199999,Pick all the items one by one from transparent tote and place them into the large grey tote.,Batteries,right,right,1774626626139615002,2026-03-27,,phail/v1.0/dataset/rollouts/000000000000/000000000189/meta.json,b4e8847c7bd557a24fba48986526cf3a9ec3a1cf808c5212f50ad2657b34a92a,phail/v1.0/dataset/rollouts/000000000000/000000000189/static.json,b7aa237fe8cd709fca991b4b33780e38e07787ceef62a601e9bc407db9033c5a,8
000000000190,smolvla,170316_ee:200000,Pick all the items one by one from transparent tote and place them into the large grey tote.,Batteries,left,right,1774626690469501738,2026-03-27,,phail/v1.0/dataset/rollouts/000000000000/000000000190/meta.json,d679058afb3628181b149bbaf535e7405d623e4d477e30d02f7a21537aa201b0,phail/v1.0/dataset/rollouts/000000000000/000000000190/static.json,0b54613ee9cc3f8db361d0d21b8c06a13f7c7c0e6862d4395e0207ca565d0797,8
000000000191,smolvla,170316_ee:200000,Pick all the items one by one from transparent tote and place them into the large grey tote.,Batteries,right,right,1774627018830682050,2026-03-27,,phail/v1.0/dataset/rollouts/000000000000/000000000191/meta.json,8e9ce126f25f4273d488294667390fea954f84ffd486091f8ea362dd664da574,phail/v1.0/dataset/rollouts/000000000000/000000000191/static.json,3b81665d71de2d5a892cc6b1637b2a9e4ebc392642a1786bce254a8af3b93694,8
000000000192,groot,270226-ee_rot6d_rel:150000,Pick all the items one by one from transparent tote and place them into the large grey tote.,Batteries,left,right,1774627326377242967,2026-03-27,,phail/v1.0/dataset/rollouts/000000000000/000000000192/meta.json,c6d0d8e84471a02eda0aa07e130389cd2f3676eec10434cb4cd6f86e6b95438e,phail/v1.0/dataset/rollouts/000000000000/000000000192/static.json,97b3f035e970ea89cadd1ffa0c47d5c5c8ca01e1f1f74eaeb68ce9ff22f41fb1,8
000000000193,groot,270226-ee_rot6d_rel:150000,Pick all the items one by one from transparent tote and place them into the large grey tote.,Batteries,right,right,1774627677102336271,2026-03-27,,phail/v1.0/dataset/rollouts/000000000000/000000000193/meta.json,3bd3a348fdcaa3779ab60526eb43ed0d9301a91747cd83851d4e2a40e3df8f6f,phail/v1.0/dataset/rollouts/000000000000/000000000193/static.json,edf80175195e8083a571628ce17944f6da7a82f1a51c994a790d9aa8a6aedc56,8
000000000194,openpi,270226-ee:199999,Pick all the items one by one from transparent tote and place them into the large grey tote.,Batteries,left,right,1774627961983332203,2026-03-27,,phail/v1.0/dataset/rollouts/000000000000/000000000194/meta.json,1bf6b281aa7e3f2599c9cb4ca5ce01b71de90b9442a76d6b01588fd126e2d908,phail/v1.0/dataset/rollouts/000000000000/000000000194/static.json,80b0a065f1f6181b1cc0bd6951f0fd4f1e05f1c3dcd5a46c52c020d5a286a369,8
000000000195,groot,270226-ee_rot6d_rel:150000,Pick all the items one by one from transparent tote and place them into the large grey tote.,Batteries,right,right,1774628253212947168,2026-03-27,,phail/v1.0/dataset/rollouts/000000000000/000000000195/meta.json,50889c49d236a425310c1017d1122ea7324724a1b6924bd91bcfaff1cb00d682,phail/v1.0/dataset/rollouts/000000000000/000000000195/static.json,3031408bc27c389c43b3a4ae0f19e1034df7e23739c857ae3064776efb6972b9,8
000000000196,smolvla,170316_ee:200000,Pick all the items one by one from transparent tote and place them into the large grey tote.,Batteries,left,right,1774628532690794705,2026-03-27,,phail/v1.0/dataset/rollouts/000000000000/000000000196/meta.json,f0979ef0cbd86e86fec4df895c60c22de50c24aabc3c62d760a1335b863e5490,phail/v1.0/dataset/rollouts/000000000000/000000000196/static.json,b53e9bdee87dd576dad710804aa233931ad12d9bc2c34798311216f577ab7c09,8
000000000197,groot,270226-ee_rot6d_rel:150000,Pick all the items one by one from transparent tote and place them into the large grey tote.,Batteries,right,right,1774628615099790858,2026-03-27,,phail/v1.0/dataset/rollouts/000000000000/000000000197/meta.json,cc9f6bf5eb3cfd86bfce9f9baedb69ada4c9425cd5c680f5d07a4a7f812b0b5b,phail/v1.0/dataset/rollouts/000000000000/000000000197/static.json,e4af5529ba1a903ebc75b7375386f1aed097edfc568fd2e1bc2591b927e4c2b2,8
000000000198,groot,270226-ee_rot6d_rel:150000,Pick all the items one by one from transparent tote and place them into the large grey tote.,Batteries,left,right,1774628898335127676,2026-03-27,,phail/v1.0/dataset/rollouts/000000000000/000000000198/meta.json,9ef88aadedcaec461063f8202ac7dbad16e1826957ee120ed790ae72cf8c13a0,phail/v1.0/dataset/rollouts/000000000000/000000000198/static.json,2bb4b56eced3718e143ecc5d255f96cc6abcfd20db744f5052bdfcab3e111af8,8
000000000199,groot,270226-ee_rot6d_rel:150000,Pick all the items one by one from transparent tote and place them into the large grey tote.,Batteries,left,left,1774630072463893769,2026-03-27,,phail/v1.0/dataset/rollouts/000000000000/000000000199/meta.json,4d2c7d3d9992a74af8e314ec073e17ed25f4d3365174fb71bc329a926def74a6,phail/v1.0/dataset/rollouts/000000000000/000000000199/static.json,67ef3374c61b8ceb614e61be13a6c8613a386e2f6fae561db6963913eeb4459c,8
000000000200,openpi,270226-ee:199999,Pick all the items one by one from transparent tote and place them into the large grey tote.,Batteries,right,left,1774764897795275025,2026-03-29,,phail/v1.0/dataset/rollouts/000000000000/000000000200/meta.json,586841bc536eb193b1f38de77098dc41c75b9053aff63dd53b4561b003d42b6e,phail/v1.0/dataset/rollouts/000000000000/000000000200/static.json,8bd1c9d60d0000ba9fec96e8fc7c0db94734825f0961109804551e370d625014,8
000000000201,act,270226-ee:220000,Pick all the items one by one from transparent tote and place them into the large grey tote.,Batteries,left,left,1774765224433746262,2026-03-29,,phail/v1.0/dataset/rollouts/000000000000/000000000201/meta.json,ccd018876e9e4e20ee07d8f0478b4d1e0ff0df210410fee2b145cab12389b368,phail/v1.0/dataset/rollouts/000000000000/000000000201/static.json,7b899912dd4a4b06fe0cb24c636d99783e971402facc932dd60fd9bd9dccefcb,8
000000000202,groot,270226-ee_rot6d_rel:150000,Pick all the items one by one from transparent tote and place them into the large grey tote.,Batteries,right,left,1774765504220941528,2026-03-29,,phail/v1.0/dataset/rollouts/000000000000/000000000202/meta.json,3322425431da14e2d797cfcaa798d007b8a631f6af7995e78c0e5cbf23cf6e65,phail/v1.0/dataset/rollouts/000000000000/000000000202/static.json,d5b84bdaa8bcd53fb30b7e8afad0723a4eae7839fd88ef2b5d6056ff60042f24,8
000000000203,groot,270226-ee_rot6d_rel:150000,Pick all the items one by one from transparent tote and place them into the large grey tote.,Batteries,left,left,1774765804663561197,2026-03-29,,phail/v1.0/dataset/rollouts/000000000000/000000000203/meta.json,24d1f49e8177fdee04e4d302bbcfeac084b29ce7b454177cca4a1336d5a277c1,phail/v1.0/dataset/rollouts/000000000000/000000000203/static.json,a60a1b32e88fbf853ffdaa57082a2aef5b056167f6fd247cda20ee3d0943cae0,8
000000000204,openpi,270226-ee:199999,Pick all the items one by one from transparent tote and place them into the large grey tote.,Batteries,right,left,1774766145356182950,2026-03-29,,phail/v1.0/dataset/rollouts/000000000000/000000000204/meta.json,f2275e4fe1b26f40bc56d5fff4533cbc193f063cc3509345f3bdd4c19c95b792,phail/v1.0/dataset/rollouts/000000000000/000000000204/static.json,3adfc1b760e20e75577c6707aa108f6496daa4242b03c485bdb4c40099f39f7a,8
000000000205,groot,270226-ee_rot6d_rel:150000,Pick all the items one by one from transparent tote and place them into the large grey tote.,Batteries,left,left,1774766410749754665,2026-03-29,,phail/v1.0/dataset/rollouts/000000000000/000000000205/meta.json,4f6832b96827a68c8cf2e646837e6c9a01b2ed1de3d7dd5f77145fb034749bd0,phail/v1.0/dataset/rollouts/000000000000/000000000205/static.json,b465b530b2139aa18faec780fef77c7bcfb88cecab6ed65319f9532a9f317d55,8
000000000206,smolvla,170316_ee:200000,Pick all the items one by one from transparent tote and place them into the large grey tote.,Batteries,right,left,1774766691079930760,2026-03-29,,phail/v1.0/dataset/rollouts/000000000000/000000000206/meta.json,3b1aa9ccd551c46d8853cfaad5877520b2d4fdfc5720b566c9731f8f6aeafb94,phail/v1.0/dataset/rollouts/000000000000/000000000206/static.json,50eedae8306a3a671f53e5f0225b2c0dde741936b02f6a040678b732955836ba,8
000000000207,act,270226-ee:220000,Pick all the items one by one from transparent tote and place them into the large grey tote.,Batteries,left,left,1774767107953667525,2026-03-29,,phail/v1.0/dataset/rollouts/000000000000/000000000207/meta.json,6e846f70fc2f38ba79594bd4cef5db08c7c36192c353deedebc5a95b90828773,phail/v1.0/dataset/rollouts/000000000000/000000000207/static.json,1c85f8ecf52807b48032ac09fdaf51f37747f13a46a7cdf4232a624240b57848,8
000000000208,smolvla,170316_ee:200000,Pick all the items one by one from transparent tote and place them into the large grey tote.,Batteries,right,left,1774767398368642712,2026-03-29,,phail/v1.0/dataset/rollouts/000000000000/000000000208/meta.json,81c9334dfe709f599a666bf15560bcffaaa5e87f2c82b10c18b2f5c28563f7a4,phail/v1.0/dataset/rollouts/000000000000/000000000208/static.json,50f729fc339f817c8cb0b825557eaed770e7045676c78773587279989d2431ad,8
000000000209,openpi,270226-ee:199999,Pick all the items one by one from transparent tote and place them into the large grey tote.,Batteries,left,left,1774767754960727915,2026-03-29,,phail/v1.0/dataset/rollouts/000000000000/000000000209/meta.json,f7556a87d834e4cbe2bf4362a4416e9a8969e394a5338a992106e6f746bbf965,phail/v1.0/dataset/rollouts/000000000000/000000000209/static.json,20c17a73005a1deff7e9db7d61198c4a71ed8bf0ba81fa0e171ca1abcf1efd3e,8
000000000210,groot,270226-ee_rot6d_rel:150000,Pick all the items one by one from transparent tote and place them into the large grey tote.,Batteries,right,left,1774768141040127235,2026-03-29,,phail/v1.0/dataset/rollouts/000000000000/000000000210/meta.json,d2553ef388ba131fc6e09f2c8a614bfee420fb56934d40440813f839a7117775,phail/v1.0/dataset/rollouts/000000000000/000000000210/static.json,e9ca459b96f2edc45dbab784fc25f654ad20f2cf20d975871552d350f3717211,8
000000000211,groot,270226-ee_rot6d_rel:150000,Pick all the items one by one from transparent tote and place them into the large grey tote.,Batteries,left,left,1774768426744607809,2026-03-29,,phail/v1.0/dataset/rollouts/000000000000/000000000211/meta.json,67714fb6fb6cd19e7a4eddc5fa0319ee3e75f6a17fa254c1c20edf537435e2be,phail/v1.0/dataset/rollouts/000000000000/000000000211/static.json,9277b1716781d5d945c66d8e0fe0b18ab8f6abbf6a0ab4686214af909a6a771c,8
000000000212,groot,270226-ee_rot6d_rel:150000,Pick all the items one by one from transparent tote and place them into the large grey tote.,Scissors,left,left,1774768825896792046,2026-03-29,,phail/v1.0/dataset/rollouts/000000000000/000000000212/meta.json,c5291b5400975b0dbe89ed781fba22c3efe9815950627257ff2a1dc373aa1b45,phail/v1.0/dataset/rollouts/000000000000/000000000212/static.json,32164966b67c1d65ea59fd0d25dba778ff8ab5d407f6adfea457ee542e629a54,8
000000000213,openpi,270226-ee:199999,Pick all the items one by one from transparent tote and place them into the large grey tote.,Scissors,right,left,1774769112185035703,2026-03-29,,phail/v1.0/dataset/rollouts/000000000000/000000000213/meta.json,e86fe11ebae9d1702edae8ee6048c82c214b556bee04781d03db8599fee5ea90,phail/v1.0/dataset/rollouts/000000000000/000000000213/static.json,6df29bc154052a161401378569cf8497ddffac569da588e85da7f644404ab06a,8
000000000214,openpi,270226-ee:199999,Pick all the items one by one from transparent tote and place them into the large grey tote.,Scissors,left,left,1774769391774016073,2026-03-29,,phail/v1.0/dataset/rollouts/000000000000/000000000214/meta.json,f4fb7da41d3cf7254b47700a489ff5428f965d8d7c660de62588c8c76b45ea91,phail/v1.0/dataset/rollouts/000000000000/000000000214/static.json,9fbdf1e0a811ae4464a543d59625b6989d485ce901a12d3608495b31973cd6fe,8
000000000215,openpi,270226-ee:199999,Pick all the items one by one from transparent tote and place them into the large grey tote.,Scissors,right,left,1774769689350782917,2026-03-29,,phail/v1.0/dataset/rollouts/000000000000/000000000215/meta.json,02ed04b8e19d10e998a67d9049253a5eafef914448c6f14b592da6ea12debe23,phail/v1.0/dataset/rollouts/000000000000/000000000215/static.json,7ba3118df79248c2aa9e7e4308bc27a0de967668ec35b8c1cbc4fdd903350a0e,8
000000000216,act,270226-ee:220000,Pick all the items one by one from transparent tote and place them into the large grey tote.,Scissors,left,left,1774769962107026118,2026-03-29,,phail/v1.0/dataset/rollouts/000000000000/000000000216/meta.json,45a6f6c8b86f143c4df04412dff8243f3a9d42eecc386fa1a33b92d330bdce19,phail/v1.0/dataset/rollouts/000000000000/000000000216/static.json,451f010e1a4a11fbad897235515b136b3217fd9caa39dc2c0328f6e01eb6bb1b,8
000000000217,groot,270226-ee_rot6d_rel:150000,Pick all the items one by one from transparent tote and place them into the large grey tote.,Scissors,right,left,1774770245813986770,2026-03-29,,phail/v1.0/dataset/rollouts/000000000000/000000000217/meta.json,050bd565dd6c897da6c256d82963210017e4ebdcbf6a91f49caa7c32adc6447d,phail/v1.0/dataset/rollouts/000000000000/000000000217/static.json,7d25d589fd10d8c6901762f5671c87190eed29e230db5449de8779a196ef5ff7,8
000000000218,groot,270226-ee_rot6d_rel:150000,Pick all the items one by one from transparent tote and place them into the large grey tote.,Scissors,right,left,1774771087324570213,2026-03-29,,phail/v1.0/dataset/rollouts/000000000000/000000000218/meta.json,2e3319ac2786236fca069ef86b3f16c05cba76ac5970ea50de1f5a9ec393637d,phail/v1.0/dataset/rollouts/000000000000/000000000218/static.json,0676c691371e3d5731cf329cb4d0d706c561f5dd0cbf04c6fb9604c432c6530e,8
000000000219,smolvla,170316_ee:200000,Pick all the items one by one from transparent tote and place them into the large grey tote.,Scissors,left,left,1774771373860522808,2026-03-29,,phail/v1.0/dataset/rollouts/000000000000/000000000219/meta.json,55e86c95a05d5d12f73f3dc53608fdf734fd69aef29c7fa55ec0d1761e69393b,phail/v1.0/dataset/rollouts/000000000000/000000000219/static.json,6216fa4772c217c1156dbf16da0e7dd1415b011a0efc0fc1714cba69eee17adc,8
000000000220,groot,270226-ee_rot6d_rel:150000,Pick all the items one by one from transparent tote and place them into the large grey tote.,Scissors,right,left,1774771686575321236,2026-03-29,,phail/v1.0/dataset/rollouts/000000000000/000000000220/meta.json,7a8e36022b59c7a8752202f29e3c70c5f241c0828f473c10c10577a156aebed3,phail/v1.0/dataset/rollouts/000000000000/000000000220/static.json,1f29c3ac9b1953b3615771a437e6152b1f859891f3be247f05f4b2acbfe3a032,8
000000000221,openpi,270226-ee:199999,Pick all the items one by one from transparent tote and place them into the large grey tote.,Scissors,left,left,1774772073241112392,2026-03-29,,phail/v1.0/dataset/rollouts/000000000000/000000000221/meta.json,616539c6460a5bcfda9de73015aa6a6073f716485145591d348f72aa1fa48ee0,phail/v1.0/dataset/rollouts/000000000000/000000000221/static.json,65ca4c606f19b5885e2be8636c564dba1732ad22c688adb4a681b5174ed1becb,8
000000000222,groot,270226-ee_rot6d_rel:150000,Pick all the items one by one from transparent tote and place them into the large grey tote.,Scissors,right,right,1774772458266741275,2026-03-29,,phail/v1.0/dataset/rollouts/000000000000/000000000222/meta.json,4e23a26abbb42cfaa64fed6071ea105991d53d9eaa2535931268a94e8ffc203d,phail/v1.0/dataset/rollouts/000000000000/000000000222/static.json,84d3dccf23ed539e965c93b317c6e994972c06160763bec70c1b87083e58e480,8
000000000223,smolvla,170316_ee:200000,Pick all the items one by one from transparent tote and place them into the large grey tote.,Scissors,left,right,1774772736542919698,2026-03-29,,phail/v1.0/dataset/rollouts/000000000000/000000000223/meta.json,8b7bf09b2281ee0ba107ea2d962d8b336c5329348804f77dab56fd825f4f00c6,phail/v1.0/dataset/rollouts/000000000000/000000000223/static.json,cfd88649397722db03d2574d60bd5d5ca012857e03510dd5c9e3edf9446a3f62,8
000000000224,act,270226-ee:220000,Pick all the items one by one from transparent tote and place them into the large grey tote.,Scissors,right,right,1774773024733862753,2026-03-29,,phail/v1.0/dataset/rollouts/000000000000/000000000224/meta.json,ca67d0a1904b262997dd8e9a88099a2d17bd651ac6b5f5538ce12319001c1324,phail/v1.0/dataset/rollouts/000000000000/000000000224/static.json,7d0c473c3096d25592ef60f45df5611714863a2fe1252f4d5e1882f7059ac605,8
000000000225,smolvla,170316_ee:200000,Pick all the items one by one from transparent tote and place them into the large grey tote.,Scissors,left,right,1774773316015679084,2026-03-29,,phail/v1.0/dataset/rollouts/000000000000/000000000225/meta.json,ebb0f7a535c54cd5cf48184133b73267c52a9278027e3c82cbc6c9881031495e,phail/v1.0/dataset/rollouts/000000000000/000000000225/static.json,9fe275a5e657c91b7c253917e2fb5471706d74e8f2bea78c9a26fbc993a68219,8
000000000226,openpi,270226-ee:199999,Pick all the items one by one from transparent tote and place them into the large grey tote.,Scissors,right,right,1774773504761583461,2026-03-29,,phail/v1.0/dataset/rollouts/000000000000/000000000226/meta.json,5bc9350c82c872ef4774d4f398a036e459685df9740303a460c2e53adae6242d,phail/v1.0/dataset/rollouts/000000000000/000000000226/static.json,c18d085a047438716dd866220eb56562d06f44d78acf9495f14e5506b73f7f9e,8
000000000227,groot,270226-ee_rot6d_rel:150000,Pick all the items one by one from transparent tote and place them into the large grey tote.,Scissors,left,right,1774773766550661379,2026-03-29,,phail/v1.0/dataset/rollouts/000000000000/000000000227/meta.json,eb28ae67dc904d5d5dd71990973976462e524144a107f1803485c0bebc12d14e,phail/v1.0/dataset/rollouts/000000000000/000000000227/static.json,c5418fa0cfeccc9b0625db88e08b86dd5e2c1629be3dbe6b86a8e772b5ab9acd,8
000000000228,act,270226-ee:220000,Pick all the items one by one from transparent tote and place them into the large grey tote.,Scissors,right,right,1774774035623497016,2026-03-29,,phail/v1.0/dataset/rollouts/000000000000/000000000228/meta.json,67c17f5d2ba6c3dbe0b870432f8ba5bcdf99835f2330384cd9735fc65ff55669,phail/v1.0/dataset/rollouts/000000000000/000000000228/static.json,c7052cfba9ee95dfad9c97909d173273c169c514789109308119ffe7e5ffb3b0,8
000000000229,smolvla,170316_ee:200000,Pick all the items one by one from transparent tote and place them into the large grey tote.,Scissors,left,right,1774774216276004113,2026-03-29,,phail/v1.0/dataset/rollouts/000000000000/000000000229/meta.json,574944632db40c82642f7e4f8ee22e47e463b9a36b50f50e9a1002fd3e961057,phail/v1.0/dataset/rollouts/000000000000/000000000229/static.json,9418344eb2ab19e08f402669f9a42f13147cfe68e3b68542fa4b35bea728cec1,8
000000000230,smolvla,170316_ee:200000,Pick all the items one by one from transparent tote and place them into the large grey tote.,Scissors,right,right,1774774495088946635,2026-03-29,,phail/v1.0/dataset/rollouts/000000000000/000000000230/meta.json,4e37da8842cef19425a8f091175ff867ab3e861217fb76d52a7e9dd4007a638e,phail/v1.0/dataset/rollouts/000000000000/000000000230/static.json,28d3a6d7ef5edd17ee6eda7e6bcac8a78051f159ec829aee763dad93847e9e9b,8
000000000231,smolvla,170316_ee:200000,Pick all the items one by one from transparent tote and place them into the large grey tote.,Scissors,left,right,1774774540888762707,2026-03-29,,phail/v1.0/dataset/rollouts/000000000000/000000000231/meta.json,0629ba12f1127f2bb8d50184b45ae114200f61ef608646a135bd5aafad1f4d63,phail/v1.0/dataset/rollouts/000000000000/000000000231/static.json,9f389be2df329db4180a6490310bd170ffd72b1975c327347c3700d671777446,8
000000000232,groot,270226-ee_rot6d_rel:150000,Pick all the items one by one from transparent tote and place them into the large grey tote.,Towels,left,right,1774774893209209261,2026-03-29,,phail/v1.0/dataset/rollouts/000000000000/000000000232/meta.json,57ff33752631c2c08d73543168428c220830647543eb5ec69c6c48de3434709c,phail/v1.0/dataset/rollouts/000000000000/000000000232/static.json,c87db2006da906eaa7232d8109b255e524db58edf25e347d341bd131c2b5dd11,8
000000000233,smolvla,170316_ee:200000,Pick all the items one by one from transparent tote and place them into the large grey tote.,Towels,right,right,1774775167712267377,2026-03-29,,phail/v1.0/dataset/rollouts/000000000000/000000000233/meta.json,746fe53e84d88a35d419161ded2d9377e0ecf9384d22fe60ef0571152a7741db,phail/v1.0/dataset/rollouts/000000000000/000000000233/static.json,05d9db1393190106e7564526053f10809aac52ed1fb00503a0096cc746025695,8
000000000234,groot,270226-ee_rot6d_rel:150000,Pick all the items one by one from transparent tote and place them into the large grey tote.,Towels,left,right,1774775459372587838,2026-03-29,,phail/v1.0/dataset/rollouts/000000000000/000000000234/meta.json,ebaf338cb382261134f6aefac85cff0286efc962386cc4274b937b775dd0aee4,phail/v1.0/dataset/rollouts/000000000000/000000000234/static.json,22daef4877ba40c1cd0d03f51cf5e1f967ca068bc20170b8762f1890fc5e0bb9,8
000000000235,smolvla,170316_ee:200000,Pick all the items one by one from transparent tote and place them into the large grey tote.,Towels,right,right,1774775778590455504,2026-03-29,,phail/v1.0/dataset/rollouts/000000000000/000000000235/meta.json,d7893280a04110f634c51194974fe29a2ac52f7eb472a2badf1999c8c50aa023,phail/v1.0/dataset/rollouts/000000000000/000000000235/static.json,67d053ffd6bb5dc906ced8251e71ce9c5cb7d61a1a33e509108b7f7ffc6d2d99,8
000000000236,groot,270226-ee_rot6d_rel:150000,Pick all the items one by one from transparent tote and place them into the large grey tote.,Towels,left,right,1774775848157855846,2026-03-29,,phail/v1.0/dataset/rollouts/000000000000/000000000236/meta.json,0d3089f1957cfed30b6e1282feb443a9b173239bab79cecd1a6da65556dbc467,phail/v1.0/dataset/rollouts/000000000000/000000000236/static.json,fabffebddf6d4719023ce1eab0cf40d546fb6d200000310a4e2f88a0d5abc48c,8
000000000237,openpi,270226-ee:199999,Pick all the items one by one from transparent tote and place them into the large grey tote.,Towels,right,left,1774776628857255224,2026-03-29,,phail/v1.0/dataset/rollouts/000000000000/000000000237/meta.json,399f8ac4872087a5a73c754c966a56ec939ffd79ce89c0f3390c9a7462b8c929,phail/v1.0/dataset/rollouts/000000000000/000000000237/static.json,c88788e5bddc029312c9b8221179046f2c13cf0d0018b0ad9e463a2e3534ba22,8
000000000238,groot,270226-ee_rot6d_rel:150000,Pick all the items one by one from transparent tote and place them into the large grey tote.,Towels,left,left,1774776743953889700,2026-03-29,,phail/v1.0/dataset/rollouts/000000000000/000000000238/meta.json,306849069d63f1612539a2521a02631f4a3d82a599c626b0e536b51dfb3e02ea,phail/v1.0/dataset/rollouts/000000000000/000000000238/static.json,fcffe608f4044108a7d962a0d9ee95cc5166b029fee5c43c5af5f57bfc8feb4a,8
000000000239,groot,270226-ee_rot6d_rel:150000,Pick all the items one by one from transparent tote and place them into the large grey tote.,Towels,right,left,1774777046647638671,2026-03-29,,phail/v1.0/dataset/rollouts/000000000000/000000000239/meta.json,08bf5248d5e7236853ed422374397c00cda818481d530634529a8aefc8aa3d09,phail/v1.0/dataset/rollouts/000000000000/000000000239/static.json,90288421bba3c8d116a6c5f82a5aa751705642ac914a1ec93700ae49304bd41c,8
000000000240,openpi,270226-ee:199999,Pick all the items one by one from transparent tote and place them into the large grey tote.,Towels,left,left,1774777988836277689,2026-03-29,,phail/v1.0/dataset/rollouts/000000000000/000000000240/meta.json,4480113ac8cf59f4a99629d1a5b4c3db4e10c5268471c3ffdf4d1b2cc72641df,phail/v1.0/dataset/rollouts/000000000000/000000000240/static.json,489b7228dfcdbae2a418d54389dbd9b142339200d5d940b59045f2391a5e049b,8
000000000241,act,270226-ee:220000,Pick all the items one by one from transparent tote and place them into the large grey tote.,Towels,right,left,1774778395194490813,2026-03-29,,phail/v1.0/dataset/rollouts/000000000000/000000000241/meta.json,06f652bb505868b820f28630602475267d36d44611c2c02b496e1d25d4b8cfb2,phail/v1.0/dataset/rollouts/000000000000/000000000241/static.json,fcf8a77ddcaa36c7f17d8bab27a07c6566874eb6de2796ba486a687e24a88050,8
000000000242,groot,270226-ee_rot6d_rel:150000,Pick all the items one by one from transparent tote and place them into the large grey tote.,Towels,left,left,1774778666846383148,2026-03-29,,phail/v1.0/dataset/rollouts/000000000000/000000000242/meta.json,857d97ded28c85b311cc27bd47ee39db97238fad568d70c482c66f83c97a7ff5,phail/v1.0/dataset/rollouts/000000000000/000000000242/static.json,f06ce4bea1b2fd5fa8d49b1574b015930d0b85653b8b724b5e07c3a904852ad4,8
000000000243,smolvla,170316_ee:200000,Pick all the items one by one from transparent tote and place them into the large grey tote.,Batteries,left,left,1774779149446503704,2026-03-29,,phail/v1.0/dataset/rollouts/000000000000/000000000243/meta.json,42cec848cefdbd8ba0ec66c27457b56527d382cb7cb5f6769fb798680fd62e9a,phail/v1.0/dataset/rollouts/000000000000/000000000243/static.json,90461b309d566af35cc30366fad6e5b543a68497a21cae274ea5dc8f5d5ea2f8,8
000000000244,openpi,270226-ee:199999,Pick all the items one by one from transparent tote and place them into the large grey tote.,Batteries,right,left,1774779435567620242,2026-03-29,,phail/v1.0/dataset/rollouts/000000000000/000000000244/meta.json,473402c34c972a08e3287226b684443edc13918252e9e4da613957604fe49761,phail/v1.0/dataset/rollouts/000000000000/000000000244/static.json,18fddd1006d8994feeff4f875f61586b82ccecf8884c6e5aa241fbe5814f51e4,8
000000000245,smolvla,170316_ee:200000,Pick all the items one by one from transparent tote and place them into the large grey tote.,Batteries,left,left,1774779709213824985,2026-03-29,,phail/v1.0/dataset/rollouts/000000000000/000000000245/meta.json,8de3e2ff9eec7306081dc2e90832df0de50dd52f5d24bd92e5d3a3f5c2524003,phail/v1.0/dataset/rollouts/000000000000/000000000245/static.json,1fbc59e789b96f710d8df12a356e9f253440ee687daf9607e7a11b8eaedb071a,8
000000000246,groot,270226-ee_rot6d_rel:150000,Pick all the items one by one from transparent tote and place them into the large grey tote.,Batteries,right,left,1774780016360270957,2026-03-29,,phail/v1.0/dataset/rollouts/000000000000/000000000246/meta.json,edde4e6d2819a298b810b40a1f26fb5e71f26a6c0453b6c4512b2679ef0f3b8f,phail/v1.0/dataset/rollouts/000000000000/000000000246/static.json,dff6d22cd8ca10f1f0e4f7de5e7f7a903cfeff8b4c3f20d79ef7e5debb670313,8
000000000247,openpi,270226-ee:199999,Pick all the items one by one from transparent tote and place them into the large grey tote.,Batteries,left,left,1774780290213849793,2026-03-29,,phail/v1.0/dataset/rollouts/000000000000/000000000247/meta.json,4c57e62b13974c42ec48766b81af11ce1e64f4703f90e859f2b99ec487dc02dd,phail/v1.0/dataset/rollouts/000000000000/000000000247/static.json,db43b3d6b647e6c055cd800cbf5c4f35377fbf3797a08e77287191170e387610,8
000000000248,act,270226-ee:220000,Pick all the items one by one from transparent tote and place them into the large grey tote.,Batteries,right,left,1774780606126282600,2026-03-29,,phail/v1.0/dataset/rollouts/000000000000/000000000248/meta.json,8bc73937f2937436db1d3e76bae56748a1f43df1a355c7c69847e5afe95c477d,phail/v1.0/dataset/rollouts/000000000000/000000000248/static.json,cd30b6b210749dbe0a621bebc616c5b3d27cacbb264b17f84fa303b4490d14ae,8
000000000249,groot,270226-ee_rot6d_rel:150000,Pick all the items one by one from transparent tote and place them into the large grey tote.,Batteries,left,left,1774780873276471889,2026-03-29,,phail/v1.0/dataset/rollouts/000000000000/000000000249/meta.json,da9494e8efded9a40932beda52bc9c42e1aff76eae09ed5588ff8902c4927349,phail/v1.0/dataset/rollouts/000000000000/000000000249/static.json,94dc218a618af68fd586544ed1dbaaf9f3c631fd2c304c864455bdbed33f488b,8
000000000250,smolvla,170316_ee:200000,Pick all the items one by one from transparent tote and place them into the large grey tote.,Batteries,left,right,1774781325958342128,2026-03-29,,phail/v1.0/dataset/rollouts/000000000000/000000000250/meta.json,e5d0687edad569790ae427021a949788573b969d8093be53cb6f3d10ff793163,phail/v1.0/dataset/rollouts/000000000000/000000000250/static.json,0b146eabbeda7aa9281fff9113cebf99145d7769d181b2504d52e795d91e76dd,8
000000000251,groot,270226-ee_rot6d_rel:150000,Pick all the items one by one from transparent tote and place them into the large grey tote.,Batteries,right,right,1774781609654100015,2026-03-29,,phail/v1.0/dataset/rollouts/000000000000/000000000251/meta.json,ad294adc250c02d9e4322bbdc534e97f52c71387cee4a58a0e542613d53cc8a5,phail/v1.0/dataset/rollouts/000000000000/000000000251/static.json,6e6b5cc3b9d6918097812aa2e98171d09f9c5970714dae6fa07196931174e5aa,8
000000000252,smolvla,170316_ee:200000,Pick all the items one by one from transparent tote and place them into the large grey tote.,Batteries,left,right,1774781892047678040,2026-03-29,,phail/v1.0/dataset/rollouts/000000000000/000000000252/meta.json,9b6a3bd8f82d0c3655297ca4c7a08f1b6ce503ab868ebf066e704d4fad655934,phail/v1.0/dataset/rollouts/000000000000/000000000252/static.json,2de8d206f558f962da46561c762bf2b23cb3b40e8e405cc4c26325f03667ef00,8
000000000253,openpi,270226-ee:199999,Pick all the items one by one from transparent tote and place them into the large grey tote.,Batteries,right,right,1774782166906797843,2026-03-29,,phail/v1.0/dataset/rollouts/000000000000/000000000253/meta.json,cf8dc3e164783bf19134753ffc8f8f5c388bec7b563713783ecb2b4f8fcafd90,phail/v1.0/dataset/rollouts/000000000000/000000000253/static.json,60013f8a1b62a988f7b78f64f2b5816f173a5d5cc6edaaf951cfa8fa198040bb,8
000000000254,act,270226-ee:220000,Pick all the items one by one from transparent tote and place them into the large grey tote.,Scissors,right,right,1774782461366573391,2026-03-29,,phail/v1.0/dataset/rollouts/000000000000/000000000254/meta.json,3a35c1c0defc06d3f81303546d21723fb0dacf697afcdf67de03893dea4cc46a,phail/v1.0/dataset/rollouts/000000000000/000000000254/static.json,dcd8f68c3cb165d6f4ed00c7d9aa6be2b5c0c1033ba806b3cc1a462aafef2379,8
000000000255,groot,270226-ee_rot6d_rel:150000,Pick all the items one by one from transparent tote and place them into the large grey tote.,Scissors,left,right,1774782777523251039,2026-03-29,,phail/v1.0/dataset/rollouts/000000000000/000000000255/meta.json,30b6775e704e79bb9b23e9dc59cdbb908964c0b7f7d8b91f22a2416acf49dfc9,phail/v1.0/dataset/rollouts/000000000000/000000000255/static.json,4bff6fa8f3fb228683ad6902d887e914705fc6a387994b65c60ac81d3c96fce2,8
000000000256,smolvla,170316_ee:200000,Pick all the items one by one from transparent tote and place them into the large grey tote.,Scissors,right,right,1774783057996143479,2026-03-29,,phail/v1.0/dataset/rollouts/000000000000/000000000256/meta.json,880381902ca3b3d204ea6b7c51b2b51a7931edf04e60aa4399ca97d8dc1e4a69,phail/v1.0/dataset/rollouts/000000000000/000000000256/static.json,d538ed9ace2264b0a800e7dcab18b061e353feaf9ff7cadc5313b37d26fd2e78,8
000000000257,smolvla,170316_ee:200000,Pick all the items one by one from transparent tote and place them into the large grey tote.,Scissors,left,right,1774783139481591006,2026-03-29,,phail/v1.0/dataset/rollouts/000000000000/000000000257/meta.json,53513eca414cd8af86732c44a975bf90776286bcbe7f86097126a5112e2e58e7,phail/v1.0/dataset/rollouts/000000000000/000000000257/static.json,3ca7208391f567362735ae2cd7ee59b11a92cf3faf7ef2a51eee87188d1ee584,8
000000000258,groot,270226-ee_rot6d_rel:150000,Pick all the items one by one from transparent tote and place them into the large grey tote.,Scissors,right,right,1774783461157463471,2026-03-29,,phail/v1.0/dataset/rollouts/000000000000/000000000258/meta.json,31898849ebf66001359302ffb29ffd66dab767914738a0216fb0b11c01087f43,phail/v1.0/dataset/rollouts/000000000000/000000000258/static.json,49ae63fd7b0a31c3157641924a089d9d0f8db0006e6251821ec9955823e4d1e1,8
000000000259,smolvla,170316_ee:200000,Pick all the items one by one from transparent tote and place them into the large grey tote.,Scissors,left,right,1774783772814038360,2026-03-29,,phail/v1.0/dataset/rollouts/000000000000/000000000259/meta.json,8e9a1d9c38888f3aa28453bae49726066cd350ce7c6a33f81fab7bf7c168212f,phail/v1.0/dataset/rollouts/000000000000/000000000259/static.json,0eb1282762f5e5e309abab691a8f2b6a948c2c9ce898a2cf21c82573499cf913,8
000000000260,act,270226-ee:220000,Pick all the items one by one from transparent tote and place them into the large grey tote.,Scissors,left,left,1774784108561994879,2026-03-29,,phail/v1.0/dataset/rollouts/000000000000/000000000260/meta.json,a70b429e9b37acf9e4ef90264295d556dc34daa37557633447bdac139c888d3d,phail/v1.0/dataset/rollouts/000000000000/000000000260/static.json,eeb3973679bae475dc1b05ca206c9b04905f2fab29b3e261c3007e5d46e98428,8
000000000261,openpi,270226-ee:199999,Pick all the items one by one from transparent tote and place them into the large grey tote.,Scissors,right,left,1774784432733184954,2026-03-29,,phail/v1.0/dataset/rollouts/000000000000/000000000261/meta.json,4e81e60623fbb4978414f427a693bb1f019bbe5eab3d30c4fda00cf801ba9463,phail/v1.0/dataset/rollouts/000000000000/000000000261/static.json,a913194eab649eb154eded44a4ae16d04b9a8eb2c17c15de6879734d0df6502d,8
000000000262,smolvla,170316_ee:200000,Pick all the items one by one from transparent tote and place them into the large grey tote.,Scissors,left,left,1774784706493193590,2026-03-29,,phail/v1.0/dataset/rollouts/000000000000/000000000262/meta.json,5df50e210b505903160580e48a893b3bf618a4e159f9bae517b6a798be97f6d4,phail/v1.0/dataset/rollouts/000000000000/000000000262/static.json,c0b8ffaec3e3f43c6dc80a574fa6af3f6d05ba4ecbd9017f23866c8b7f37e899,8
000000000263,smolvla,170316_ee:200000,Pick all the items one by one from transparent tote and place them into the large grey tote.,Scissors,right,left,1774784967057479077,2026-03-29,,phail/v1.0/dataset/rollouts/000000000000/000000000263/meta.json,542581bce9cc7f0e9137d66a8d7cc0d06fc31af2468d94e9a701feeb27bc391b,phail/v1.0/dataset/rollouts/000000000000/000000000263/static.json,9c14c8b8d0213bb626e73266e0576a51a3ec7ffa851448923e7f9f4f33e11bb5,8
000000000264,groot,270226-ee_rot6d_rel:150000,Pick all the items one by one from transparent tote and place them into the large grey tote.,Wooden spoons,right,left,1774785277030770323,2026-03-29,,phail/v1.0/dataset/rollouts/000000000000/000000000264/meta.json,7278364a46a2116fde992205d32b419d814c17642d60b8f838317941f27b934c,phail/v1.0/dataset/rollouts/000000000000/000000000264/static.json,125619e1a48288408f276776c9041cf3f074119e38fbaac4f920f74619208f03,8
000000000265,openpi,270226-ee:199999,Pick all the items one by one from transparent tote and place them into the large grey tote.,Wooden spoons,left,left,1774785437036397894,2026-03-29,,phail/v1.0/dataset/rollouts/000000000000/000000000265/meta.json,7d6b9a3a4af004cea96008ee595c2943a64105517a96fc965e0087bb91b8fbdc,phail/v1.0/dataset/rollouts/000000000000/000000000265/static.json,06f03b7abf4cbe12afdedad366bcacc3f7f4f16fb47ff852e3a04000cb8cae35,8
000000000266,smolvla,170316_ee:200000,Pick all the items one by one from transparent tote and place them into the large grey tote.,Wooden spoons,right,left,1774785718223460220,2026-03-29,,phail/v1.0/dataset/rollouts/000000000000/000000000266/meta.json,88fc0b7200845b9194b5af2add15af72b67871c2c60907cbaf81cac23fd76b0b,phail/v1.0/dataset/rollouts/000000000000/000000000266/static.json,f08f38dda142a4b1e6d94073a3183e2eef589c587e68f30066d6ecda484632f9,8
000000000267,smolvla,170316_ee:200000,Pick all the items one by one from transparent tote and place them into the large grey tote.,Wooden spoons,left,left,1774785812259599845,2026-03-29,,phail/v1.0/dataset/rollouts/000000000000/000000000267/meta.json,64bd3c82eefd81e2a5fc10d092fe2bf91031ca9c491d99fdb52013ab6bd1df94,phail/v1.0/dataset/rollouts/000000000000/000000000267/static.json,6017f6555b2d2eb284775292bf6fec2b9dfd7785549a5eb7b43764b292568b61,8
000000000268,groot,270226-ee_rot6d_rel:150000,Pick all the items one by one from transparent tote and place them into the large grey tote.,Wooden spoons,left,right,1774786118768598414,2026-03-29,,phail/v1.0/dataset/rollouts/000000000000/000000000268/meta.json,230c4f0c034ffe858cb5193879118a04e27baebe8f39c1a191e38ddfbf9ff3ee,phail/v1.0/dataset/rollouts/000000000000/000000000268/static.json,a7679c93876e79df8860c7b29d64bce01cd02038eadef6ab4987f6ebb7b457c1,8
000000000269,act,270226-ee:220000,Pick all the items one by one from transparent tote and place them into the large grey tote.,Wooden spoons,right,right,1774786400040386782,2026-03-29,,phail/v1.0/dataset/rollouts/000000000000/000000000269/meta.json,b82bea4c2bced31b0e39fd88d38611e35d50a45c957155c9e5b20fcb95636ec0,phail/v1.0/dataset/rollouts/000000000000/000000000269/static.json,204429c33b807b4fc20c6c23ec439ff87127d8331f0e74d024c7e7ada9910943,8
000000000270,openpi,270226-ee:199999,Pick all the items one by one from transparent tote and place them into the large grey tote.,Wooden spoons,left,right,1774786696672027792,2026-03-29,,phail/v1.0/dataset/rollouts/000000000000/000000000270/meta.json,9f9877076e66cd9c3d612ec70db90fa7dcd14ccdf5802cef38904c99d67eacd8,phail/v1.0/dataset/rollouts/000000000000/000000000270/static.json,502d462a40f7636a5cc4fdeeaf272fc175c75604205d5238f2a9a08376d93970,8
000000000271,openpi,270226-ee:199999,Pick all the items one by one from transparent tote and place them into the large grey tote.,Wooden spoons,right,right,1774786926332542651,2026-03-29,,phail/v1.0/dataset/rollouts/000000000000/000000000271/meta.json,a1de8befc5e8fe0f439721008b36a76aa37cbd7f7e3aba794379fe4f57d1255e,phail/v1.0/dataset/rollouts/000000000000/000000000271/static.json,e69afaa715dcd6a2c9f67ecf1e75a5dbb15f79c1739372f94ee92647cd7ec30c,8
000000000272,smolvla,170316_ee:200000,Pick all the items one by one from transparent tote and place them into the large grey tote.,Wooden spoons,left,right,1774787201285924534,2026-03-29,,phail/v1.0/dataset/rollouts/000000000000/000000000272/meta.json,50b24db5bfee9dd00896f25ffcd82c43dd03bedcb8287e2f45e9116974ccf33c,phail/v1.0/dataset/rollouts/000000000000/000000000272/static.json,a10749a82da45c87dbba4994f67f93eacbfd92b0a74ce3be5b413239478b0b60,8
000000000273,act,270226-ee:220000,Pick all the items one by one from transparent tote and place them into the large grey tote.,Wooden spoons,left,right,1774787372122675940,2026-03-29,,phail/v1.0/dataset/rollouts/000000000000/000000000273/meta.json,c66e5d83210b7dd9efd0e1eac480d4f2ea267f4a197ce96911a34689c5079a90,phail/v1.0/dataset/rollouts/000000000000/000000000273/static.json,480662f25865df2006e1727332efc69193e3905a8bfbaa8314fc16bd6580af1b,8
000000000274,openpi,270226-ee:199999,Pick all the items one by one from transparent tote and place them into the large grey tote.,Wooden spoons,right,right,1772705345768891765,2026-03-05,,phail/v1.0/dataset/rollouts/000000000000/000000000274/meta.json,4f6caabd329cfdd8e9feac3c09d4573dff5597b753c6bc1da83cb93bae74863b,phail/v1.0/dataset/rollouts/000000000000/000000000274/static.json,a22e76297c59d099d2ffd3f7dd8c7142739909212f2a5c3d8d88c8be2fdd6975,8
000000000275,openpi,270226-ee:199999,Pick all the items one by one from transparent tote and place them into the large grey tote.,Wooden spoons,left,right,1772705604126774094,2026-03-05,,phail/v1.0/dataset/rollouts/000000000000/000000000275/meta.json,29d9ba7304ec4c893a0bdd7a60e99c28de8234acd67fc402a2d58572b7a1dc11,phail/v1.0/dataset/rollouts/000000000000/000000000275/static.json,3a8ea16a4a2f5cb8e5bc9a2243262289675ff08debe6337b8a6196e8d401c139,8
000000000276,openpi,270226-ee:199999,Pick all the items one by one from transparent tote and place them into the large grey tote.,Wooden spoons,right,right,1772705745317816611,2026-03-05,,phail/v1.0/dataset/rollouts/000000000000/000000000276/meta.json,aca772bb3fdb39377adeb9e873ddc0d5e46cc429c1e5c8b9d70212f192ae4eb1,phail/v1.0/dataset/rollouts/000000000000/000000000276/static.json,625b457953e011d6acff6833cee96efde7ad1ac6b2edca2682671f1d3f85f672,8
000000000277,openpi,270226-ee:199999,Pick all the items one by one from transparent tote and place them into the large grey tote.,Wooden spoons,left,right,1772706524228248759,2026-03-05,,phail/v1.0/dataset/rollouts/000000000000/000000000277/meta.json,d60c5b6d41a2f19846665cf519f4941e07d1fdce9d7a177ac0f130e2239e8025,phail/v1.0/dataset/rollouts/000000000000/000000000277/static.json,f37a260ec99591e2c95f9bc72ba3002eeda83e2a22e82822585ae8fc5d6f2709,8
000000000278,act,270226-ee:220000,Pick all the wooden spoons one by one from transparent tote and place them into the large grey tote.,Wooden spoons,left,right,1772709241370375763,2026-03-05,,phail/v1.0/dataset/rollouts/000000000000/000000000278/meta.json,dcd785d9c371778f54be886aa9261829f478e045c6063321823cc7a5829387ea,phail/v1.0/dataset/rollouts/000000000000/000000000278/static.json,7ab88bb959fd508de3625647af905f3ae7afff60754706a5cf5b524783047075,8
000000000279,act,270226-ee:220000,Pick all the items one by one from transparent tote and place them into the large grey tote.,Wooden spoons,right,right,1772710751844679606,2026-03-05,,phail/v1.0/dataset/rollouts/000000000000/000000000279/meta.json,e7de76283bb205008eb8aaa457c8205c58228d269b06c6bff06302774d611bf9,phail/v1.0/dataset/rollouts/000000000000/000000000279/static.json,f774987e3bff3f9b354fca8b24d2d263666cbf3b267e9d0fd7d79f86f9e89ce8,8
000000000280,openpi,270226-ee:199999,Pick all the items one by one from transparent tote and place them into the large grey tote.,Wooden spoons,right,left,1772711408541393842,2026-03-05,,phail/v1.0/dataset/rollouts/000000000000/000000000280/meta.json,8bc9933bb3b89876e716544b58666678fd9193ca55e3b00781d0421da10e0ed6,phail/v1.0/dataset/rollouts/000000000000/000000000280/static.json,9effdb7d990f1ea706d36d52294b4f4d4e44ad02cea32a6efc32ec060592666a,8
000000000281,act,270226-ee:220000,Pick all the items one by one from transparent tote and place them into the large grey tote.,Wooden spoons,left,left,1772711633018838792,2026-03-05,,phail/v1.0/dataset/rollouts/000000000000/000000000281/meta.json,0d00b00246f9711d888781f6d080b6b6432a4e55b20ba8fba6bdc3623d68449f,phail/v1.0/dataset/rollouts/000000000000/000000000281/static.json,352968cdfec34e46ab1bc1d587725302015ef32a7aec921268a2a934e44f1776,8
000000000282,act,270226-ee:220000,Pick all the items one by one from transparent tote and place them into the large grey tote.,Wooden spoons,right,left,1772711783235656997,2026-03-05,,phail/v1.0/dataset/rollouts/000000000000/000000000282/meta.json,d84d5c136aad165f1fcccbf034227f9605f1d217aab1352a9112f3ee7eece32c,phail/v1.0/dataset/rollouts/000000000000/000000000282/static.json,db29017b2b9471567f21367500c1e769dedfd5f48dcf3742a53641c2e3bc8fb6,8
000000000283,openpi,270226-ee:199999,Pick all the items one by one from transparent tote and place them into the large grey tote.,Wooden spoons,left,left,1772712077383618400,2026-03-05,,phail/v1.0/dataset/rollouts/000000000000/000000000283/meta.json,bbface22e5ceca6cb387255f853728a9f387e053a662ee21ca84fd23fb99db5c,phail/v1.0/dataset/rollouts/000000000000/000000000283/static.json,58ed7e938679ef471ceb4e110abc4e31e1357363e8f0d6e70f32e430c80ab319,8
000000000284,act,270226-ee:220000,Pick all the items one by one from transparent tote and place them into the large grey tote.,Wooden spoons,right,left,1772712311939469220,2026-03-05,,phail/v1.0/dataset/rollouts/000000000000/000000000284/meta.json,9ceec7c535b37de6c0048a62c75bf601c1f8c5f8b88e8e7dcb7a44917873fb5c,phail/v1.0/dataset/rollouts/000000000000/000000000284/static.json,e7c8ca32bddad61d8eea9c256d8c3996454aa5af99dd50e0a269bf1781bff20d,8
000000000285,act,270226-ee:220000,Pick all the towels one by one from transparent tote and place them into the large grey tote.,Wooden spoons,left,left,1772712589958225032,2026-03-05,,phail/v1.0/dataset/rollouts/000000000000/000000000285/meta.json,c9349d6e5d59f40a57e743de7c2f60e258f55c9e29181e3eefb2fec3fd2eee7d,phail/v1.0/dataset/rollouts/000000000000/000000000285/static.json,1b3f3f2a5d59b46cde133f6eede0f6569639a6c91a485eaaad5c3e841877fa43,8
000000000286,act,270226-ee:220000,Pick all the items one by one from transparent tote and place them into the large grey tote.,Wooden spoons,left,left,1772713237300762469,2026-03-05,,phail/v1.0/dataset/rollouts/000000000000/000000000286/meta.json,7391239956fd5dde09c61ae4f11a43a591cfe8e5b3893799bee800fcac4fa9c2,phail/v1.0/dataset/rollouts/000000000000/000000000286/static.json,e1c5514922afe224ffd29573fee10dc069fb7c2aa0a7348186aca94b2f51d736,8
000000000287,act,270226-ee:220000,Pick all the items one by one from transparent tote and place them into the large grey tote.,Wooden spoons,left,left,1772713756549987913,2026-03-05,,phail/v1.0/dataset/rollouts/000000000000/000000000287/meta.json,81cc560da6a7e45dbd9d9e98f9235a90a2404d98c8d44c3dc34b13470013c691,phail/v1.0/dataset/rollouts/000000000000/000000000287/static.json,7f7aef1fa51b9664cc22b7aaaf0cfc727e8f3be32357d64ec79bfd08f15524d5,8
000000000288,openpi,270226-ee:199999,Pick all the items one by one from transparent tote and place them into the large grey tote.,Wooden spoons,right,right,1772714220285949545,2026-03-05,,phail/v1.0/dataset/rollouts/000000000000/000000000288/meta.json,1e2033c91f4a1367ce7c143d1394cb7119f61ae09df966eecf17b775bbd35a02,phail/v1.0/dataset/rollouts/000000000000/000000000288/static.json,439852598d0ca3a32f9085479221bad82d83ba24f40df2c1a0ce1b4af6d3a025,8
000000000289,openpi,270226-ee:199999,Pick all the items one by one from transparent tote and place them into the large grey tote.,Wooden spoons,right,right,1772714970878547267,2026-03-05,,phail/v1.0/dataset/rollouts/000000000000/000000000289/meta.json,2682d9b1678ee003f9c07bd7c8dba62fa8393611880e3c4f9161a148e7ad2b70,phail/v1.0/dataset/rollouts/000000000000/000000000289/static.json,a1cbedf777ffba3f9b90342f7baf8efd3de1e878d6799c9ee9418bee9c5cceb0,8
000000000290,act,270226-ee:220000,Pick all the items one by one from transparent tote and place them into the large grey tote.,Wooden spoons,right,right,1772715482210804235,2026-03-05,,phail/v1.0/dataset/rollouts/000000000000/000000000290/meta.json,8ae4fbf6898105eae9cb1bdf2153745ed66d29ea4cedb8423b1e52e9152d5200,phail/v1.0/dataset/rollouts/000000000000/000000000290/static.json,e16b0d7ff2282858224beac1e0e961200839b7d0fd1e0a722a3846022429034c,8
000000000291,openpi,270226-ee:199999,Pick all the items one by one from transparent tote and place them into the large grey tote.,Batteries,left,right,1772715836486704224,2026-03-05,,phail/v1.0/dataset/rollouts/000000000000/000000000291/meta.json,2b7e77065a4362aaeef4b3a5ba1b117a9afaca10f6eefdd6cfeafd9b53ede2bc,phail/v1.0/dataset/rollouts/000000000000/000000000291/static.json,f88e655911620857d4dfd214c5b9062fcaae993e2550dd35e0bd2f8f6408a10a,8
000000000292,openpi,270226-ee:199999,Pick all the items one by one from transparent tote and place them into the large grey tote.,Batteries,left,right,1772716445589992042,2026-03-05,,phail/v1.0/dataset/rollouts/000000000000/000000000292/meta.json,fa7a9d71dc09278008039be3d82ff53b2417339dd985a0e50a481c2a242c30f7,phail/v1.0/dataset/rollouts/000000000000/000000000292/static.json,bceec3b65a0a3e7e937ce10c9108c43c44f27716e13a3b8462d1230382b5b175,8
000000000293,act,270226-ee:220000,Pick all the items one by one from transparent tote and place them into the large grey tote.,Batteries,right,right,1772716682484686553,2026-03-05,,phail/v1.0/dataset/rollouts/000000000000/000000000293/meta.json,65f4700b85a63582ddd75c57635262e6c52b887c293d4a158336e2c9917fa33d,phail/v1.0/dataset/rollouts/000000000000/000000000293/static.json,7ecc93ef88a3e304fcab13c3e19a6d3c10f9c41d7b37665f4331e4daecf34cd5,8
000000000294,openpi,270226-ee:199999,Pick all the items one by one from transparent tote and place them into the large grey tote.,Batteries,left,right,1772717438803148765,2026-03-05,,phail/v1.0/dataset/rollouts/000000000000/000000000294/meta.json,474ae272317228524e25e3628fcd2324b8e7f26d16503573d6d4870aab093eeb,phail/v1.0/dataset/rollouts/000000000000/000000000294/static.json,a625688e2c20e91f346bbc145fe138b47a6482d59cade5dc2048edc09334b33e,8
000000000295,openpi,270226-ee:199999,Pick all the items one by one from transparent tote and place them into the large grey tote.,Batteries,right,left,1772717770541878574,2026-03-05,,phail/v1.0/dataset/rollouts/000000000000/000000000295/meta.json,bdcb89dffc69e18c5a44f47c5ae552e66c637d95ea2278b956d504ed6674d5d0,phail/v1.0/dataset/rollouts/000000000000/000000000295/static.json,662fd0bed874604a25248c791e25bc6d8a14e81b087104c9ec8a6f366c5aec90,8
000000000296,openpi,270226-ee:199999,Pick all the items one by one from transparent tote and place them into the large grey tote.,Batteries,left,left,1772718695916917796,2026-03-05,,phail/v1.0/dataset/rollouts/000000000000/000000000296/meta.json,034e042f386dd59ff7ae4ff2f5a862cca6ffd78be1ab71ceb695468677ddc394,phail/v1.0/dataset/rollouts/000000000000/000000000296/static.json,677ffbbba0c64d3b940bf66a2db218450382772624eeffc370bd5cbf80206297,8
000000000297,openpi,270226-ee:199999,Pick all the items one by one from transparent tote and place them into the large grey tote.,Batteries,right,left,1772718975882273632,2026-03-05,,phail/v1.0/dataset/rollouts/000000000000/000000000297/meta.json,3b6890dd8281779273af8af8c5e507e6e22b770672185b9059f50ccaba32ec93,phail/v1.0/dataset/rollouts/000000000000/000000000297/static.json,2c9c1b0c8703557e946fdc3a9421640ea90c5cdc596afc3010bfbcd0b18d29b7,8
000000000298,openpi,270226-ee:199999,Pick all the items one by one from transparent tote and place them into the large grey tote.,Batteries,right,left,1772802287505583666,2026-03-06,,phail/v1.0/dataset/rollouts/000000000000/000000000298/meta.json,057991da2660aafa4d6779055d690b8e4f8d18e2ede707102c067822ba0fdee2,phail/v1.0/dataset/rollouts/000000000000/000000000298/static.json,920fb3cabdf9be2985f8cf62b82fa57cc778615d184b0e537a6fefe5a70cf163,8
000000000299,openpi,270226-ee:199999,Pick all the items one by one from transparent tote and place them into the large grey tote.,Batteries,left,left,1772802607058077038,2026-03-06,,phail/v1.0/dataset/rollouts/000000000000/000000000299/meta.json,2412d12cf890548f883a692ee8d2a16b47b3b6a8daaad19b1b019fa71cb92eaa,phail/v1.0/dataset/rollouts/000000000000/000000000299/static.json,0aef5a8993c9d6c89b5b8395cf9b61164a5fef439ea7300c108826a9f08af4c3,8
000000000300,act,270226-ee:220000,Pick all the items one by one from transparent tote and place them into the large grey tote.,Batteries,right,left,1772802779972362837,2026-03-06,,phail/v1.0/dataset/rollouts/000000000000/000000000300/meta.json,13468abe559d91501b6a182d0059a4e885e4b17d4133f5cb05f966d2ef6512ca,phail/v1.0/dataset/rollouts/000000000000/000000000300/static.json,64275cd0c07d37800221ff0c1966205ed897cfbbab4cf9c86583192cab847bc6,8
000000000301,act,270226-ee:220000,Pick all the items one by one from transparent tote and place them into the large grey tote.,Batteries,right,left,1772803443072084024,2026-03-06,,phail/v1.0/dataset/rollouts/000000000000/000000000301/meta.json,f30994b6ad4d3e1bbea3d912a7d9e2285d071dc3bad1b6785b63a2448f610ca9,phail/v1.0/dataset/rollouts/000000000000/000000000301/static.json,c67cf29e76a32eb2e35e808c4fd49f2ed5e802b9f75f008aa483c2646f49947c,8
000000000302,act,270226-ee:220000,Pick all the items one by one from transparent tote and place them into the large grey tote.,Batteries,left,left,1772803723930568057,2026-03-06,,phail/v1.0/dataset/rollouts/000000000000/000000000302/meta.json,2a251923dbba39b0c410f4d91354427d741681e8be47ac33cd586459b2d4beff,phail/v1.0/dataset/rollouts/000000000000/000000000302/static.json,42c91f3a5eec6c85ef768e80927a621e730a2c16362aa7273b1fc80f2d6bb4a1,8
000000000303,openpi,270226-ee:199999,Pick all the items one by one from transparent tote and place them into the large grey tote.,Batteries,right,left,1772804008106666274,2026-03-06,,phail/v1.0/dataset/rollouts/000000000000/000000000303/meta.json,0bd9153e121fe3a01ffb6944080c830666d1d02d56e4042d39f5359bb9cffb13,phail/v1.0/dataset/rollouts/000000000000/000000000303/static.json,29a7db51ef47556c0d5319dc6cfaa68b00ca4e9f2b856f25cfed15f40a187fa1,8
000000000304,openpi,270226-ee:199999,Pick all the items one by one from transparent tote and place them into the large grey tote.,Batteries,left,left,1772804879370399831,2026-03-06,,phail/v1.0/dataset/rollouts/000000000000/000000000304/meta.json,b08b0bcd79fb2d2e1557c14cad5399deef67fe7c6bba8df7f94fa6decbcf4be1,phail/v1.0/dataset/rollouts/000000000000/000000000304/static.json,cfac248599f66fa19ed2c2a563d85e5cde3a1950ea8cc4245b2b78a00c905ee3,8
000000000305,act,270226-ee:220000,Pick all the items one by one from transparent tote and place them into the large grey tote.,Batteries,right,left,1772805242849164233,2026-03-06,,phail/v1.0/dataset/rollouts/000000000000/000000000305/meta.json,d0f60214cb8314e0682d6af4cfec3165ec3dfd439e9e23d093c227653e385d09,phail/v1.0/dataset/rollouts/000000000000/000000000305/static.json,07b7b5ac389c5672902dfa4ba9c4be4b68473d1d9a3046f8d0b05e2a4823d469,8
000000000306,openpi,270226-ee:199999,Pick all the items one by one from transparent tote and place them into the large grey tote.,Batteries,left,left,1772805647506611648,2026-03-06,,phail/v1.0/dataset/rollouts/000000000000/000000000306/meta.json,6995592e9768f4a6c7fec5f81811eccae3dfd66daaad5446657a9b2198e05339,phail/v1.0/dataset/rollouts/000000000000/000000000306/static.json,7c0e7e78d7bcecf51696d127e4a42ac8972e64a8c9583343d113e1e92749a273,8
000000000307,act,270226-ee:220000,Pick all the items one by one from transparent tote and place them into the large grey tote.,Batteries,left,left,1772806274217821170,2026-03-06,,phail/v1.0/dataset/rollouts/000000000000/000000000307/meta.json,299b48a0dd4ba30a908abb7c40ca7a5139f9dd8b6511da7c3c4a4911d432e3d6,phail/v1.0/dataset/rollouts/000000000000/000000000307/static.json,9ce6268a4e642725d4e339b8195cb80f9b4ee8faef02a300c03cd15e3bef0189,8
000000000308,act,270226-ee:220000,Pick all the items one by one from transparent tote and place them into the large grey tote.,Batteries,right,right,1772807406616470164,2026-03-06,,phail/v1.0/dataset/rollouts/000000000000/000000000308/meta.json,1349a3dc9a4a97ef04dd2c4d014538909b21e9df8fdc71f9dec558b3cdc0209c,phail/v1.0/dataset/rollouts/000000000000/000000000308/static.json,e7eed905ba94a2df3873c99f97d9476b462a3edade3d25ce97073d6395359bd9,8
000000000309,act,270226-ee:220000,Pick all the items one by one from transparent tote and place them into the large grey tote.,Batteries,right,right,1772807714724739535,2026-03-06,,phail/v1.0/dataset/rollouts/000000000000/000000000309/meta.json,3e873e4f16744684bafd2e8c3817d6bf9e3da50fb6971135be2969a3db74f532,phail/v1.0/dataset/rollouts/000000000000/000000000309/static.json,08f9e9de57a73ceee8b0b3cfd5d9a65d540e16b67bb5749664d100ab0dcf65d6,8
000000000310,openpi,270226-ee:199999,Pick all the items one by one from transparent tote and place them into the large grey tote.,Batteries,left,right,1772808192032738677,2026-03-06,,phail/v1.0/dataset/rollouts/000000000000/000000000310/meta.json,001e588238bc97a7cbfb021f918be61df59a915c136f8c6a7000d2a6db1959e7,phail/v1.0/dataset/rollouts/000000000000/000000000310/static.json,2339e38bfdbd2453f21475557b85b497b266a48073b1ed138b59382a820b1436,8
000000000311,act,270226-ee:220000,Pick all the items one by one from transparent tote and place them into the large grey tote.,Scissors,left,right,1772809209518040138,2026-03-06,,phail/v1.0/dataset/rollouts/000000000000/000000000311/meta.json,e1e18be745a107010fe0a1513c58fe02a77823bac7a019749b292c3bc90cafc1,phail/v1.0/dataset/rollouts/000000000000/000000000311/static.json,b70beb0e26dfdda50e8baec7c6114ef78c4de7672e0cf0316627f12fa2c2a18b,8
000000000312,openpi,270226-ee:199999,Pick all the items one by one from transparent tote and place them into the large grey tote.,Scissors,right,right,1772809489518224781,2026-03-06,,phail/v1.0/dataset/rollouts/000000000000/000000000312/meta.json,6d11279ea141cf8de3b850579d1167bb561ee251987c6de5922a6cb9426da110,phail/v1.0/dataset/rollouts/000000000000/000000000312/static.json,e50b74aa8677fbce9b88a01c029efd4c1de4c5cf83c443f8e657cabad5b33e65,8
000000000313,openpi,270226-ee:199999,Pick all the items one by one from transparent tote and place them into the large grey tote.,Scissors,left,right,1772810697138354334,2026-03-06,,phail/v1.0/dataset/rollouts/000000000000/000000000313/meta.json,2978a4fb767d02bb923b7dede42a68d9e21d996b5116c190adbfe86d38a2a95f,phail/v1.0/dataset/rollouts/000000000000/000000000313/static.json,b244c21dd0577f1554dcafadbfe8fbad5aded239be01ad12c05f94a0a44fc513,8
000000000314,openpi,270226-ee:199999,Pick all the items one by one from transparent tote and place them into the large grey tote.,Scissors,left,right,1772811577795437840,2026-03-06,,phail/v1.0/dataset/rollouts/000000000000/000000000314/meta.json,c457b4c17505e552d79d299fabf590603a5abf65882353ed57d162b74b9e38c6,phail/v1.0/dataset/rollouts/000000000000/000000000314/static.json,c63d3bd4a8f5b7a19d8b2813fb596e45796ec202911ef1ea73652b5eeb178c08,8
000000000315,openpi,270226-ee:199999,Pick all the items one by one from transparent tote and place them into the large grey tote.,Scissors,left,left,1772812377115960544,2026-03-06,,phail/v1.0/dataset/rollouts/000000000000/000000000315/meta.json,b88683c3ebe052304e08cd09ddde00e8329053dd115d0f918c605e697377a227,phail/v1.0/dataset/rollouts/000000000000/000000000315/static.json,20946c4c202a6ac80a58c2bab31033b65533904f8a79c7d76a9a3fb7eaf05cf6,8
000000000316,openpi,270226-ee:199999,Pick all the items one by one from transparent tote and place them into the large grey tote.,Towels,left,left,1772812937870721540,2026-03-06,,phail/v1.0/dataset/rollouts/000000000000/000000000316/meta.json,4b725520cd85b469e9827689b7253442277ed25626c950413032b75b4d1dbfb8,phail/v1.0/dataset/rollouts/000000000000/000000000316/static.json,55a6121097d6a4fb5b488a6cf36007311e5e2549e7c0111e1954e13ab3e663cd,8
000000000317,act,270226-ee:220000,Pick all the items one by one from transparent tote and place them into the large grey tote.,Towels,right,left,1772813287230744952,2026-03-06,,phail/v1.0/dataset/rollouts/000000000000/000000000317/meta.json,8defd22ade5ec1cd4d1078c97bbd7925e7a150a65bdeae73a590ff6885eaa707,phail/v1.0/dataset/rollouts/000000000000/000000000317/static.json,10ba27ac4d45fceda92c09cdc7ac55b30108fc0bb8daa93b90f7d0b560a68c85,8
000000000318,act,270226-ee:220000,Pick all the items one by one from transparent tote and place them into the large grey tote.,Towels,left,left,1772813569923060193,2026-03-06,,phail/v1.0/dataset/rollouts/000000000000/000000000318/meta.json,dbf303462084a02f0779b0929a162cb6e796417beabb97e64fbaf550b9564ce2,phail/v1.0/dataset/rollouts/000000000000/000000000318/static.json,72e44da1f68a60f1a9e5918428a27987c9b6cce9eebb49094c4a53f21441510a,8
000000000319,act,270226-ee:220000,Pick all the items one by one from transparent tote and place them into the large grey tote.,Towels,right,left,1772813859330659289,2026-03-06,,phail/v1.0/dataset/rollouts/000000000000/000000000319/meta.json,fa6f1fe3faa9b89746050b63d08e31e4963c3f49e9971161d2090cbc618caa0b,phail/v1.0/dataset/rollouts/000000000000/000000000319/static.json,dd9a7cb4f4ca45c029520f0449dc6745880a67728450c5938c7657e2aa4b7ce7,8
000000000320,act,270226-ee:220000,Pick all the items one by one from transparent tote and place them into the large grey tote.,Towels,left,left,1772814379169412462,2026-03-06,,phail/v1.0/dataset/rollouts/000000000000/000000000320/meta.json,c3ea501c6ce8c66f069043e518ee02324e0732c8213513a5c8852247762418fc,phail/v1.0/dataset/rollouts/000000000000/000000000320/static.json,f3f2986dd6cf2bda6bd6496563529229bec463b6d21dfb901628f0c19bb2fdf3,8
000000000321,act,270226-ee:220000,Pick all the items one by one from transparent tote and place them into the large grey tote.,Towels,right,left,1772814901058278130,2026-03-06,,phail/v1.0/dataset/rollouts/000000000000/000000000321/meta.json,73ccfa767ff80ee012b3dd75bf64e8cb2ac9f273ca9755aafe6ec31753cba8c6,phail/v1.0/dataset/rollouts/000000000000/000000000321/static.json,f87a283efd971fd8bb0a7c5715cee038d16aa2c2fc11bef23981dfa9a0e97239,8
000000000322,openpi,270226-ee:199999,Pick all the items one by one from transparent tote and place them into the large grey tote.,Towels,left,left,1772815216410178410,2026-03-06,,phail/v1.0/dataset/rollouts/000000000000/000000000322/meta.json,6ca69afdfa4d544605b43ce65ee7e7315f8a37397dc2c141e2d53d1f4bbacd31,phail/v1.0/dataset/rollouts/000000000000/000000000322/static.json,612aefe943a754e3f6e0f91688429ac03b8c14a74c786a4802797a5265f745f2,8
000000000323,act,270226-ee:220000,Pick all the items one by one from transparent tote and place them into the large grey tote.,Towels,right,right,1772815548442358526,2026-03-06,,phail/v1.0/dataset/rollouts/000000000000/000000000323/meta.json,a634606b106bde66f35ea6c8efd8d631048a3dc92bf56ba1748a83d109c1aa61,phail/v1.0/dataset/rollouts/000000000000/000000000323/static.json,15af3b547194dc080f2a4a8cc45dd45367b448c873ed3f84248214f297c43db0,8
000000000324,act,270226-ee:220000,Pick all the items one by one from transparent tote and place them into the large grey tote.,Scissors,left,left,1773131479951326137,2026-03-10,,phail/v1.0/dataset/rollouts/000000000000/000000000324/meta.json,4c1c534785eaac1e1dbe49917e9b6365159ce5ca2e87c7a4572c5dc1144f9a07,phail/v1.0/dataset/rollouts/000000000000/000000000324/static.json,a272b4a7a8f76db792b2dd7319e909e16c0f5223dde93e51aa2e94ca4a26aab7,8
000000000325,act,270226-ee:220000,Pick all the items one by one from transparent tote and place them into the large grey tote.,Scissors,right,left,1773131770015050357,2026-03-10,,phail/v1.0/dataset/rollouts/000000000000/000000000325/meta.json,bff5074466b2921d30d6476c680fcd6d3ed787cc5731f8eae7931b6c0d7eb2cf,phail/v1.0/dataset/rollouts/000000000000/000000000325/static.json,e718c10b08f53d677c794ebba6f267c195462de89ddb3d237aeec74e0ec79bfb,8
000000000326,openpi,270226-ee:199999,Pick all the items one by one from transparent tote and place them into the large grey tote.,Scissors,left,left,1773132101941869038,2026-03-10,,phail/v1.0/dataset/rollouts/000000000000/000000000326/meta.json,ba76dd6255afffa3887d03adb4cde80280eb3b159cf15923d8ebce0775114849,phail/v1.0/dataset/rollouts/000000000000/000000000326/static.json,4c0a34dbcdca6ff173a4beb653863bd1724314f18c73e47265c49bfaeee88eaf,8
000000000327,openpi,270226-ee:199999,Pick all the items one by one from transparent tote and place them into the large grey tote.,Scissors,left,left,1773132449085019088,2026-03-10,,phail/v1.0/dataset/rollouts/000000000000/000000000327/meta.json,371a0a2bd738a1db2a669f8b7d448a8795c18f3ce620350332987f1d0f8de997,phail/v1.0/dataset/rollouts/000000000000/000000000327/static.json,a8803f59985ee3633cf1b92339e680ed7363638ae5f7c6f7a6285edb831c0d60,8
000000000328,act,270226-ee:220000,Pick all the items one by one from transparent tote and place them into the large grey tote.,Scissors,left,left,1773132812367761569,2026-03-10,,phail/v1.0/dataset/rollouts/000000000000/000000000328/meta.json,335e45c35536fa19b8e8c3223940bba1a1aab77eb5960b64f53f48ae8d898608,phail/v1.0/dataset/rollouts/000000000000/000000000328/static.json,9ee871a34e4641f08d3cc2dd397d4484179939d47572a91a41407ae5581ec953,8
000000000329,act,270226-ee:220000,Pick all the items one by one from transparent tote and place them into the large grey tote.,Scissors,right,left,1773133862627350939,2026-03-10,,phail/v1.0/dataset/rollouts/000000000000/000000000329/meta.json,c3b1606719574c4043749fd7ac8fe271e19115316d28b68121e17d261e14bfc4,phail/v1.0/dataset/rollouts/000000000000/000000000329/static.json,4ad4a6f1472edc2590dab977038eaa78c372b7c6bd909bf8b2818bda147aa4d8,8
000000000330,act,270226-ee:220000,Pick all the items one by one from transparent tote and place them into the large grey tote.,Scissors,left,left,1773134512698287578,2026-03-10,,phail/v1.0/dataset/rollouts/000000000000/000000000330/meta.json,1e0a9c958d19e955b7ceab8d97f09a25d4ef380cde876a99a4b3fe31e876d8ad,phail/v1.0/dataset/rollouts/000000000000/000000000330/static.json,5ba91e9d134643a2d7e859411fdc7b7670e8a7c5fa28a020691bcf938ab79c3a,8
000000000331,act,270226-ee:220000,Pick all the items one by one from transparent tote and place them into the large grey tote.,Scissors,right,left,1773135371285903029,2026-03-10,,phail/v1.0/dataset/rollouts/000000000000/000000000331/meta.json,04d34102365d7bf0463a91737a799f7eca763231a2417a07b6e4a427aef6c8ee,phail/v1.0/dataset/rollouts/000000000000/000000000331/static.json,02b5aca705e25476f39b21e62f012f1e413236fed9c6cc3671e2749224ea4e6e,8
000000000332,act,270226-ee:220000,Pick all the items one by one from transparent tote and place them into the large grey tote.,Scissors,left,left,1773135924254044848,2026-03-10,,phail/v1.0/dataset/rollouts/000000000000/000000000332/meta.json,5afc6ec58ec031eee7b874c61ebcb918a37e375049df2b17b577952ddb85ad9e,phail/v1.0/dataset/rollouts/000000000000/000000000332/static.json,121caffdbc9edffc0f63a5d218859492ff887e1a98c02b631290da75562fc2f3,8
000000000333,openpi,270226-ee:199999,Pick all the items one by one from transparent tote and place them into the large grey tote.,Scissors,left,left,1773136421808065017,2026-03-10,,phail/v1.0/dataset/rollouts/000000000000/000000000333/meta.json,339cdf963018f1fcf7e023fdb1544ccb40406fd8efccc8889650e7ce19dae12b,phail/v1.0/dataset/rollouts/000000000000/000000000333/static.json,7f146da42af44b45488517b02818fc468a537eafda884d9b12e8c67fd12ec299,8
000000000334,openpi,270226-ee:199999,Pick all the items one by one from transparent tote and place them into the large grey tote.,Scissors,right,left,1773137523764500468,2026-03-10,,phail/v1.0/dataset/rollouts/000000000000/000000000334/meta.json,9a2ec8fa4784cac0854bcb0d78eb1063197e600b8fee29d0974b4295f1b9296b,phail/v1.0/dataset/rollouts/000000000000/000000000334/static.json,9a51e91883536a65b4abc21ebe661c4ba3a9c32b0e1bc15236464c5cbeeb7d5f,8
000000000335,openpi,270226-ee:199999,Pick all the items one by one from transparent tote and place them into the large grey tote.,Scissors,left,left,1773137867582983049,2026-03-10,,phail/v1.0/dataset/rollouts/000000000000/000000000335/meta.json,9824c261accb6578f1e4ccf6c2384001b0ca22059ef58f4b375fe394cfaeea65,phail/v1.0/dataset/rollouts/000000000000/000000000335/static.json,702a88412081d109b98a482e5c4eaeae7fabd01d1a357d03a9261efa8e23070d,8
000000000336,openpi,270226-ee:199999,Pick all the items one by one from transparent tote and place them into the large grey tote.,Scissors,right,left,1773138248958582664,2026-03-10,,phail/v1.0/dataset/rollouts/000000000000/000000000336/meta.json,f707799e2a63f571c0a34d9d7552d15c44e86a1b8c8eeb7807bb5e2a9549acc5,phail/v1.0/dataset/rollouts/000000000000/000000000336/static.json,56c0944c869af2abb51aed42d99db86dfe9ee7d6641ed4fb3b104b03925f7c17,8
000000000337,act,270226-ee:220000,Pick all the items one by one from transparent tote and place them into the large grey tote.,Scissors,right,left,1773138474969502168,2026-03-10,,phail/v1.0/dataset/rollouts/000000000000/000000000337/meta.json,9f91750013948d17d1ed4e2c6906e0153c9f073b3abd6620a8f89bbef49602b5,phail/v1.0/dataset/rollouts/000000000000/000000000337/static.json,da85afd0c9a685ede3da87181ca4ae58c8840d0f771983920efa1f3e01568957,8
000000000338,act,270226-ee:220000,Pick all the items one by one from transparent tote and place them into the large grey tote.,Scissors,left,right,1773139802396356851,2026-03-10,,phail/v1.0/dataset/rollouts/000000000000/000000000338/meta.json,3e285d81d199c62570b0ccde6fe78f0d0f0005dee2f6f4ffff5a49a21f32b98e,phail/v1.0/dataset/rollouts/000000000000/000000000338/static.json,5882475ef6a7b7cf9285120e404e3c8d71a3af4e2e4b999e2d4ad54100033f86,8
000000000339,openpi,270226-ee:199999,Pick all the items one by one from transparent tote and place them into the large grey tote.,Scissors,right,right,1773140364998802053,2026-03-10,,phail/v1.0/dataset/rollouts/000000000000/000000000339/meta.json,49934329ff33d4f20db7c2cde09ab07a332095e6439644cda87363c350fb045c,phail/v1.0/dataset/rollouts/000000000000/000000000339/static.json,90a16ab053769f0ad4cb909618d993babc1873fc4dee901d047483b03fb6d012,8
000000000340,openpi,270226-ee:199999,Pick all the items one by one from transparent tote and place them into the large grey tote.,Scissors,left,right,1773140649528259877,2026-03-10,,phail/v1.0/dataset/rollouts/000000000000/000000000340/meta.json,743cf1ef5cd3ce1835339b5f8a0d344ce5a428a64a73e1d3b03c3bdd6aca02b6,phail/v1.0/dataset/rollouts/000000000000/000000000340/static.json,ca210aceca58c2d7c0996a0c173f15329002658cda5065dea8808e781889d37a,8
000000000341,openpi,270226-ee:199999,Pick all the items one by one from transparent tote and place them into the large grey tote.,Scissors,left,right,1773142421398707961,2026-03-10,,phail/v1.0/dataset/rollouts/000000000000/000000000341/meta.json,752e07ed046559746065d546ab66e453d4c2a82305c674d192e288b97a8e4534,phail/v1.0/dataset/rollouts/000000000000/000000000341/static.json,cbdf2b6db136bcc399d2eafc8735e651c25cb64b684add572613e8d860d495f1,8
000000000342,act,270226-ee:220000,Pick all the items one by one from transparent tote and place them into the large grey tote.,Scissors,right,right,1773143086371236939,2026-03-10,,phail/v1.0/dataset/rollouts/000000000000/000000000342/meta.json,583102513c700345d17470e031b85afefabe80f22a784f70af7c2492937673d7,phail/v1.0/dataset/rollouts/000000000000/000000000342/static.json,99696523629cfc29cfd63ee30191af7685917e0b298e0dd5e6fa3fb41d3ac7f1,8
000000000343,openpi,270226-ee:199999,Pick all the items one by one from transparent tote and place them into the large grey tote.,Scissors,left,right,1773144043228199988,2026-03-10,,phail/v1.0/dataset/rollouts/000000000000/000000000343/meta.json,f980ca2e04442c5ec1782a0d7a1efcc22a6d63de727ef664e8b87863d4e071a1,phail/v1.0/dataset/rollouts/000000000000/000000000343/static.json,ab7586c6bc9f190dd83d44d8a92581ac7ca8b264f81675d127a98122b5d10a97,8
000000000344,openpi,270226-ee:199999,Pick all the items one by one from transparent tote and place them into the large grey tote.,Scissors,right,right,1773144358089666204,2026-03-10,,phail/v1.0/dataset/rollouts/000000000000/000000000344/meta.json,553bd06477ba7bfaa94d623976a63631b78ea2a9dabda358848e06d4ae2074b7,phail/v1.0/dataset/rollouts/000000000000/000000000344/static.json,63083fd3dc57c41a4117ee3be218e1d6e384d10b5fab42dd0c3bb6fe45a3738f,8
000000000345,openpi,270226-ee:199999,Pick all the items one by one from transparent tote and place them into the large grey tote.,Scissors,left,right,1773144693193359944,2026-03-10,,phail/v1.0/dataset/rollouts/000000000000/000000000345/meta.json,4e0a941fc521635313c29b04559f9978f30fa007923b2879dbb286939a0170e7,phail/v1.0/dataset/rollouts/000000000000/000000000345/static.json,f96927790d2eccda77124719756d5d64ea09e82db02b78f9ed2da713268e071b,8
000000000346,act,270226-ee:220000,Pick all the items one by one from transparent tote and place them into the large grey tote.,Scissors,right,right,1773145144878772443,2026-03-10,,phail/v1.0/dataset/rollouts/000000000000/000000000346/meta.json,934ef4032cacb6ddf23ee2a17d1d2f34b58534dc6e171dbff37e39627657a0ea,phail/v1.0/dataset/rollouts/000000000000/000000000346/static.json,d452e302fd256306c4aef517ec3a7f65349920d5fb10cf67c2bd114e191dfd2b,8
000000000347,act,270226-ee:220000,Pick all the items one by one from transparent tote and place them into the large grey tote.,Scissors,left,right,1773145498129846130,2026-03-10,,phail/v1.0/dataset/rollouts/000000000000/000000000347/meta.json,f287450b115696388a93f7e43c321f1dcc44b1f594f126fe85243d8a299b21c2,phail/v1.0/dataset/rollouts/000000000000/000000000347/static.json,b50360cbd0730acfab388e185947f56ec32e7ca53ded3c6e1e6e76449376770d,8
000000000348,openpi,270226-ee:199999,Pick all the items one by one from transparent tote and place them into the large grey tote.,Scissors,left,right,1773145937971445916,2026-03-10,,phail/v1.0/dataset/rollouts/000000000000/000000000348/meta.json,b8467043ce9d787d0398a3eec6bbac290361cb857455e8d5801286fd20ca18ee,phail/v1.0/dataset/rollouts/000000000000/000000000348/static.json,7aee854c22c2f094fe8fa2ba02ffa2d48e83d9d9bda9ff652488dce75dac0677,8
000000000349,openpi,270226-ee:199999,Pick all the items one by one from transparent tote and place them into the large grey tote.,Scissors,left,right,1773148141987972094,2026-03-10,,phail/v1.0/dataset/rollouts/000000000000/000000000349/meta.json,64aa16bc5cdf850e1d8e61d15cf6d19cd4d93b3283ae96adf42ee439cdef7ee6,phail/v1.0/dataset/rollouts/000000000000/000000000349/static.json,3c466e00645de6cd2e5b5282df27b81e82271fd6ba0344c5bb73b0e6a3a26f89,8
000000000350,openpi,270226-ee:199999,Pick all the items one by one from transparent tote and place them into the large grey tote.,Scissors,right,right,1773148424406953987,2026-03-10,,phail/v1.0/dataset/rollouts/000000000000/000000000350/meta.json,195cf197104642dc79f46ba7cc0b84aaef3c6c8cd4a8cededb25caeadd8d7bef,phail/v1.0/dataset/rollouts/000000000000/000000000350/static.json,aac108108d430ef387df9949a46ee1b3941f412235dbfcb672d1850ebfaeab08,8
000000000351,act,270226-ee:220000,Pick all the items one by one from transparent tote and place them into the large grey tote.,Towels,right,right,1773149051550270456,2026-03-10,,phail/v1.0/dataset/rollouts/000000000000/000000000351/meta.json,36df2327acc4748b1ec45d6f554e36182bee3c1de50a08220aa13006a90d0ced,phail/v1.0/dataset/rollouts/000000000000/000000000351/static.json,aaef3f7ae3a6328a0f40ecd3ec6a4a8460285c903765243d028f3116baf1a51a,8
000000000352,act,270226-ee:220000,Pick all the items one by one from transparent tote and place them into the large grey tote.,Towels,left,right,1773149435333135228,2026-03-10,,phail/v1.0/dataset/rollouts/000000000000/000000000352/meta.json,0ff3fdcb194e181f1398e753283143ae760a8857f605ace2558c4fefbabf57fb,phail/v1.0/dataset/rollouts/000000000000/000000000352/static.json,a75c440c1c1fdc05d1379c308b427c35e095ac2ed2dd5b662560e77ef334af94,8
000000000353,openpi,270226-ee:199999,Pick all the items one by one from transparent tote and place them into the large grey tote.,Towels,left,right,1773150248182924637,2026-03-10,,phail/v1.0/dataset/rollouts/000000000000/000000000353/meta.json,312009c9b7de92105eb86b8ff880c9def0b398c50022a2bdc268237494aaf50a,phail/v1.0/dataset/rollouts/000000000000/000000000353/static.json,33bf401f2e199f6dc3b4b26832ca61de2f28b0fbe0df4b0834f480e4bad2582e,8
000000000354,act,270226-ee:220000,Pick all the items one by one from transparent tote and place them into the large grey tote.,Towels,right,right,1773150742989061230,2026-03-10,,phail/v1.0/dataset/rollouts/000000000000/000000000354/meta.json,08b957bc738ca8dedfc8d4577bf823b5097851dea1b42277ba2a605573da5c17,phail/v1.0/dataset/rollouts/000000000000/000000000354/static.json,c923a491b3b75f92626a031a613a1cd6baa33e81b69e76eca2e55b5077a3dd8f,8
000000000355,act,270226-ee:220000,Pick all the items one by one from transparent tote and place them into the large grey tote.,Towels,right,right,1773151298666607903,2026-03-10,,phail/v1.0/dataset/rollouts/000000000000/000000000355/meta.json,d41854e13521aefb55e6583556b0089a8fd7a6e63c1a35b74353507371160167,phail/v1.0/dataset/rollouts/000000000000/000000000355/static.json,27a8eec171a88f2e5c36c7bda140d860f515b3bb5f74fc90d333e8b940249316,8
000000000356,act,270226-ee:220000,Pick all the items one by one from transparent tote and place them into the large grey tote.,Towels,left,right,1773151577836043618,2026-03-10,,phail/v1.0/dataset/rollouts/000000000000/000000000356/meta.json,0d140efe3fb79aa7539d74d2285478d25a16d828fe29c6bc02ca3086a91c4304,phail/v1.0/dataset/rollouts/000000000000/000000000356/static.json,1d7cfcbd34200197198c8d6dc2a9c0a5b34b63dbdf20c201a78759506598f25b,8
000000000357,act,270226-ee:220000,Pick all the items one by one from transparent tote and place them into the large grey tote.,Towels,right,right,1773151934555429470,2026-03-10,,phail/v1.0/dataset/rollouts/000000000000/000000000357/meta.json,5899af10e8acd3587a6a3e7a6de44a492aafbed28918c0e73f6a7d8f08db61e1,phail/v1.0/dataset/rollouts/000000000000/000000000357/static.json,45e88159b18656a106ac7663aa94f74556b935b3c695a15fd8333f3426b1e6b2,8
000000000358,openpi,270226-ee:199999,Pick all the items one by one from transparent tote and place them into the large grey tote.,Towels,left,right,1773152205305261706,2026-03-10,,phail/v1.0/dataset/rollouts/000000000000/000000000358/meta.json,036a323c150235829881aa6367b7ad313e4faf976c665524ae369b9be44f9312,phail/v1.0/dataset/rollouts/000000000000/000000000358/static.json,d9edda8387ed86d176408307808778198ef78fb6f506ca5af8c43388c45ed7bc,8
000000000359,act,270226-ee:220000,Pick all the items one by one from transparent tote and place them into the large grey tote.,Towels,left,right,1773402330916920456,2026-03-13,,phail/v1.0/dataset/rollouts/000000000000/000000000359/meta.json,6e7f06793a6749ac95daf53a826a2966ef85baca35570c99da82bc64fc4eb0ac,phail/v1.0/dataset/rollouts/000000000000/000000000359/static.json,e53cb23a9662ef9545cb219551fa8d1f28bd9e802dbbb900c3962453ad2698b8,8
000000000360,openpi,270226-ee:199999,Pick all the items one by one from transparent tote and place them into the large grey tote.,Towels,right,right,1773402616805250596,2026-03-13,,phail/v1.0/dataset/rollouts/000000000000/000000000360/meta.json,024e0ad729fac1c453f8cfd3ca2b411bd74bbe90a8cc40f00f39966db1b7fb4e,phail/v1.0/dataset/rollouts/000000000000/000000000360/static.json,41296c84dcb68bd441704fcc79b48a0875c43b1c43e9069d83f6824654faf8c4,8
000000000361,act,270226-ee:220000,Pick all the items one by one from transparent tote and place them into the large grey tote.,Towels,left,right,1773403435680445999,2026-03-13,,phail/v1.0/dataset/rollouts/000000000000/000000000361/meta.json,102382cffe13edd14e0bb487c82a8138176feb31c1929d52fafe8e1b5d6567b2,phail/v1.0/dataset/rollouts/000000000000/000000000361/static.json,a5eb4808c1a71385837afc59af5dc90fe7a2d9c9dfeb96acf697aa265872979f,8
000000000362,openpi,270226-ee:199999,Pick all the items one by one from transparent tote and place them into the large grey tote.,Towels,right,right,1773403759892541579,2026-03-13,,phail/v1.0/dataset/rollouts/000000000000/000000000362/meta.json,b2462172d5b979716a3a57db807ab6c8d4f592f0e7219a8c0aa003ba535b911b,phail/v1.0/dataset/rollouts/000000000000/000000000362/static.json,a26963f0bf177e51b09faa1491f662969408fa06dafa9f57a00993f39ffca761,8
000000000363,openpi,270226-ee:199999,Pick all the items one by one from transparent tote and place them into the large grey tote.,Towels,left,right,1773404026718173640,2026-03-13,,phail/v1.0/dataset/rollouts/000000000000/000000000363/meta.json,ec822e0a9e73eb8ac99fe5b171aac54dfb9575cfb83f6ca06b992211805f4310,phail/v1.0/dataset/rollouts/000000000000/000000000363/static.json,51b3678543bf49913821d83905d2ec31e984168c52bfc81a20cc499cd7d573da,8
000000000364,act,270226-ee:220000,Pick all the items one by one from transparent tote and place them into the large grey tote.,Towels,right,right,1773404312149047911,2026-03-13,,phail/v1.0/dataset/rollouts/000000000000/000000000364/meta.json,a585b682158aea524fc84b325e8fefcac87c64fe268f9675e089577bb38e5d76,phail/v1.0/dataset/rollouts/000000000000/000000000364/static.json,06eaa80472e33f578aba69f328402409d844c36de56ff0f8a2d65574a1228117,8
000000000365,openpi,270226-ee:199999,Pick all the items one by one from transparent tote and place them into the large grey tote.,Towels,right,left,1773406285925779982,2026-03-13,,phail/v1.0/dataset/rollouts/000000000000/000000000365/meta.json,a3f0a9b118e5740e5a17016039dbc88167e641305f6b41e7bdc42874f27e7dfa,phail/v1.0/dataset/rollouts/000000000000/000000000365/static.json,39e825982db42a73042f2a9d3458081b3bcc988bf9132792182e4e9d19e8c0d8,8
000000000366,openpi,270226-ee:199999,Pick all the items one by one from transparent tote and place them into the large grey tote.,Towels,left,left,1773406634502237182,2026-03-13,,phail/v1.0/dataset/rollouts/000000000000/000000000366/meta.json,bf37a0df8b97b4719039a313fe23d43673b56cd40a627fac477558ec5449e18b,phail/v1.0/dataset/rollouts/000000000000/000000000366/static.json,f38664f720eb07ca217a3062091d4aca6ae3224b60fd31d969d2be3d5ed715b6,8
000000000367,openpi,270226-ee:199999,Pick all the items one by one from transparent tote and place them into the large grey tote.,Towels,right,left,1773406993003775225,2026-03-13,,phail/v1.0/dataset/rollouts/000000000000/000000000367/meta.json,c74ef93f58768326ce16477779c630618155fb5c9056a489c1454eb04f364b88,phail/v1.0/dataset/rollouts/000000000000/000000000367/static.json,926c4d24d32cb93a28273273273860b184cf14eebf5534ef5331db89447bc3bf,8
000000000368,openpi,270226-ee:199999,Pick all the items one by one from transparent tote and place them into the large grey tote.,Towels,left,left,1773407341136795931,2026-03-13,,phail/v1.0/dataset/rollouts/000000000000/000000000368/meta.json,d58c6b5acad18bdbc4378f8fb805bd925474dff5c5f1362a0165d424e65bc502,phail/v1.0/dataset/rollouts/000000000000/000000000368/static.json,8fb1c3c1c18b564083bc9005005113b2943439c0433768c63f15567ccee56428,8
000000000369,openpi,270226-ee:199999,Pick all the items one by one from transparent tote and place them into the large grey tote.,Wooden spoons,right,left,1773410177561147821,2026-03-13,,phail/v1.0/dataset/rollouts/000000000000/000000000369/meta.json,91cf4d533deaf275313f3f0b7300508c601c69f5e0a4bc7266260bb200b9a6cf,phail/v1.0/dataset/rollouts/000000000000/000000000369/static.json,5aa602e5ea0bb249d80cf624bcec77e5223dd705c6c789aaafa73cad313f5b9d,8
000000000370,openpi,270226-ee:199999,Pick all the items one by one from transparent tote and place them into the large grey tote.,Wooden spoons,left,left,1773410451199241481,2026-03-13,,phail/v1.0/dataset/rollouts/000000000000/000000000370/meta.json,5a04022234c9e4c7101357b5e784cd5a0d751403944e031f2e41c9903b33a6a5,phail/v1.0/dataset/rollouts/000000000000/000000000370/static.json,38b5639540c70b42f880f36a5135ec79035d92f96274f431fe9a13af9f209f85,8
000000000371,act,270226-ee:220000,Pick all the items one by one from transparent tote and place them into the large grey tote.,Wooden spoons,left,left,1773411158745647499,2026-03-13,,phail/v1.0/dataset/rollouts/000000000000/000000000371/meta.json,23d0d3ed6ea78b70780ad02dcd2f67e6dcbf3700a928152a3ce5ea23841cfa59,phail/v1.0/dataset/rollouts/000000000000/000000000371/static.json,d846667273d7930095e0fe7d7a27c919712a931ef0259fb76656bb5849aa7729,8
000000000372,openpi,270226-ee:199999,Pick all the items one by one from transparent tote and place them into the large grey tote.,Wooden spoons,right,left,1773411388103237704,2026-03-13,,phail/v1.0/dataset/rollouts/000000000000/000000000372/meta.json,44c19f2aceb4fc95d398ae46027500217ef2c36a45b19b18ad8d642b89f26dc0,phail/v1.0/dataset/rollouts/000000000000/000000000372/static.json,db897b2319150f59d490798185476af1a35987ccd74c87fe2386109bf5527aa1,8
000000000373,openpi,270226-ee:199999,Pick all the items one by one from transparent tote and place them into the large grey tote.,Wooden spoons,left,right,1773412353297174233,2026-03-13,,phail/v1.0/dataset/rollouts/000000000000/000000000373/meta.json,75f9d8abf29d15cfa3d9823eea8a77cdb872e07f604230a9c9548803e9f782b6,phail/v1.0/dataset/rollouts/000000000000/000000000373/static.json,b344013e878b0c68c9150701115e949ced390eafa3aadb43368e5d982d753042,8
000000000374,openpi,270226-ee:199999,Pick all the items one by one from transparent tote and place them into the large grey tote.,Wooden spoons,right,right,1773412626135491170,2026-03-13,,phail/v1.0/dataset/rollouts/000000000000/000000000374/meta.json,a5427b37fb1ff92d2c38297e9e6ed82540d244efa8578c92f052185cc5d77316,phail/v1.0/dataset/rollouts/000000000000/000000000374/static.json,9b820f47dd350b58af8b9932014007e1a98059e84e85e628b8d1d2a9ebb33a60,8
000000000375,openpi,270226-ee:199999,Pick all the items one by one from transparent tote and place them into the large grey tote.,Wooden spoons,left,right,1773412907612799878,2026-03-13,,phail/v1.0/dataset/rollouts/000000000000/000000000375/meta.json,b1b58a185799e0b927162e03b1e54720a5e3f81a299a045e4c5ec39cf1975181,phail/v1.0/dataset/rollouts/000000000000/000000000375/static.json,1f2a554b69273a7c0dc8377b5ec86c1c17ddac8ec8306d24453a49c9fc844593,8
000000000376,openpi,270226-ee:199999,Pick all the items one by one from transparent tote and place them into the large grey tote.,Wooden spoons,left,right,1773413198851482593,2026-03-13,,phail/v1.0/dataset/rollouts/000000000000/000000000376/meta.json,65ce9313067df87199549f6bf55ecdca91dee3db755dc4d5598cad7f77790fa6,phail/v1.0/dataset/rollouts/000000000000/000000000376/static.json,0fdd3484b67f657dbc1aa68fe3603045627d473cc8b9192a515b375c6c40d58d,8
000000000377,act,270226-ee:220000,Pick all the items one by one from transparent tote and place them into the large grey tote.,Wooden spoons,right,right,1773414043513527629,2026-03-13,,phail/v1.0/dataset/rollouts/000000000000/000000000377/meta.json,631b28481ee417707dcbc0582bafaebd669418b65d1b06da505cb27734fdc18e,phail/v1.0/dataset/rollouts/000000000000/000000000377/static.json,b2dc0522bb4be7e76540723364c81d7eea440948b7d299cd5d2971e49907e8e7,8
000000000378,openpi,270226-ee:199999,Pick all the items one by one from transparent tote and place them into the large grey tote.,Wooden spoons,right,right,1773414715085166641,2026-03-13,,phail/v1.0/dataset/rollouts/000000000000/000000000378/meta.json,5809224ce92d57282233c79a5a5d6cfe0eecdddc525d72b10efeaaaefc5285b4,phail/v1.0/dataset/rollouts/000000000000/000000000378/static.json,60116351f50fe9bcc066e69a0179326dc53800ae7f4e5a0768c3f823bc2a84b4,8
000000000379,openpi,270226-ee:199999,Pick all the items one by one from transparent tote and place them into the large grey tote.,Wooden spoons,left,right,1773415220796416721,2026-03-13,,phail/v1.0/dataset/rollouts/000000000000/000000000379/meta.json,0b92cf73035094701c37acd3b035ea892db2e048b67ea98e7c70d32f26cdfdab,phail/v1.0/dataset/rollouts/000000000000/000000000379/static.json,97cd2fbfc394395a0294e6804b4cd90584944a3f688c9f791d7f28199601cf74,8
000000000380,act,270226-ee:220000,Pick all the items one by one from transparent tote and place them into the large grey tote.,Wooden spoons,right,right,1773415694549021480,2026-03-13,,phail/v1.0/dataset/rollouts/000000000000/000000000380/meta.json,b5d6dddff01a4d0c50ff9c34777cd39d0aea67a9721d807015491df3694c1605,phail/v1.0/dataset/rollouts/000000000000/000000000380/static.json,58ddaa39e90cc28c462f626845ad9a4e95d213d2296e06075fad49ab070fb78c,8
000000000381,act,270226-ee:220000,Pick all the items one by one from transparent tote and place them into the large grey tote.,Wooden spoons,left,right,1773416757381573453,2026-03-13,,phail/v1.0/dataset/rollouts/000000000000/000000000381/meta.json,b173cde80b7d101639d17231b59c79155f2589c96fcd0eac1788e4c6890a385c,phail/v1.0/dataset/rollouts/000000000000/000000000381/static.json,00e677ef7579d76a8097695e7f3925f4f2632eb629e62507d970f2f06882c4e0,8
000000000382,openpi,270226-ee:199999,Pick all the items one by one from transparent tote and place them into the large grey tote.,Wooden spoons,right,left,1773417181576337024,2026-03-13,,phail/v1.0/dataset/rollouts/000000000000/000000000382/meta.json,5d0a61eb8284c5a20ba30dae27bb663a235622242f68f40120904bcc8e833b24,phail/v1.0/dataset/rollouts/000000000000/000000000382/static.json,f993a8ba538b6164b51c8c76a1401b849a8b4003e7dfa4413887109e396ee43c,8
000000000383,act,270226-ee:220000,Pick all the items one by one from transparent tote and place them into the large grey tote.,Wooden spoons,right,left,1773417705707127718,2026-03-13,,phail/v1.0/dataset/rollouts/000000000000/000000000383/meta.json,0cf10feba7c348b3542014bad03f65eddfd2d4f3b3ca37b21f63821e67db4f36,phail/v1.0/dataset/rollouts/000000000000/000000000383/static.json,e58bd5b313f0c7a51b1efc1787c05bb3308c4b96452007aa271ef32902f621a2,8
000000000384,act,270226-ee:220000,Pick all the items one by one from transparent tote and place them into the large grey tote.,Wooden spoons,left,left,1773417999157025076,2026-03-13,,phail/v1.0/dataset/rollouts/000000000000/000000000384/meta.json,128ba9206b6febc4fb1fac8488d1bd6b2a2700c9d6cabd0578e147c987038701,phail/v1.0/dataset/rollouts/000000000000/000000000384/static.json,ffa9718f2dd40d27b43ea7268ff89d5c8a73df10b261aafb4305deac6c735a9c,8
000000000385,openpi,270226-ee:199999,Pick all the items one by one from transparent tote and place them into the large grey tote.,Batteries,left,left,1773418555408407666,2026-03-13,,phail/v1.0/dataset/rollouts/000000000000/000000000385/meta.json,28729541cea09457d8efba70af9bbb993b927eb52b3f624352a752d4f70eb74a,phail/v1.0/dataset/rollouts/000000000000/000000000385/static.json,1eed93857a79cb7a8b2e1c359766309d3dc97f40da499401c7520b6acf408de7,8
000000000386,act,270226-ee:220000,Pick all the items one by one from transparent tote and place them into the large grey tote.,Batteries,right,left,1773418824512797776,2026-03-13,,phail/v1.0/dataset/rollouts/000000000000/000000000386/meta.json,09f04170e9931a3ac11815f1794012efd5aa28549b852c6e53dafbd556ee474e,phail/v1.0/dataset/rollouts/000000000000/000000000386/static.json,9c1794549471acd11d55af5011841e593da9b91eac727b291f7f522dbab3ce32,8
000000000387,openpi,270226-ee:199999,Pick all the items one by one from transparent tote and place them into the large grey tote.,Batteries,left,left,1773419108483410250,2026-03-13,,phail/v1.0/dataset/rollouts/000000000000/000000000387/meta.json,5b44b38740de17bb830b9dcd090736e4de52ecf04e9e902a6c45b6753f1b0772,phail/v1.0/dataset/rollouts/000000000000/000000000387/static.json,7f6189d2b9454205c4640dc13769a75c64681cde519b83f0b1d8bb459d727f70,8
000000000388,openpi,270226-ee:199999,Pick all the items one by one from transparent tote and place them into the large grey tote.,Batteries,right,left,1773419236403640669,2026-03-13,,phail/v1.0/dataset/rollouts/000000000000/000000000388/meta.json,2e838f6857c79af1bd9b68b9839583824947101788f38e9d751f130b97c96d0a,phail/v1.0/dataset/rollouts/000000000000/000000000388/static.json,e363e82f5c850b88ac30ff4505e3987dc0655a6cafd71ca89bfc8a631cb54d17,8
000000000389,openpi,270226-ee:199999,Pick all the items one by one from transparent tote and place them into the large grey tote.,Batteries,right,right,1773419710636522003,2026-03-13,,phail/v1.0/dataset/rollouts/000000000000/000000000389/meta.json,d554c4e1bf30b4c4697c0b2bcf44a574a696c719911dbcf2c46548ca75ae9b41,phail/v1.0/dataset/rollouts/000000000000/000000000389/static.json,368e404b13ec5410b69d7096fb86be04d3e3923dbb84f8f1f26e7b001671bb59,8
000000000390,openpi,270226-ee:199999,Pick all the items one by one from transparent tote and place them into the large grey tote.,Batteries,left,right,1773419970610457961,2026-03-13,,phail/v1.0/dataset/rollouts/000000000000/000000000390/meta.json,07eb573d1d70440c39780432592e35b5819bc68b8ba4d81d6209c6ef02b51235,phail/v1.0/dataset/rollouts/000000000000/000000000390/static.json,b3535a9bf4b3a2437c05ade036c50c8c9b2291331cc3eefbc16cbda7e92c1f33,8
000000000391,act,270226-ee:220000,Pick all the items one by one from transparent tote and place them into the large grey tote.,Batteries,right,right,1773420603222020801,2026-03-13,,phail/v1.0/dataset/rollouts/000000000000/000000000391/meta.json,ab78e933e4e91300cdaffbadc4773544eaec12d03d9dfaae55be1c9bd1330d4f,phail/v1.0/dataset/rollouts/000000000000/000000000391/static.json,799af126ea714a741228eac6a8a3e45032e313925ab9a609ba866b818022a530,8
000000000392,openpi,270226-ee:199999,Pick all the items one by one from transparent tote and place them into the large grey tote.,Batteries,right,left,1773751861522395810,2026-03-17,,phail/v1.0/dataset/rollouts/000000000000/000000000392/meta.json,71184d4b9d1a58a8a46906c99a98715859e9ae54c102e72cd06974544b1cb981,phail/v1.0/dataset/rollouts/000000000000/000000000392/static.json,6b819c53e607d0121022607f48aea9a5a6d74b4139ef7d1b43792cc009459fc0,8
000000000393,act,270226-ee:220000,Pick all the items one by one from transparent tote and place them into the large grey tote.,Batteries,right,left,1773752425694964660,2026-03-17,,phail/v1.0/dataset/rollouts/000000000000/000000000393/meta.json,a8ce79415b563ea71f5cdd0d2777fb223564b1cb1e6e25c82958b8180bba88bd,phail/v1.0/dataset/rollouts/000000000000/000000000393/static.json,55ca89c74527c00f52199d220f8ba0afa72fbc638ef992855b6716c53bc68c18,8
000000000394,act,270226-ee:220000,Pick all the items one by one from transparent tote and place them into the large grey tote.,Batteries,left,left,1773754888331689628,2026-03-17,,phail/v1.0/dataset/rollouts/000000000000/000000000394/meta.json,63945430b77a1a32ddb00d46ef67fc355cea42ae4bff3035a2a3b6471af8d36e,phail/v1.0/dataset/rollouts/000000000000/000000000394/static.json,2c20219720ef0585838f204c2da7d27c71026f52858736252a1cf61e96d4db54,8
000000000395,act,270226-ee:220000,Pick all the items one by one from transparent tote and place them into the large grey tote.,Batteries,right,left,1773755168554806990,2026-03-17,,phail/v1.0/dataset/rollouts/000000000000/000000000395/meta.json,67b78314e710e7018f34ae2e893c1f9aad85d9896eb3d89da3c4f174b9888760,phail/v1.0/dataset/rollouts/000000000000/000000000395/static.json,ca54c94f122711a192ef3e48996ce196c3bb21415a81ee52a6463fc311a981d5,8
000000000396,openpi,270226-ee:199999,Pick all the items one by one from transparent tote and place them into the large grey tote.,Batteries,right,right,1773756905404945877,2026-03-17,,phail/v1.0/dataset/rollouts/000000000000/000000000396/meta.json,60b66284c4a4525f730c10a6d0ca2b47e67e1214a8250339d75b9dcd21a8c298,phail/v1.0/dataset/rollouts/000000000000/000000000396/static.json,11b953a0f93768dc5958d2d656c2952afd5d3fb6896fce50fac5637b4c8660b0,8
000000000397,act,270226-ee:220000,Pick all the items one by one from transparent tote and place them into the large grey tote.,Batteries,left,right,1773757017862242608,2026-03-17,,phail/v1.0/dataset/rollouts/000000000000/000000000397/meta.json,68a6ae42e1242b300eb4a49977b7c578b90687410b4e2949a428ec48af77e468,phail/v1.0/dataset/rollouts/000000000000/000000000397/static.json,65d7e8fa38b250c4b266be0aa0dc54d2a8d1069657474344d2cfe41112d51a69,8
000000000398,act,270226-ee:220000,Pick all the items one by one from transparent tote and place them into the large grey tote.,Batteries,right,right,1773757305225206795,2026-03-17,,phail/v1.0/dataset/rollouts/000000000000/000000000398/meta.json,00c362f23c50a044563e19cd7acbd3a3b09b82d473370d50eac65bec6542f5b0,phail/v1.0/dataset/rollouts/000000000000/000000000398/static.json,29877b8678f86e047c65488b5e10cb38a25ffd2eee6499aaf7024046a9e24b68,8
000000000399,act,270226-ee:220000,Pick all the items one by one from transparent tote and place them into the large grey tote.,Batteries,right,right,1773758110329842884,2026-03-17,,phail/v1.0/dataset/rollouts/000000000000/000000000399/meta.json,0842347a8e2f3ac5e7f00c84371d56b82f7660145cf4c900badafabb4752c78c,phail/v1.0/dataset/rollouts/000000000000/000000000399/static.json,ca64d334cbcc31ffb5b0cf729c7ff842047a1099a17cf0dfd2c30ecd4cdc7e48,8
000000000400,openpi,270226-ee:199999,Pick all the items one by one from transparent tote and place them into the large grey tote.,Batteries,left,right,1773758416971511702,2026-03-17,,phail/v1.0/dataset/rollouts/000000000000/000000000400/meta.json,232062af1be9d2f94d510f114cf53f588f238f35456c28797e1eea34cb0b96cd,phail/v1.0/dataset/rollouts/000000000000/000000000400/static.json,1d889c1f22f60e09025bc5e91a22dd655277970f25912b0369d832f0a7633b68,8
000000000401,act,270226-ee:220000,Pick all the items one by one from transparent tote and place them into the large grey tote.,Towels,right,right,1773759018224958738,2026-03-17,,phail/v1.0/dataset/rollouts/000000000000/000000000401/meta.json,b1c132e0b9c5470febe7cd78f2416107e9768181f592636ef610a50a75548b44,phail/v1.0/dataset/rollouts/000000000000/000000000401/static.json,3414d0461112284b5c351855448339ebe5c2def5ce407270968cf49af1a8c9e3,4
000000000402,act,270226-ee:220000,Pick all the items one by one from transparent tote and place them into the large grey tote.,Towels,left,right,1773759274412263684,2026-03-17,,phail/v1.0/dataset/rollouts/000000000000/000000000402/meta.json,5d6f68358c13f7219d98ff1b998360dc4c572b6c9edfd5781d4890412e71fab8,phail/v1.0/dataset/rollouts/000000000000/000000000402/static.json,37b24689a3f1b89f92d3929408813ac8ece94b52d4d11d5853f008545de09406,4
000000000403,act,270226-ee:220000,Pick all the items one by one from transparent tote and place them into the large grey tote.,Towels,left,right,1773759684826151824,2026-03-17,,phail/v1.0/dataset/rollouts/000000000000/000000000403/meta.json,c07a85804dfb311e996748c093347811573c27c3cde5e712e29a52b6ba86b89a,phail/v1.0/dataset/rollouts/000000000000/000000000403/static.json,dfd201d94605719470c68c5d421eee495173d11cfb6e515ede8f98d2f0fe84d0,4
000000000404,act,270226-ee:220000,Pick all the items one by one from transparent tote and place them into the large grey tote.,Towels,right,left,1773760701125856024,2026-03-17,,phail/v1.0/dataset/rollouts/000000000000/000000000404/meta.json,8a582ea2ceb510762f58abd99540b9ffc0a2953a8a1ad2b64c20118cc05862b6,phail/v1.0/dataset/rollouts/000000000000/000000000404/static.json,8698aece32205473b0503e256ab829827a41c7a337bf717166c127f0680c92be,4
000000000405,act,270226-ee:220000,Pick all the items one by one from transparent tote and place them into the large grey tote.,Towels,left,left,1773760887485250056,2026-03-17,,phail/v1.0/dataset/rollouts/000000000000/000000000405/meta.json,c4adebe782933d0ee896b3be437fb78d713f0414852ae98a291438516863cee0,phail/v1.0/dataset/rollouts/000000000000/000000000405/static.json,523aba605aabb70081a6a1e4d53615406fabad4e4a1e9884c9fee1947faf5cd7,4
000000000406,act,270226-ee:220000,Pick all the items one by one from transparent tote and place them into the large grey tote.,Towels,right,left,1773761039207965656,2026-03-17,,phail/v1.0/dataset/rollouts/000000000000/000000000406/meta.json,98843078d54be139e6772b9a39aa2b5777228f1c1eb10686146732db11a79d59,phail/v1.0/dataset/rollouts/000000000000/000000000406/static.json,6b82c09877fa552cd0390f2522bcb1d25fabdfd0cff0d7380539fad446ce10d0,4
000000000407,act,270226-ee:220000,Pick all the items one by one from transparent tote and place them into the large grey tote.,Towels,left,left,1773761190330492521,2026-03-17,,phail/v1.0/dataset/rollouts/000000000000/000000000407/meta.json,7ae5925a936a106da1516de805ebdf3d6eca4ccfae096bdb72de0bbbd9a4011c,phail/v1.0/dataset/rollouts/000000000000/000000000407/static.json,8f5e62c9c225ed41141b4f917aaaf993d92d65840b580a909674076e6bac5147,4
000000000408,act,270226-ee:220000,Pick all the items one by one from transparent tote and place them into the large grey tote.,Towels,right,left,1773761395994494153,2026-03-17,,phail/v1.0/dataset/rollouts/000000000000/000000000408/meta.json,b8c3bde744b82b317f96cd155c331ddd5b2d1a9d523ecb8b19f26d190e4bdc94,phail/v1.0/dataset/rollouts/000000000000/000000000408/static.json,16d95c3ce5999bb392b11b09a91601558152772c2e961c86ad721124689b58cf,4
000000000409,openpi,270226-ee:199999,Pick all the items one by one from transparent tote and place them into the large grey tote.,Towels,left,left,1773761603052066135,2026-03-17,,phail/v1.0/dataset/rollouts/000000000000/000000000409/meta.json,e622066aa693f2a852e3f059bc9edcece081a07e725ad09eee1260f76babe531,phail/v1.0/dataset/rollouts/000000000000/000000000409/static.json,aa0726896e9eeec12d0526c7438a39c5e41d8fb19872a9b66b6ce2b73ce91d00,4
000000000410,act,270226-ee:220000,Pick all the items one by one from transparent tote and place them into the large grey tote.,Towels,right,left,1773761784433424005,2026-03-17,,phail/v1.0/dataset/rollouts/000000000000/000000000410/meta.json,478e23b4c55e2598acd2c7f1a59230cad9d634555254a838fe0b5258c26f9b4c,phail/v1.0/dataset/rollouts/000000000000/000000000410/static.json,e054904b7e0c52a59ac3217f5df525025ae3e4cebb05c03f2b656810271649ed,4
000000000411,act,270226-ee:220000,Pick all the items one by one from transparent tote and place them into the large grey tote.,Scissors,right,left,1773762509489401952,2026-03-17,,phail/v1.0/dataset/rollouts/000000000000/000000000411/meta.json,7d8ef4fe295c271110142d0916e9cc68dcb33b4fe1771b8b90f424dc32121aff,phail/v1.0/dataset/rollouts/000000000000/000000000411/static.json,55f88439e7c3ea23d0569ad9bfaaef2a5449ef787dfccc94116c9cbf29fc8bd6,8
000000000412,act,270226-ee:220000,Pick all the items one by one from transparent tote and place them into the large grey tote.,Scissors,left,left,1773762792638937138,2026-03-17,,phail/v1.0/dataset/rollouts/000000000000/000000000412/meta.json,28957e42e00c6b06307cb41a7cc880e79b1fb9e17fcfe52bd3d8bbadcbf2aba9,phail/v1.0/dataset/rollouts/000000000000/000000000412/static.json,6254ac9e42189f0feeaa2df282fba6ff0992f0069e633099e9d0cdb6226ebe8c,8
000000000413,act,270226-ee:220000,Pick all the items one by one from transparent tote and place them into the large grey tote.,Scissors,right,left,1773763113926382627,2026-03-17,,phail/v1.0/dataset/rollouts/000000000000/000000000413/meta.json,dab39cae24ebd3b6f0e5e585ed36d28ec3d6f9b12ac42fb4944ffd4d37a02c19,phail/v1.0/dataset/rollouts/000000000000/000000000413/static.json,a5d093901a1a7022d40088e33b493afac7f89ca3c4d3ef8223967d097cee47bb,8
000000000414,act,270226-ee:220000,Pick all the items one by one from transparent tote and place them into the large grey tote.,Scissors,left,left,1773764063741661274,2026-03-17,,phail/v1.0/dataset/rollouts/000000000000/000000000414/meta.json,5c48b054850e1cd3ce841347de6dd67da0dacf233605f92c889b6af9fe38f930,phail/v1.0/dataset/rollouts/000000000000/000000000414/static.json,b95d8a2fbfbff78c9bdd16b08dec97b78665b80a3b78ebaa6cd01132e2781eea,8
000000000415,smolvla,170316_ee:200000,Pick all the items one by one from transparent tote and place them into the large grey tote.,Wooden spoons,left,left,1773912958991126537,2026-03-19,,phail/v1.0/dataset/rollouts/000000000000/000000000415/meta.json,9f05c5e1a73d6698ba90aefe8192467c80d9b48451c1fae91bc219d749ebf47d,phail/v1.0/dataset/rollouts/000000000000/000000000415/static.json,f4e91dde3de4b8d29145ee7064ea9534f7be3359ee34090a0d9e395396742521,8
000000000416,smolvla,170316_ee:200000,Pick all the items one by one from transparent tote and place them into the large grey tote.,Wooden spoons,right,left,1773913225927431309,2026-03-19,,phail/v1.0/dataset/rollouts/000000000000/000000000416/meta.json,fa1576e38264a5d3f1d6d7ee92c2c24fefc0de70e49412913541a3e6cd7b85e0,phail/v1.0/dataset/rollouts/000000000000/000000000416/static.json,2b6fd12da47871f1ad0cc50e5a4e668ee8dcec640d517688d6289d7bd52474ff,8
000000000417,smolvla,170316_ee:200000,Pick all the items one by one from transparent tote and place them into the large grey tote.,Wooden spoons,left,left,1773913516484964830,2026-03-19,,phail/v1.0/dataset/rollouts/000000000000/000000000417/meta.json,d22770e0083f83eb4d5eae571d58ebda1fa4a127432e9180501f8551060a4d1f,phail/v1.0/dataset/rollouts/000000000000/000000000417/static.json,df730184879da4977fe348833cf7aad7fe568fa288e78f0acbec0b13ebb3cb10,8
000000000418,smolvla,170316_ee:200000,Pick all the items one by one from transparent tote and place them into the large grey tote.,Wooden spoons,right,left,1773913788323953611,2026-03-19,,phail/v1.0/dataset/rollouts/000000000000/000000000418/meta.json,1ee60c82a65953784c384172b11991135bdcb478c2d0a1ac3c3d4d5d6e988870,phail/v1.0/dataset/rollouts/000000000000/000000000418/static.json,b1da20e16c9e095980338803026a975b682d2f21fa379a81c49a5e2647da20d7,8
000000000419,act,270226-ee:220000,Pick all the items one by one from transparent tote and place them into the large grey tote.,Wooden spoons,left,left,1773914100183097698,2026-03-19,,phail/v1.0/dataset/rollouts/000000000000/000000000419/meta.json,eb495460199221784681ada12c707fa0833459da21b7ce0d67e71d5a95f652f6,phail/v1.0/dataset/rollouts/000000000000/000000000419/static.json,aa0d9881ca957c53f1a117108635b520cefb439b0602271ecfaa047ce5dc5ee2,8
000000000420,smolvla,170316_ee:200000,Pick all the items one by one from transparent tote and place them into the large grey tote.,Wooden spoons,right,left,1773914410872496529,2026-03-19,,phail/v1.0/dataset/rollouts/000000000000/000000000420/meta.json,e7efd08bc956b9203690f85d5d91cf75117d6072c0bedc1815708bd4a06ce822,phail/v1.0/dataset/rollouts/000000000000/000000000420/static.json,cb7d2ccd275e4a4d4d45acfb298e042f8980f2db9e71a9a9dfe8ff56814ffac4,8
000000000421,smolvla,170316_ee:200000,Pick all the items one by one from transparent tote and place them into the large grey tote.,Wooden spoons,left,left,1773914561185667462,2026-03-19,,phail/v1.0/dataset/rollouts/000000000000/000000000421/meta.json,a9fc27f5eb76b9c7ce179c2d4b322bbf6eaec9f8cb67453f206f2b6dd3cd0ec7,phail/v1.0/dataset/rollouts/000000000000/000000000421/static.json,88df8192ccded7b5726f1725eed0a2246f7c246a4d02e88e1479f3d8b593e3b1,8
000000000422,smolvla,170316_ee:200000,Pick all the items one by one from transparent tote and place them into the large grey tote.,Wooden spoons,right,left,1773914880304068691,2026-03-19,,phail/v1.0/dataset/rollouts/000000000000/000000000422/meta.json,09088d86ba4b62d2d6402cd85f90f4b2bb84a076b92797c6fe2f1fab02fa6e8c,phail/v1.0/dataset/rollouts/000000000000/000000000422/static.json,d23bcc5f4e7a485225353a6e398e0f9f0da982d5afd104fea6cc3728df6d8e94,8
000000000423,smolvla,170316_ee:200000,Pick all the items one by one from transparent tote and place them into the large grey tote.,Wooden spoons,right,left,1773915280832884345,2026-03-19,,phail/v1.0/dataset/rollouts/000000000000/000000000423/meta.json,afa7c3137859faeac5f5e98f96439d20823dab37ca8cf8d16823bc5101bee2c7,phail/v1.0/dataset/rollouts/000000000000/000000000423/static.json,2d9f5f8394f603fce25fd0ed4752d8edb8ace359ff5b0f1203a5d5311edd4e6f,8
000000000424,smolvla,170316_ee:200000,Pick all the items one by one from transparent tote and place them into the large grey tote.,Wooden spoons,left,left,1773915679125419316,2026-03-19,,phail/v1.0/dataset/rollouts/000000000000/000000000424/meta.json,8510bde408139d274f82f2d8006f8b8ad36729c05b87b1faa8f2b7300f72efc8,phail/v1.0/dataset/rollouts/000000000000/000000000424/static.json,a529d774543798d8e6f8ac4f83e00ff7537c543cc8868d069e430c2eb7d4a71d,8
000000000425,smolvla,170316_ee:200000,Pick all the items one by one from transparent tote and place them into the large grey tote.,Wooden spoons,left,right,1773916019137413178,2026-03-19,,phail/v1.0/dataset/rollouts/000000000000/000000000425/meta.json,8bb283973b2028ade4f7768c961231221209d8ee6fe64c7623e7e6b5d0572818,phail/v1.0/dataset/rollouts/000000000000/000000000425/static.json,4e98e3c6d3cc14d5ad87f093a333d7d933eec201d990d8e1eb50612789ab4313,8
000000000426,smolvla,170316_ee:200000,Pick all the items one by one from transparent tote and place them into the large grey tote.,Wooden spoons,right,right,1773916490366781871,2026-03-19,,phail/v1.0/dataset/rollouts/000000000000/000000000426/meta.json,ffda4ab15d3a81f9abd8b9923aaf8699c6f0830ba0f5fff204d200041eaeff84,phail/v1.0/dataset/rollouts/000000000000/000000000426/static.json,9759e40c85582928159516d9e553caece741d07964000431e9abef3bb1133f5d,8
000000000427,smolvla,170316_ee:200000,Pick all the items one by one from transparent tote and place them into the large grey tote.,Wooden spoons,right,right,1773917332778175248,2026-03-19,,phail/v1.0/dataset/rollouts/000000000000/000000000427/meta.json,566bb8a3fd698efe80c95205216f18a07266b24e0a53bbf44bd89fae8ba94d72,phail/v1.0/dataset/rollouts/000000000000/000000000427/static.json,3fc994409712ed3b14df8c59e10ec7e9ea0cd5d9c13d8b18961763cee62621ee,8
000000000428,smolvla,170316_ee:200000,Pick all the items one by one from transparent tote and place them into the large grey tote.,Wooden spoons,right,right,1773918615005300416,2026-03-19,,phail/v1.0/dataset/rollouts/000000000000/000000000428/meta.json,141c67880d2e1909103356e6242a9d019ab89e6668976e42fe1e3504843699ba,phail/v1.0/dataset/rollouts/000000000000/000000000428/static.json,c6998f7d28698c2fdb84f658bff587c07e94dec9ef7af9bab57cd5f8154b4c00,8
000000000429,smolvla,170316_ee:200000,Pick all the items one by one from transparent tote and place them into the large grey tote.,Wooden spoons,left,right,1773918773398253460,2026-03-19,,phail/v1.0/dataset/rollouts/000000000000/000000000429/meta.json,f4e1f72668583abee46ae692a00858593b9619b4ffd5d5110e99ca4fd01cbb0d,phail/v1.0/dataset/rollouts/000000000000/000000000429/static.json,ba5979562b3ce7892ee7eedc857a27cf23531a589768315c9b5d5d7bb54bffb4,8
000000000430,smolvla,170316_ee:200000,Pick all the items one by one from transparent tote and place them into the large grey tote.,Wooden spoons,right,right,1773919041629900524,2026-03-19,,phail/v1.0/dataset/rollouts/000000000000/000000000430/meta.json,6186a18a8e2451d78a97afd0b6c42b767e89fbfa2733978efeb4c3924ea110d8,phail/v1.0/dataset/rollouts/000000000000/000000000430/static.json,4293821dda9b96ee38886b77462eabb1653eac97f8206414e6b5d7a473eb8cef,8
000000000431,smolvla,170316_ee:200000,Pick all the items one by one from transparent tote and place them into the large grey tote.,Wooden spoons,left,right,1773919094394766004,2026-03-19,,phail/v1.0/dataset/rollouts/000000000000/000000000431/meta.json,800fd9ad695a6fd50559811e502a72f18374b3a41143a8c9b353f9ae4b63a4a9,phail/v1.0/dataset/rollouts/000000000000/000000000431/static.json,d28bfe1e1d12dd966613e19f3a0b7044763209f3487ead556ee0e0d72b5e3007,8
000000000432,smolvla,170316_ee:200000,Pick all the items one by one from transparent tote and place them into the large grey tote.,Wooden spoons,right,right,1773919416948756073,2026-03-19,,phail/v1.0/dataset/rollouts/000000000000/000000000432/meta.json,97652697942fc6fa7fe596332c8d835ec4b9c104d4b9040bf2ccd583755f391c,phail/v1.0/dataset/rollouts/000000000000/000000000432/static.json,b869fadab376183984b7ae698e21ff05d92ddc13573a687aefe4139c75671e08,8
000000000433,smolvla,170316_ee:200000,Pick all the items one by one from transparent tote and place them into the large grey tote.,Wooden spoons,left,right,1773919487100337097,2026-03-19,,phail/v1.0/dataset/rollouts/000000000000/000000000433/meta.json,e3bc3fa485313bf18f7f7584401737a6f46e329833f1cb4993bbe4d7b0915b0d,phail/v1.0/dataset/rollouts/000000000000/000000000433/static.json,e6b50e547580a90647e3bcbfdcdcfc725b390e2b741fa63cb35aea5bfe451332,8
000000000434,smolvla,170316_ee:200000,Pick all the items one by one from transparent tote and place them into the large grey tote.,Batteries,left,right,1773921147745026615,2026-03-19,,phail/v1.0/dataset/rollouts/000000000000/000000000434/meta.json,130185d47acf4995ae0e8a7d79b702615fbcb3ea5383265be85e9a4591821957,phail/v1.0/dataset/rollouts/000000000000/000000000434/static.json,edf1f0ed2ffe63b60dba6366c4b6d1d79322d67bec72f486ac864da4817ecd77,8
000000000435,smolvla,170316_ee:200000,Pick all the items one by one from transparent tote and place them into the large grey tote.,Batteries,right,right,1773921488614058018,2026-03-19,,phail/v1.0/dataset/rollouts/000000000000/000000000435/meta.json,675d1c5bf690fd1ac510cf55225aacb7362ca8ca605054553962d28eea87085c,phail/v1.0/dataset/rollouts/000000000000/000000000435/static.json,c06795f1334ded1eb03513a61e0a7c2170731ff7c188993524470be677fa005d,8
000000000436,act,270226-ee:220000,Pick all the items one by one from transparent tote and place them into the large grey tote.,Batteries,left,right,1773921825112238084,2026-03-19,,phail/v1.0/dataset/rollouts/000000000000/000000000436/meta.json,a0b098d073504d4102f230ab1d93bf387b0fc3147734bbbebffdf6c629bda5ee,phail/v1.0/dataset/rollouts/000000000000/000000000436/static.json,b70fb178750034562f79e837799fd16bb61d6f98a105568953d681104771af37,8
000000000437,smolvla,170316_ee:200000,Pick all the items one by one from transparent tote and place them into the large grey tote.,Batteries,right,right,1773922110591559409,2026-03-19,,phail/v1.0/dataset/rollouts/000000000000/000000000437/meta.json,b00158e52e0a430db1b4106fcbe9891aab7660167b31438be96ae38ad73e9627,phail/v1.0/dataset/rollouts/000000000000/000000000437/static.json,8a8456383936fb718ab0807d4ad2a9c901f9879ef704fdfc9e7f9ed11edec6f8,8
000000000438,act,270226-ee:220000,Pick all the items one by one from transparent tote and place them into the large grey tote.,Batteries,right,right,1773922553241909542,2026-03-19,,phail/v1.0/dataset/rollouts/000000000000/000000000438/meta.json,6fc73d1180f52772cb0dbfcf3ca01e7e3133caec610728b9defac11c39a28aff,phail/v1.0/dataset/rollouts/000000000000/000000000438/static.json,f4036c8d84a3047164e12270363ef3394fb0348ab7f7af79283bebb160a94186,8
000000000439,openpi,270226-ee:199999,Pick all the items one by one from transparent tote and place them into the large grey tote.,Batteries,left,right,1773922847422777673,2026-03-19,,phail/v1.0/dataset/rollouts/000000000000/000000000439/meta.json,6d12922186648697d325b5de6dcbdcd69730cecbab4e202206fe8748f915bc73,phail/v1.0/dataset/rollouts/000000000000/000000000439/static.json,d81c3d3604398892ee2101c3c6e7fa1a0e96cb409b93ac1694a6d53d15c3206a,8
000000000440,act,270226-ee:220000,Pick all the items one by one from transparent tote and place them into the large grey tote.,Batteries,left,left,1773923336514621530,2026-03-19,,phail/v1.0/dataset/rollouts/000000000000/000000000440/meta.json,c4c96fb79bc9086511595b40d79ea57db663083f35c6ce245a4819a3ac8a106d,phail/v1.0/dataset/rollouts/000000000000/000000000440/static.json,431a26025dfe5956ff64f96917b5fbd831221ed1eb4c41c84566d0cf84f8b8eb,8
000000000441,smolvla,170316_ee:200000,Pick all the items one by one from transparent tote and place them into the large grey tote.,Batteries,left,left,1773924008184924598,2026-03-19,,phail/v1.0/dataset/rollouts/000000000000/000000000441/meta.json,845c67bb88b59143dbd7b28679d6251ec52e6d062fbe20f36354dd741f0a9d01,phail/v1.0/dataset/rollouts/000000000000/000000000441/static.json,e5044b716b314021269203b4cff87b8c3c7d0799ea0cf89345b614d488061176,8
000000000442,act,270226-ee:220000,Pick all the items one by one from transparent tote and place them into the large grey tote.,Batteries,left,left,1773924380609788541,2026-03-19,,phail/v1.0/dataset/rollouts/000000000000/000000000442/meta.json,63f0a4c2293940b3cacd865fe379b9d349ec4a563a775e2835e793bef6f17b44,phail/v1.0/dataset/rollouts/000000000000/000000000442/static.json,c72dd7ee90a76969b08f085d429da93386866d7c72ca7b91b26f3bd1cc753024,8
000000000443,openpi,270226-ee:199999,Pick all the items one by one from transparent tote and place them into the large grey tote.,Batteries,right,left,1773924813626525948,2026-03-19,,phail/v1.0/dataset/rollouts/000000000000/000000000443/meta.json,83a34a592b9ca895be9337595ee7472f040aab32a057874e8e1b49e836437536,phail/v1.0/dataset/rollouts/000000000000/000000000443/static.json,b72a896c5dffa451424853f488671fcc5fbba97ab22e43f7b34c9f9289a676bf,8
000000000444,smolvla,170316_ee:200000,Pick all the items one by one from transparent tote and place them into the large grey tote.,Batteries,left,left,1773925074765030136,2026-03-19,,phail/v1.0/dataset/rollouts/000000000000/000000000444/meta.json,8419aa34975d1d20afd1804cbc8fa86300e3b2185f82ba9ed16d1964bc37ff98,phail/v1.0/dataset/rollouts/000000000000/000000000444/static.json,f6023d168c9011c3f6a3d58daea80525af2e675bfe1e28c462e7b1d1b5039a60,8
000000000445,act,270226-ee:220000,Pick all the items one by one from transparent tote and place them into the large grey tote.,Batteries,right,left,1773925448018998660,2026-03-19,,phail/v1.0/dataset/rollouts/000000000000/000000000445/meta.json,84b2187a2523df898322e4f33b7af2987d7996ad859017b060903eea6d00d678,phail/v1.0/dataset/rollouts/000000000000/000000000445/static.json,9768edda15d6d0c16de06646d9a1810e63d20a588807f211092a6ef5eec895e1,8
000000000446,act,270226-ee:220000,Pick all the items one by one from transparent tote and place them into the large grey tote.,Scissors,right,left,1773925750828041086,2026-03-19,,phail/v1.0/dataset/rollouts/000000000000/000000000446/meta.json,c65e4ce16206d7bc1d60c33481212644cfbb7fbd5b5ba6f4ab2282ab3b3db211,phail/v1.0/dataset/rollouts/000000000000/000000000446/static.json,85a0db7148468e23868c4587608f69b3ed38a3ce9ec6741f06c2e10d842c3fb9,8
000000000447,smolvla,170316_ee:200000,Pick all the items one by one from transparent tote and place them into the large grey tote.,Scissors,right,left,1773926284541707175,2026-03-19,,phail/v1.0/dataset/rollouts/000000000000/000000000447/meta.json,16104f3f8ae01ff29790af9943014071d5fba5d7a61b486680288e8f5135a7a4,phail/v1.0/dataset/rollouts/000000000000/000000000447/static.json,1a3ee4885dc6f4698bc3ade1671be3a7b359f10a1b73c0207b524e7e7bdcf31d,8
000000000448,smolvla,170316_ee:200000,Pick all the items one by one from transparent tote and place them into the large grey tote.,Scissors,right,left,1773927220203500314,2026-03-19,,phail/v1.0/dataset/rollouts/000000000000/000000000448/meta.json,412f289e5c25c00365a2c6b7c6922da386177179da494f7404df18bc3771cd00,phail/v1.0/dataset/rollouts/000000000000/000000000448/static.json,2239845a1fdb15583c0c2f6d9062dfbf70a8be77020fbbec0454dd900ebf4f2c,8
000000000449,act,270226-ee:220000,Pick all the items one by one from transparent tote and place them into the large grey tote.,Scissors,left,left,1773927630030264841,2026-03-19,,phail/v1.0/dataset/rollouts/000000000000/000000000449/meta.json,6baed87dd170efae2f35b74cb9ad1c08484d69706a26da7c2f0d15abbaaa3b50,phail/v1.0/dataset/rollouts/000000000000/000000000449/static.json,6c9e7287814489f7b6a886aae51e2dc658556967a2de67aaed0fcbe6f88d63ee,8
000000000450,openpi,270226-ee:199999,Pick all the items one by one from transparent tote and place them into the large grey tote.,Scissors,right,right,1773928358783570168,2026-03-19,,phail/v1.0/dataset/rollouts/000000000000/000000000450/meta.json,8821eee33ce214d0d76dffecf44c46a40dfbc3250ac63bfb2ae02d5b0d544a0b,phail/v1.0/dataset/rollouts/000000000000/000000000450/static.json,471a4e264becd8c272cd0f3f7233f6c9374901cc9369bb48e753fe61b148350a,8
000000000451,openpi,270226-ee:199999,Pick all the items one by one from transparent tote and place them into the large grey tote.,Scissors,left,right,1773928664969946696,2026-03-19,,phail/v1.0/dataset/rollouts/000000000000/000000000451/meta.json,0f425f5a38f7b78ab68fd91a8c65a6657a7eb4e73bf177891b8763bf844f016b,phail/v1.0/dataset/rollouts/000000000000/000000000451/static.json,04a669aa7dd66b3e749011d62e28cceb78fb7590691b48d7b73d37d2bf2a72a0,8
000000000452,act,270226-ee:220000,Pick all the items one by one from transparent tote and place them into the large grey tote.,Scissors,right,right,1773928950718691989,2026-03-19,,phail/v1.0/dataset/rollouts/000000000000/000000000452/meta.json,96064afd5ac443548788a2f70e6758a6669df877515b5c8a7591ed768c04cfcb,phail/v1.0/dataset/rollouts/000000000000/000000000452/static.json,974cbd320bddbc300c1e507f10be03aa03559aa65b92cd16c7e6b02f2a1ffd3c,8
000000000453,act,270226-ee:220000,Pick all the items one by one from transparent tote and place them into the large grey tote.,Scissors,left,right,1773930363470698042,2026-03-19,,phail/v1.0/dataset/rollouts/000000000000/000000000453/meta.json,5a2614a05785cf855496923d3d0d2d5deb79b4adfed13659fec53f63ec1a6bbf,phail/v1.0/dataset/rollouts/000000000000/000000000453/static.json,7b87a0676cd584ce5c470ad301760e113f88579ffe74446d043420d8ff6f6588,8
000000000454,act,270226-ee:220000,Pick all the items one by one from transparent tote and place them into the large grey tote.,Towels,left,right,1774013533443147834,2026-03-20,,phail/v1.0/dataset/rollouts/000000000000/000000000454/meta.json,c3d7e89cb4374eee78391ecf96469c44b6cb1fb283e0338c3a5ca775b8455685,phail/v1.0/dataset/rollouts/000000000000/000000000454/static.json,51b39f031bf36f34b3d896be45e9f54c3be4811012ca77c23edeffb0621d9364,4
000000000455,act,270226-ee:220000,Pick all the items one by one from transparent tote and place them into the large grey tote.,Towels,right,right,1774013698468729941,2026-03-20,,phail/v1.0/dataset/rollouts/000000000000/000000000455/meta.json,93195d80930000beb58590b54a33e65e81d2859d769fb0994cceb8017eeee017,phail/v1.0/dataset/rollouts/000000000000/000000000455/static.json,1cf75b88738eb6ef8e7ec27d1e0015b439c1d27c3a5ee6980d8fedfadad0255d,4
000000000456,act,270226-ee:220000,Pick all the items one by one from transparent tote and place them into the large grey tote.,Towels,left,right,1774013849403950770,2026-03-20,,phail/v1.0/dataset/rollouts/000000000000/000000000456/meta.json,caba3119237a0f249e61fda5b61fede61153d0c03dc3b1453e596b9379d94360,phail/v1.0/dataset/rollouts/000000000000/000000000456/static.json,25d5db700cd0141a2476ec5d29aee39eeb06b5c708648c80507fd9936eb5f423,4
000000000457,groot,270226-ee_rot6d_rel:150000,Pick all the items one by one from transparent tote and place them into the large grey tote.,Towels,right,right,1774014007029111024,2026-03-20,,phail/v1.0/dataset/rollouts/000000000000/000000000457/meta.json,a204286d812f2742c767413503383b5aea851c827c9d41edf82b7d217cbb1448,phail/v1.0/dataset/rollouts/000000000000/000000000457/static.json,014ae773cf6096e810ec3fa05c3d26cf688685d54bee2257f3ed037eb5e520ac,4
000000000458,act,270226-ee:220000,Pick all the items one by one from transparent tote and place them into the large grey tote.,Towels,left,right,1774014159252287061,2026-03-20,,phail/v1.0/dataset/rollouts/000000000000/000000000458/meta.json,22c0e4d69d5b536b03790e70f14bc8eaf81d0b88e8300327db395eaeccadbdb5,phail/v1.0/dataset/rollouts/000000000000/000000000458/static.json,64170687a09b1d5b31af37682431ace15fc14f1cf9c6948b3ff65b1fa71a5343,4
000000000459,smolvla,170316_ee:200000,Pick all the items one by one from transparent tote and place them into the large grey tote.,Towels,right,right,1774014312166487184,2026-03-20,,phail/v1.0/dataset/rollouts/000000000000/000000000459/meta.json,be82c062fc5a21ba8b942f42964ac64101668b5470c2e4a9f65efdb58d32c38e,phail/v1.0/dataset/rollouts/000000000000/000000000459/static.json,3f343b8bfd12b487575737ee72662e42b00f45f8116b8f3be6c819ca6d5e41c0,4
000000000460,openpi,270226-ee:199999,Pick all the items one by one from transparent tote and place them into the large grey tote.,Towels,left,right,1774014456075970462,2026-03-20,,phail/v1.0/dataset/rollouts/000000000000/000000000460/meta.json,cc9434f34c70c0ff4824eca4400b5e7e2fa62c708656578c3aee4a1289cbe5ef,phail/v1.0/dataset/rollouts/000000000000/000000000460/static.json,f0035a61394d1c801d393839abced3c6eefc92b1d58dfa36381e1f914bc826dd,4
000000000461,openpi,270226-ee:199999,Pick all the items one by one from transparent tote and place them into the large grey tote.,Towels,right,right,1774014684283839333,2026-03-20,,phail/v1.0/dataset/rollouts/000000000000/000000000461/meta.json,30f7afd7605dd464d662f46338c27a27ff93911e960e5c942969ae0b3926e62c,phail/v1.0/dataset/rollouts/000000000000/000000000461/static.json,8b158fc7e535be738256c4974bb7d7969221c3c817871a5c53df95dfb06e6da6,4
000000000462,smolvla,170316_ee:200000,Pick all the items one by one from transparent tote and place them into the large grey tote.,Towels,left,right,1774014910198266273,2026-03-20,,phail/v1.0/dataset/rollouts/000000000000/000000000462/meta.json,f4596f81e8ede36af50ae109b541e814c897cdb3521a6dd4a7ae6a7d12587c82,phail/v1.0/dataset/rollouts/000000000000/000000000462/static.json,2bef7e90f0a336a71cd2eb8e8bfba23a8fd02cd5f7610dce908e60fd3bc055bd,4
000000000463,act,270226-ee:220000,Pick all the items one by one from transparent tote and place them into the large grey tote.,Towels,right,right,1774015121498950572,2026-03-20,,phail/v1.0/dataset/rollouts/000000000000/000000000463/meta.json,5309e89ef3877320fc500f75c56499e8a971d6d91da83380d2a0800d9d132877,phail/v1.0/dataset/rollouts/000000000000/000000000463/static.json,0d8447b09881d483b802042faf773ab57db7c451d8225b800a52cb1ffc04c002,4
000000000464,act,270226-ee:220000,Pick all the items one by one from transparent tote and place them into the large grey tote.,Towels,left,right,1774015283805822050,2026-03-20,,phail/v1.0/dataset/rollouts/000000000000/000000000464/meta.json,b1e99972b7dbe4dfd5ab1bce5e029f81a52dc95d82e3472f263fbe1182384da9,phail/v1.0/dataset/rollouts/000000000000/000000000464/static.json,404ca00748d65385bbe046ee64dd4c440f17d7a945c547e4bb47553e35cd376f,4
000000000465,act,270226-ee:220000,Pick all the items one by one from transparent tote and place them into the large grey tote.,Towels,right,right,1774015431153098776,2026-03-20,,phail/v1.0/dataset/rollouts/000000000000/000000000465/meta.json,0f84bbd52a1afae726f3a4dc881b7729ad201585537a2021931e249c0f7d5c3d,phail/v1.0/dataset/rollouts/000000000000/000000000465/static.json,9cdd7845ef14e6abc22ebfaa7149a87232567fa7b3127eea26b3df441555a865,4
000000000466,smolvla,170316_ee:200000,Pick all the items one by one from transparent tote and place them into the large grey tote.,Towels,left,right,1774015574013313189,2026-03-20,,phail/v1.0/dataset/rollouts/000000000000/000000000466/meta.json,332c541d63ce6e64c22283810a809ea2b821746a0ac8ce5446fecec28079a1f8,phail/v1.0/dataset/rollouts/000000000000/000000000466/static.json,f499a5c31e2c1a4c3e9ce4b90b1f99af37983d13bf7ebddb7c5259e0913c5b4f,4
000000000467,groot,270226-ee_rot6d_rel:150000,Pick all the items one by one from transparent tote and place them into the large grey tote.,Towels,right,right,1774015736525818332,2026-03-20,,phail/v1.0/dataset/rollouts/000000000000/000000000467/meta.json,24e9779ded04a034d247b44012905f19f86d74450c32f545dc0ac3446cd11d5e,phail/v1.0/dataset/rollouts/000000000000/000000000467/static.json,9c59591b0246873123801efb85bfdefd2b297703130eb7c00735e3281d1c2131,4
000000000468,smolvla,170316_ee:200000,Pick all the items one by one from transparent tote and place them into the large grey tote.,Towels,left,right,1774015888964785026,2026-03-20,,phail/v1.0/dataset/rollouts/000000000000/000000000468/meta.json,b6e700528d81738ce945120ddba680ce27507c41001b410d171e67c9daf4410c,phail/v1.0/dataset/rollouts/000000000000/000000000468/static.json,9033eb7dfa90563573e749cce5a9b0e838490b5e95053e57996becfa11cf40b6,4
000000000469,act,270226-ee:220000,Pick all the items one by one from transparent tote and place them into the large grey tote.,Towels,right,right,1774016144337992501,2026-03-20,,phail/v1.0/dataset/rollouts/000000000000/000000000469/meta.json,3ad2b87fd45952b8da061213ca33cac941c6d7210e5010865cc954ac2c0e6271,phail/v1.0/dataset/rollouts/000000000000/000000000469/static.json,323c527bcb7f6aab5032f7573c1229b2fe8cfb2b3abce1c5c2caaf335fdd4a56,4
000000000470,openpi,270226-ee:199999,Pick all the items one by one from transparent tote and place them into the large grey tote.,Towels,left,right,1774016296270062369,2026-03-20,,phail/v1.0/dataset/rollouts/000000000000/000000000470/meta.json,6a2f385725dd4a0c19dafd2ef1ce46f51959be3d44cea0a40546d78484f8f11c,phail/v1.0/dataset/rollouts/000000000000/000000000470/static.json,94f86d9d0f8dfc27503e7bc9d16b65f8bedc1c16f93cc7b4c9b5f91744aeeadc,4
000000000471,openpi,270226-ee:199999,Pick all the items one by one from transparent tote and place them into the large grey tote.,Towels,right,right,1774016516490044572,2026-03-20,,phail/v1.0/dataset/rollouts/000000000000/000000000471/meta.json,a4fdbdff8dd046c04567c722d219359a5df0d69459450d70eb67aca77e4aba77,phail/v1.0/dataset/rollouts/000000000000/000000000471/static.json,e06f5dbbea270c09d900b74054233734fd028cff15d85f75401035102823ae04,4
000000000472,smolvla,170316_ee:200000,Pick all the items one by one from transparent tote and place them into the large grey tote.,Towels,left,right,1774016711503560989,2026-03-20,,phail/v1.0/dataset/rollouts/000000000000/000000000472/meta.json,e0b34aca461f64d150aef81543a508a881a24334d47a1da8916445fbef79fb87,phail/v1.0/dataset/rollouts/000000000000/000000000472/static.json,19e24ca38e7702711aa28f7ed1d42809b312b2429160c02e5c085aa6455137fb,4
000000000473,groot,270226-ee_rot6d_rel:150000,Pick all the items one by one from transparent tote and place them into the large grey tote.,Towels,right,right,1774016940850695075,2026-03-20,,phail/v1.0/dataset/rollouts/000000000000/000000000473/meta.json,77c2d646e1f2ec8237995d7f7f97f1ed4aef634ec8643ba3d5b52b7f45ed9748,phail/v1.0/dataset/rollouts/000000000000/000000000473/static.json,beef88bdc4ffb25af18bf3f6f0e2e6fb89ca8cdcab4cb1851703286331a9f87d,4
000000000474,act,270226-ee:220000,Pick all the items one by one from transparent tote and place them into the large grey tote.,Towels,left,right,1774017067197232507,2026-03-20,,phail/v1.0/dataset/rollouts/000000000000/000000000474/meta.json,8294680fc424dbd1f5bda1a7810f6f629659aed635aeccc3a597827bd9b26369,phail/v1.0/dataset/rollouts/000000000000/000000000474/static.json,065a39d78abed78ef028b2fe0a6580775732081df742f57dd49dc0f6f2ad926d,4
000000000475,openpi,270226-ee:199999,Pick all the items one by one from transparent tote and place them into the large grey tote.,Towels,right,right,1774017240663411147,2026-03-20,,phail/v1.0/dataset/rollouts/000000000000/000000000475/meta.json,45a406253f863c05881d27a4014a8f22f788bccdff6f426ea734114eb4336745,phail/v1.0/dataset/rollouts/000000000000/000000000475/static.json,4bb9035ef060f66f313cf3d814cd9bae84c498253cb9fa329289814d0c145f6b,4
000000000476,groot,270226-ee_rot6d_rel:150000,Pick all the items one by one from transparent tote and place them into the large grey tote.,Towels,left,right,1774017404055552475,2026-03-20,,phail/v1.0/dataset/rollouts/000000000000/000000000476/meta.json,793a66dfabec36d8052b8e38b7f3ab96fe46f64ef8a6cef98c9cfc423694f52f,phail/v1.0/dataset/rollouts/000000000000/000000000476/static.json,45545a85fb28e85f61aec53979cb3a8ec9dd6d591a4effb1b67e75d885b1b583,4
000000000477,openpi,270226-ee:199999,Pick all the items one by one from transparent tote and place them into the large grey tote.,Towels,right,right,1774017613234613121,2026-03-20,,phail/v1.0/dataset/rollouts/000000000000/000000000477/meta.json,48784662e4700aa10df8a11e659251de2016f4531cf646a4e12e8924afa561b3,phail/v1.0/dataset/rollouts/000000000000/000000000477/static.json,175bb4bd18e7a6d4892afce04d860281ddb95c9b73a44aa735df1bb651f75a91,4
000000000478,groot,270226-ee_rot6d_rel:150000,Pick all the items one by one from transparent tote and place them into the large grey tote.,Towels,left,right,1774017949234329912,2026-03-20,,phail/v1.0/dataset/rollouts/000000000000/000000000478/meta.json,399314767198e7ce8dddac7b5ea4a16a4fdc5d125d46734c55dfa477f0ba51a5,phail/v1.0/dataset/rollouts/000000000000/000000000478/static.json,36e47e6c9693bd6f821d593392ee0a596e9008732c44449c9881bc81b22012dd,4
000000000479,act,270226-ee:220000,Pick all the items one by one from transparent tote and place them into the large grey tote.,Towels,right,right,1774018137949345598,2026-03-20,,phail/v1.0/dataset/rollouts/000000000000/000000000479/meta.json,c424fad1c358d2270629aa2729324056c409179c486a1e2b025aaad2016f2911,phail/v1.0/dataset/rollouts/000000000000/000000000479/static.json,904e3a93d9f26c73b269c9e44738229105c9a6b5e858c1e86da9454a2724b6c3,4
000000000480,smolvla,170316_ee:200000,Pick all the items one by one from transparent tote and place them into the large grey tote.,Towels,left,right,1774018417078880975,2026-03-20,,phail/v1.0/dataset/rollouts/000000000000/000000000480/meta.json,87e87df3d42a92d8f90a094d3c68a5673f5f13605fe0b663b9bf38a11c9d75b3,phail/v1.0/dataset/rollouts/000000000000/000000000480/static.json,4302f0203c8e75baebfeaf712c97b47d4eaf920aef9ceb56d3840d49288ef7cc,4
000000000481,smolvla,170316_ee:200000,Pick all the items one by one from transparent tote and place them into the large grey tote.,Towels,right,right,1774018584618177649,2026-03-20,,phail/v1.0/dataset/rollouts/000000000000/000000000481/meta.json,074e867a9bd2c38ea562c49d327e289f0b313a6b5bf619e4353b99ab29c973b1,phail/v1.0/dataset/rollouts/000000000000/000000000481/static.json,dd8b92a4bb9296af02aa7be9eda84b6bfcc9c0d998a44a9936bcc70227676d58,4
000000000482,smolvla,170316_ee:200000,Pick all the items one by one from transparent tote and place them into the large grey tote.,Towels,left,right,1774018736261999987,2026-03-20,,phail/v1.0/dataset/rollouts/000000000000/000000000482/meta.json,38f9e94928df11bccddf0591e6e1c9ed4dbcf151523dbc24d585507228cbb2f3,phail/v1.0/dataset/rollouts/000000000000/000000000482/static.json,7820d004889a7c9ff874bd8a61182a55cfd5eeb1230156c46e1d3285cc510e60,4
000000000483,act,270226-ee:220000,Pick all the items one by one from transparent tote and place them into the large grey tote.,Towels,right,right,1774018934026520957,2026-03-20,,phail/v1.0/dataset/rollouts/000000000000/000000000483/meta.json,71cfc7905e2a91f4f1f0ea3864f836c49e65e5a793840e53372efbbf035fdb3c,phail/v1.0/dataset/rollouts/000000000000/000000000483/static.json,e6954761f612c7263779b1fa95143436f7b2608b6269a4b69517df1610c53909,4
000000000484,groot,270226-ee_rot6d_rel:150000,Pick all the items one by one from transparent tote and place them into the large grey tote.,Towels,left,left,1774019302610592012,2026-03-20,,phail/v1.0/dataset/rollouts/000000000000/000000000484/meta.json,2f328cd4b382fbf0a959dc0dbdfb8e582295fe2ebc2611c4a759059508831ce4,phail/v1.0/dataset/rollouts/000000000000/000000000484/static.json,a18fe320933fc034bf06c52b70eaf8be685bf71390a36d11b7473e33f1ce4ae4,4
000000000485,groot,270226-ee_rot6d_rel:150000,Pick all the items one by one from transparent tote and place them into the large grey tote.,Towels,right,left,1774019461481980774,2026-03-20,,phail/v1.0/dataset/rollouts/000000000000/000000000485/meta.json,3460643334cfd077de858714c490d38da0364237ca4e126f485b142462d6e178,phail/v1.0/dataset/rollouts/000000000000/000000000485/static.json,59a27a9c44ae022324f42eb76c9111ce5cf257e1af868d856744b395f523e14b,4
000000000486,smolvla,170316_ee:200000,Pick all the items one by one from transparent tote and place them into the large grey tote.,Towels,left,left,1774019638729734962,2026-03-20,,phail/v1.0/dataset/rollouts/000000000000/000000000486/meta.json,1700cb2040e5edf51df6711e97fee378f24251a676eef4bf0cdce7332e6d0439,phail/v1.0/dataset/rollouts/000000000000/000000000486/static.json,f76665f06fe342003eb11d4dd6a0bb6f4885970979a04cca11a6d476e2fb1715,4
000000000487,smolvla,170316_ee:200000,Pick all the items one by one from transparent tote and place them into the large grey tote.,Towels,right,left,1774019780088954507,2026-03-20,,phail/v1.0/dataset/rollouts/000000000000/000000000487/meta.json,6ea973250b6fae276b4786faf0557f324e9b87a99ae701392824d2fe2b94d10a,phail/v1.0/dataset/rollouts/000000000000/000000000487/static.json,ef17359e63c6bd0b13008987ac5da9b76ad9a7151b5870238c77c6abe0941dd3,4
000000000488,groot,270226-ee_rot6d_rel:150000,Pick all the items one by one from transparent tote and place them into the large grey tote.,Towels,left,left,1774019939232325547,2026-03-20,,phail/v1.0/dataset/rollouts/000000000000/000000000488/meta.json,53501bcda30da98984692b6f0aa36fbcb67a5a96eba7b68b607cd4b304d6491d,phail/v1.0/dataset/rollouts/000000000000/000000000488/static.json,c78ceed24575078a473c96370a608e5ab8adc66adeae9fdc0a665f674c3d4451,4
000000000489,act,270226-ee:220000,Pick all the items one by one from transparent tote and place them into the large grey tote.,Towels,right,left,1774020098013100395,2026-03-20,,phail/v1.0/dataset/rollouts/000000000000/000000000489/meta.json,0589525555a6ca839b0d576bd1e549c0d3813a0535d90f33ce04c544e011166f,phail/v1.0/dataset/rollouts/000000000000/000000000489/static.json,788ab3a49d53eb205970bc47792fa54f9b8ef3faaa246c92277cfb9487fd359d,4
000000000490,groot,270226-ee_rot6d_rel:150000,Pick all the items one by one from transparent tote and place them into the large grey tote.,Towels,left,left,1774020255679412306,2026-03-20,,phail/v1.0/dataset/rollouts/000000000000/000000000490/meta.json,fb3cd7c35a414454c061f5ffb2fe0a4b10e57c99b61b4030e47cda3e443683df,phail/v1.0/dataset/rollouts/000000000000/000000000490/static.json,3eb670cc4a8351e76ec3e152c776ae00c1dacffcf32a04ee098afe0ec345126f,4
000000000491,act,270226-ee:220000,Pick all the items one by one from transparent tote and place them into the large grey tote.,Towels,right,left,1774020397499274385,2026-03-20,,phail/v1.0/dataset/rollouts/000000000000/000000000491/meta.json,d72c1eb9c142c0f9d467dee7f75c8fd11c8fc7d9f75591433211ef6eecfdde62,phail/v1.0/dataset/rollouts/000000000000/000000000491/static.json,07bf99f5b6866c53869dffc53d523e9bd5937cc0e1c213c4041b74de4bba0d20,4
000000000492,act,270226-ee:220000,Pick all the items one by one from transparent tote and place them into the large grey tote.,Towels,left,left,1774020552785330005,2026-03-20,,phail/v1.0/dataset/rollouts/000000000000/000000000492/meta.json,550ecd305ba7fb342fc792c6f6fc445145c9b247668f457c09cd5d169e792314,phail/v1.0/dataset/rollouts/000000000000/000000000492/static.json,535bc5aabf28227b18ac5b7fb39f43cead72df7bfd58eee74e615f5604fb3816,4
000000000493,act,270226-ee:220000,Pick all the items one by one from transparent tote and place them into the large grey tote.,Towels,right,left,1774020728285973103,2026-03-20,,phail/v1.0/dataset/rollouts/000000000000/000000000493/meta.json,851780c18a2c8b4e3a8851651c762f4b6e2619f755a2a3fb81d5a8e2e96451da,phail/v1.0/dataset/rollouts/000000000000/000000000493/static.json,b33d9e97f92c46bd5e25c20bc19afd34a8b917ea6f9a2c9e0dea2e2db5ca8ff2,4
000000000494,groot,270226-ee_rot6d_rel:150000,Pick all the items one by one from transparent tote and place them into the large grey tote.,Towels,left,left,1774020889853009660,2026-03-20,,phail/v1.0/dataset/rollouts/000000000000/000000000494/meta.json,4e8c3cf48b5b87bf15858939907e547b330643474463efed036ebf4de202bbda,phail/v1.0/dataset/rollouts/000000000000/000000000494/static.json,746dde5a61b41e66780abb3cfeafe4249139dcae00d4eaa1cc7de88094bfb35a,4
000000000495,openpi,270226-ee:199999,Pick all the items one by one from transparent tote and place them into the large grey tote.,Towels,right,left,1774021050293347626,2026-03-20,,phail/v1.0/dataset/rollouts/000000000000/000000000495/meta.json,f0de7013ebfa7136dd323fdd7f96a5869faebf264aa5350824f4a95429e70c30,phail/v1.0/dataset/rollouts/000000000000/000000000495/static.json,13c185528883981475460e74c327db83267d7941b18a0b9ee0318d23837c3e20,4
000000000496,smolvla,170316_ee:200000,Pick all the items one by one from transparent tote and place them into the large grey tote.,Towels,left,left,1774021203171259550,2026-03-20,,phail/v1.0/dataset/rollouts/000000000000/000000000496/meta.json,469ea2c19080c4417cd7d453f5065b13c03af82aba46841a34adcd1f2da3a265,phail/v1.0/dataset/rollouts/000000000000/000000000496/static.json,ddbb79a4048d9b3097fcc98935e6d07fecab3125c0d750127bd8a73f75df065a,4
000000000497,smolvla,170316_ee:200000,Pick all the items one by one from transparent tote and place them into the large grey tote.,Towels,right,left,1774021448462464901,2026-03-20,,phail/v1.0/dataset/rollouts/000000000000/000000000497/meta.json,bc66ef2cdd58421de4ea2dd665012a792eec0f229d5ed0086fd41ac4795271f6,phail/v1.0/dataset/rollouts/000000000000/000000000497/static.json,e6506ad602339d2675b1879d465578dfd2c49865f98804930260364f409220c7,4
000000000498,smolvla,170316_ee:200000,Pick all the items one by one from transparent tote and place them into the large grey tote.,Towels,left,left,1774021601232820625,2026-03-20,,phail/v1.0/dataset/rollouts/000000000000/000000000498/meta.json,37469eb524f434c047103a629803a4347860cf2d2a203a524c6556d8f6d7c8ef,phail/v1.0/dataset/rollouts/000000000000/000000000498/static.json,6f22223c212db2e145cb582abcd9f5ec9995f37ad80668ba7d8b6c16b0a8126a,4
000000000499,act,270226-ee:220000,Pick all the items one by one from transparent tote and place them into the large grey tote.,Towels,right,left,1774021747984668513,2026-03-20,,phail/v1.0/dataset/rollouts/000000000000/000000000499/meta.json,498f10fee1f8066d92e68bde5bd8d263bfe5abc0fe7bdd16a85ecfc1da362844,phail/v1.0/dataset/rollouts/000000000000/000000000499/static.json,4c544f80c4b0cf7880629420c538cb7dfe3547cb9bae0358c5af2fa24e49eb00,4
000000000500,smolvla,170316_ee:200000,Pick all the items one by one from transparent tote and place them into the large grey tote.,Towels,left,left,1774021896490298526,2026-03-20,,phail/v1.0/dataset/rollouts/000000000000/000000000500/meta.json,7bb86c905bf7f7ca92f897a90e45defc6e457252d6503d175ed385d264be7b40,phail/v1.0/dataset/rollouts/000000000000/000000000500/static.json,84f82f077414eed70ae036cc29da1eac74718ecf249244014dcafd7c8a741f18,4
000000000501,groot,270226-ee_rot6d_rel:150000,Pick all the items one by one from transparent tote and place them into the large grey tote.,Towels,right,left,1774022049811899708,2026-03-20,,phail/v1.0/dataset/rollouts/000000000000/000000000501/meta.json,0c1e31f485d8a10f3af30e0ae32136cb849558256c9969baca18e754fc72cb99,phail/v1.0/dataset/rollouts/000000000000/000000000501/static.json,baea813309c2bedbcc9b87d4867d9f4f04df7c642e563fa5ff3550d7331fa47f,4
000000000502,act,270226-ee:220000,Pick all the items one by one from transparent tote and place them into the large grey tote.,Towels,left,left,1774022234606415549,2026-03-20,,phail/v1.0/dataset/rollouts/000000000000/000000000502/meta.json,a1906ed2edd107582858b25684a37297b1b970fe73ecc877a764f32a6312cd4e,phail/v1.0/dataset/rollouts/000000000000/000000000502/static.json,9b95ad4a0298dd2cdad6d46b5c48783bcf2685230e3a7284da18f2bbebcf4948,4
000000000503,smolvla,170316_ee:200000,Pick all the items one by one from transparent tote and place them into the large grey tote.,Towels,right,left,1774022332549862613,2026-03-20,,phail/v1.0/dataset/rollouts/000000000000/000000000503/meta.json,01d9ad5dc01e73f626c1145cf1cad8b2b17aa3a684c69a668f1955a22bfa40f1,phail/v1.0/dataset/rollouts/000000000000/000000000503/static.json,327021ae9eef66e0b8ba43f71f868b9478522f635b61ae81e3b44b3fcd93f87f,4
000000000504,groot,270226-ee_rot6d_rel:150000,Pick all the items one by one from transparent tote and place them into the large grey tote.,Towels,left,left,1774022624668819336,2026-03-20,,phail/v1.0/dataset/rollouts/000000000000/000000000504/meta.json,e1680ee2403806720f634a3f42cb03cd0dda2f6962a46982285964ea6ec50a0f,phail/v1.0/dataset/rollouts/000000000000/000000000504/static.json,102f63983f3e986eb1c81dc15877c740e313c274e4198c725bfb65feaf6dd4f8,4
000000000505,act,270226-ee:220000,Pick all the items one by one from transparent tote and place them into the large grey tote.,Scissors,right,left,1774022910746065225,2026-03-20,,phail/v1.0/dataset/rollouts/000000000000/000000000505/meta.json,d3af4b65c91c4a1326e28637d0ea7f39355ae30a7526d7a70e273ae3fb05fc4d,phail/v1.0/dataset/rollouts/000000000000/000000000505/static.json,3758b39dc53468b467060553da6c5e07a0ce900213e7882e4972f149cd64ad65,4
000000000506,groot,270226-ee_rot6d_rel:150000,Pick all the items one by one from transparent tote and place them into the large grey tote.,Scissors,left,left,1774023083768534731,2026-03-20,,phail/v1.0/dataset/rollouts/000000000000/000000000506/meta.json,742da235d156362ca3ab0c3b2969c78bf27c5d0eda19b6f32ca19a3dd950a046,phail/v1.0/dataset/rollouts/000000000000/000000000506/static.json,8cbf6e29eb65fe8f948e68fb1e7230fddebedee3781c28698864692d2aa66528,4
000000000507,act,270226-ee:220000,Pick all the items one by one from transparent tote and place them into the large grey tote.,Scissors,right,left,1774023228568705501,2026-03-20,,phail/v1.0/dataset/rollouts/000000000000/000000000507/meta.json,5174c6b64bbb499b61cea9e1f1cc5ccd4fcf63a7792ebe4f8a727adb0387b13f,phail/v1.0/dataset/rollouts/000000000000/000000000507/static.json,a511bc3910aab33fe5162919a15e4285d52016187d3467807869486e5b7d8421,4
000000000508,smolvla,170316_ee:200000,Pick all the items one by one from transparent tote and place them into the large grey tote.,Scissors,left,left,1774023480013539076,2026-03-20,,phail/v1.0/dataset/rollouts/000000000000/000000000508/meta.json,176664b67a8d344f2282c101088a27f6b0b2921b2f462b88d2640a5b5faf177e,phail/v1.0/dataset/rollouts/000000000000/000000000508/static.json,0e062615e491c934c82f3a97ee3bf0690b5bb29712eef0f1f92f6a23920574ac,4
000000000509,act,270226-ee:220000,Pick all the items one by one from transparent tote and place them into the large grey tote.,Scissors,right,left,1774023641732637351,2026-03-20,,phail/v1.0/dataset/rollouts/000000000000/000000000509/meta.json,cf600d35dce9d177d188911d46502b52f07aac0661185d58b08809193facb0d3,phail/v1.0/dataset/rollouts/000000000000/000000000509/static.json,a94ae60c67b03dcf683e7d116ac44add5b373e270a49bc3164cf08cb6c77df14,4
000000000510,act,270226-ee:220000,Pick all the items one by one from transparent tote and place them into the large grey tote.,Scissors,left,right,1774023822148365937,2026-03-20,,phail/v1.0/dataset/rollouts/000000000000/000000000510/meta.json,48ebc3ccaa77d99c2e69cf2175f5595d2ab9881911616f192ff53c4ce19cd493,phail/v1.0/dataset/rollouts/000000000000/000000000510/static.json,315832be91b206f4fa50f78c75e13ffb6839d0deaa3126da618bbdce3f575fe0,4
000000000511,smolvla,170316_ee:200000,Pick all the items one by one from transparent tote and place them into the large grey tote.,Scissors,right,right,1774023969053997441,2026-03-20,,phail/v1.0/dataset/rollouts/000000000000/000000000511/meta.json,7992d76eb0c96f6361056c36c424b7d215bbddd89f42e678c9406e61c0b56d1e,phail/v1.0/dataset/rollouts/000000000000/000000000511/static.json,790e473e5481dc4d17529ef75c94a6ce422cd3eb707b40e2596b21b690d78133,4
000000000512,act,270226-ee:220000,Pick all the items one by one from transparent tote and place them into the large grey tote.,Scissors,left,right,1774024067284466151,2026-03-20,,phail/v1.0/dataset/rollouts/000000000000/000000000512/meta.json,2b00545d97412c1e13d7c1cba3ff7490324e73d2167c841d84889764864cc326,phail/v1.0/dataset/rollouts/000000000000/000000000512/static.json,a4400eb03c69b3702e9fe2209ed7dc3951517c7376ed0620ed02151440f227cf,4
000000000513,smolvla,170316_ee:200000,Pick all the items one by one from transparent tote and place them into the large grey tote.,Scissors,right,right,1774024249988022292,2026-03-20,,phail/v1.0/dataset/rollouts/000000000000/000000000513/meta.json,be3157a2ce5347c65ede34933090a738738dc25b73419accbbf0e7cf066fdb24,phail/v1.0/dataset/rollouts/000000000000/000000000513/static.json,9f2daae05f0029776b9cf4e634aaabe85f80089507d17a45cbcfcd51f6b4dda7,4
000000000514,act,270226-ee:220000,Pick all the items one by one from transparent tote and place them into the large grey tote.,Scissors,right,right,1774024540306374510,2026-03-20,,phail/v1.0/dataset/rollouts/000000000000/000000000514/meta.json,fc9b2bab6c453301cd5a10834cde90f976021396e5df70b249d2f487ce65fffc,phail/v1.0/dataset/rollouts/000000000000/000000000514/static.json,26c05173ba404ae3bcd6097320ab5df190296ead156a6271c7cdc586500ac5ce,4
000000000515,groot,270226-ee_rot6d_rel:150000,Pick all the items one by one from transparent tote and place them into the large grey tote.,Scissors,left,right,1774024727224284992,2026-03-20,,phail/v1.0/dataset/rollouts/000000000000/000000000515/meta.json,81caa4f7c2c8524cfb9877dd7ae16c421d913e32c207b24af115af08b95159cf,phail/v1.0/dataset/rollouts/000000000000/000000000515/static.json,31c2ff83b2a12612175880688bcaa50d19edb77b3cbb14fb3872f20e33130fcc,4
000000000516,groot,270226-ee_rot6d_rel:150000,Pick all the items one by one from transparent tote and place them into the large grey tote.,Scissors,right,right,1774024873365920457,2026-03-20,,phail/v1.0/dataset/rollouts/000000000000/000000000516/meta.json,5025d9be148d2ec509124f570bcced7676fc4bb0552235edddd6ab7fbf937bdb,phail/v1.0/dataset/rollouts/000000000000/000000000516/static.json,0bf5ce9064cec6281079add3776b5d9e466616a97a0d1785d4d269e3e091bea3,4
000000000517,act,270226-ee:220000,Pick all the items one by one from transparent tote and place them into the large grey tote.,Scissors,left,right,1774025022270197562,2026-03-20,,phail/v1.0/dataset/rollouts/000000000000/000000000517/meta.json,d4237d246955695f249a298ee07b2872b0f184e280c5b0bf0a70656e99c6d288,phail/v1.0/dataset/rollouts/000000000000/000000000517/static.json,641e4f6aa945b3abc82c6f53e433220b7eae28f0aa27d9c5511f8d2fb8f25ab7,4
000000000518,groot,270226-ee_rot6d_rel:150000,Pick all the items one by one from transparent tote and place them into the large grey tote.,Scissors,left,right,1774025196775261850,2026-03-20,,phail/v1.0/dataset/rollouts/000000000000/000000000518/meta.json,d81c39a306ac54caac936082f7217bbca4615e5263d78299f69430e982a92aed,phail/v1.0/dataset/rollouts/000000000000/000000000518/static.json,fb1e6c4218aec079cad839479581476c67e50d80f4c03b9019024c4b034498b0,4
000000000519,groot,270226-ee_rot6d_rel:150000,Pick all the items one by one from transparent tote and place them into the large grey tote.,Scissors,right,left,1774025420348202141,2026-03-20,,phail/v1.0/dataset/rollouts/000000000000/000000000519/meta.json,c21c5dcc1a5cd8ef642249f87291000d967049f3b40eb5dba501bc141d5128cf,phail/v1.0/dataset/rollouts/000000000000/000000000519/static.json,159835de447480b28bc6dda5dbc91504b586bb7b1601f977e2bbdd67ed45224d,4
000000000520,smolvla,170316_ee:200000,Pick all the items one by one from transparent tote and place them into the large grey tote.,Scissors,left,left,1774025574092535166,2026-03-20,,phail/v1.0/dataset/rollouts/000000000000/000000000520/meta.json,2cdfd23baf3788125d1aacc3bd3fb493e62e77477dd5bce409eb4a208790b5a5,phail/v1.0/dataset/rollouts/000000000000/000000000520/static.json,1a34169f7ce6df5b331d2e3a397c03325da2c54155e7482f2c99197f5d052407,4
000000000521,groot,270226-ee_rot6d_rel:150000,Pick all the items one by one from transparent tote and place them into the large grey tote.,Scissors,right,left,1774025775286705372,2026-03-20,,phail/v1.0/dataset/rollouts/000000000000/000000000521/meta.json,6cf392af728b313aac5aa61b41171f84d3a4bd4a8d30fde53616b3068ace2095,phail/v1.0/dataset/rollouts/000000000000/000000000521/static.json,1f0d4bd9497f3c6ca25b5622643729bc019b5a2cc89865cc1c3d4c0e122fac33,4
000000000522,openpi,270226-ee:199999,Pick all the items one by one from transparent tote and place them into the large grey tote.,Scissors,left,left,1774025898675127449,2026-03-20,,phail/v1.0/dataset/rollouts/000000000000/000000000522/meta.json,c9e002e851eb37816bc413ff3c6f36a7200b978afcef993a39cced3db9617afc,phail/v1.0/dataset/rollouts/000000000000/000000000522/static.json,5b47fa9d1b99ae20e21d4de9765a6ae006534ad706b950fa40e211f291178dc5,4
000000000523,act,270226-ee:220000,Pick all the items one by one from transparent tote and place them into the large grey tote.,Scissors,right,left,1774026103719660646,2026-03-20,,phail/v1.0/dataset/rollouts/000000000000/000000000523/meta.json,42a61f70275036923767c12860081c8554e049ee4bd9213b079f6fb1cf93653a,phail/v1.0/dataset/rollouts/000000000000/000000000523/static.json,86372825c057ae6d0cbef16b586128d3f42cc17ca8ef16a64df77edbb6c34907,4
000000000524,openpi,270226-ee:199999,Pick all the items one by one from transparent tote and place them into the large grey tote.,Wooden spoons,left,right,1775218462670299930,2026-04-03,,phail/v1.0/dataset/rollouts/000000000000/000000000524/meta.json,b906a9d26785bf45e345728a9a72947b5eaa479613f213f82e6be7940bb95fc2,phail/v1.0/dataset/rollouts/000000000000/000000000524/static.json,3eebffaba56757151bf55553c216755de4c168b5dfb66d8be5c0b725b12dbb1c,8
000000000525,groot,270226-ee_rot6d_rel:150000,Pick all the items one by one from transparent tote and place them into the large grey tote.,Wooden spoons,right,right,1775218713433560328,2026-04-03,,phail/v1.0/dataset/rollouts/000000000000/000000000525/meta.json,824058c3be4e7acd1e60ef9c8f5924a79cc8f71dfe076bf733ea999263619c49,phail/v1.0/dataset/rollouts/000000000000/000000000525/static.json,08073504336b8f0cce586f9910add5a1af04c75bcc0899544e27275c8558153d,8
000000000526,groot,270226-ee_rot6d_rel:150000,Pick all the items one by one from transparent tote and place them into the large grey tote.,Wooden spoons,left,right,1775219030099683773,2026-04-03,,phail/v1.0/dataset/rollouts/000000000000/000000000526/meta.json,15c72d9983650e50df1bc38d7004b2ac7ba793d2547071e78f5a3d5ec39ab148,phail/v1.0/dataset/rollouts/000000000000/000000000526/static.json,cdb27954b9e01b698928e909048900749b60027ecfa209813024c73a3259accc,8
000000000527,openpi,270226-ee:199999,Pick all the items one by one from transparent tote and place them into the large grey tote.,Wooden spoons,right,right,1775219319477383929,2026-04-03,,phail/v1.0/dataset/rollouts/000000000000/000000000527/meta.json,d5b0c5189e91e0c88d3b72e2e806a058db45de944c6f70c4cd3ed68ddd798f64,phail/v1.0/dataset/rollouts/000000000000/000000000527/static.json,79588f8fb1b665f225204c90af33331ce80ec9f09f8611aa0a2003cd329a9788,8
000000000528,groot,270226-ee_rot6d_rel:150000,Pick all the items one by one from transparent tote and place them into the large grey tote.,Wooden spoons,left,right,1775219589625793730,2026-04-03,,phail/v1.0/dataset/rollouts/000000000000/000000000528/meta.json,1193e4a891b04234340b5bad7aa2609207ea2a037ee15ae57b8ea78bfcfc3cc0,phail/v1.0/dataset/rollouts/000000000000/000000000528/static.json,57787f25cc23121356f1cc1c35f3d4013c0c584961b2364ccd6676d7cafad631,8
000000000529,openpi,270226-ee:199999,Pick all the items one by one from transparent tote and place them into the large grey tote.,Wooden spoons,right,right,1775219866623700305,2026-04-03,,phail/v1.0/dataset/rollouts/000000000000/000000000529/meta.json,a1a1517a707658be2335961c5efc05a8cedda7de2672aaf57312219dee88d4a9,phail/v1.0/dataset/rollouts/000000000000/000000000529/static.json,3a337bf7b7bbbb4798402b4ca02c397656027abc9c6d210104fa421c4a5bffa4,8
000000000530,groot,270226-ee_rot6d_rel:150000,Pick all the items one by one from transparent tote and place them into the large grey tote.,Wooden spoons,left,right,1775220059789472132,2026-04-03,,phail/v1.0/dataset/rollouts/000000000000/000000000530/meta.json,c2d2bb1336e0a71c053325b2eed86123801b2c030e47dac9d7242d9790ed76fc,phail/v1.0/dataset/rollouts/000000000000/000000000530/static.json,6adcf22aa9a1412ecf6afd7f4aec0ea8d414ae17b2384195d122977acb4e05f4,8
000000000531,openpi,270226-ee:199999,Pick all the items one by one from transparent tote and place them into the large grey tote.,Wooden spoons,right,right,1775220340475767746,2026-04-03,,phail/v1.0/dataset/rollouts/000000000000/000000000531/meta.json,ad38b45f8340c816a01ff7bda3909d4b2060df382785502691fc74310f07514d,phail/v1.0/dataset/rollouts/000000000000/000000000531/static.json,fbadcd3fb694d246eaccc6a90c8ed39c715cf2bdd9483b925cda0e6a5417760e,8
000000000532,openpi,270226-ee:199999,Pick all the items one by one from transparent tote and place them into the large grey tote.,Wooden spoons,left,right,1775220613734932174,2026-04-03,,phail/v1.0/dataset/rollouts/000000000000/000000000532/meta.json,6f55d4d68140e06d76c9a3c554088cfcaff707a7d92f5d82a51d9cb6255f033b,phail/v1.0/dataset/rollouts/000000000000/000000000532/static.json,528671f68806913fc12f6488e6845b1fbddcb3d8f34a4bc4bc8215a23f543c00,8
000000000533,groot,270226-ee_rot6d_rel:150000,Pick all the items one by one from transparent tote and place them into the large grey tote.,Wooden spoons,right,left,1775220982719596223,2026-04-03,,phail/v1.0/dataset/rollouts/000000000000/000000000533/meta.json,4ba163021087abc3dfc2d7fbe0879bf06812186d071eb4a729b9589891c01ea1,phail/v1.0/dataset/rollouts/000000000000/000000000533/static.json,1219f518d3ee5f3cb592d092bb8102c455e8065f33cc09d74792c9bf5e72ce7b,8
000000000534,openpi,270226-ee:199999,Pick all the items one by one from transparent tote and place them into the large grey tote.,Wooden spoons,left,left,1775221175475756553,2026-04-03,,phail/v1.0/dataset/rollouts/000000000000/000000000534/meta.json,d8fe742511334955eb8229b632d77327e1f60239392c9d070452345309364fa9,phail/v1.0/dataset/rollouts/000000000000/000000000534/static.json,e9e9b290efcbb81b4b6edadfd48638fcbf587c794cc2834b6edb29b98ac62a11,8
000000000535,openpi,270226-ee:199999,Pick all the items one by one from transparent tote and place them into the large grey tote.,Wooden spoons,right,left,1775221341818512541,2026-04-03,,phail/v1.0/dataset/rollouts/000000000000/000000000535/meta.json,f7f5a7c4319d675a2adeef497002c4b6353f3804a66d20f435ad775a1d18d4b5,phail/v1.0/dataset/rollouts/000000000000/000000000535/static.json,ac060c735d6b05431e6360304cb0f06894089069591f723f3611beeaf9ea2bb0,8
000000000536,groot,270226-ee_rot6d_rel:150000,Pick all the items one by one from transparent tote and place them into the large grey tote.,Wooden spoons,left,left,1775221649620021127,2026-04-03,,phail/v1.0/dataset/rollouts/000000000000/000000000536/meta.json,8cf235e744d994b4235b59f8b132738776891929c1ea4a496c4811be7c0bbe9b,phail/v1.0/dataset/rollouts/000000000000/000000000536/static.json,16a2b31ce721691070170871b0745a1172d632530115539f9435f21ebe3b3ea1,8
000000000537,openpi,270226-ee:199999,Pick all the items one by one from transparent tote and place them into the large grey tote.,Wooden spoons,right,left,1775221918155566552,2026-04-03,,phail/v1.0/dataset/rollouts/000000000000/000000000537/meta.json,b7c18427eb37a40a53dc8c0152ae168b34cdf6980cbd19d5ee836fd92301f591,phail/v1.0/dataset/rollouts/000000000000/000000000537/static.json,f630e0808f65166a0720d548fbee3881a05096b62832606257d824f56cbe7ecc,8
000000000538,groot,270226-ee_rot6d_rel:150000,Pick all the items one by one from transparent tote and place them into the large grey tote.,Wooden spoons,left,left,1775222193366319622,2026-04-03,,phail/v1.0/dataset/rollouts/000000000000/000000000538/meta.json,04bfd7aa4e82d18c10fcba154c6edfe6a14df7e50ea70dc974704f540760a618,phail/v1.0/dataset/rollouts/000000000000/000000000538/static.json,f50f839f8bde6751253127f7068ebbf72bdcaefcbb308cc326da4daa91ebe1f5,8
000000000539,groot,270226-ee_rot6d_rel:150000,Pick all the items one by one from transparent tote and place them into the large grey tote.,Wooden spoons,right,left,1775222432774345605,2026-04-03,,phail/v1.0/dataset/rollouts/000000000000/000000000539/meta.json,7eecede26ec835b7dafd44ad42612c417cdd141c4f0a2517a9b36563def5fd87,phail/v1.0/dataset/rollouts/000000000000/000000000539/static.json,6f43c52dfca4d614c096be3499f434095adf5c02db49c597ab995b7b50df06d7,8
000000000540,openpi,270226-ee:199999,Pick all the items one by one from transparent tote and place them into the large grey tote.,Wooden spoons,left,left,1775222708095679248,2026-04-03,,phail/v1.0/dataset/rollouts/000000000000/000000000540/meta.json,13a533afa5b8bf2de68672111f56295a544b6eae135ffb86e8465642f43a77b8,phail/v1.0/dataset/rollouts/000000000000/000000000540/static.json,846506477f82ed63a237fa633aae9b7c93e2311bc828edbd0f881b68bf54a670,8
000000000541,openpi,270226-ee:199999,Pick all the items one by one from transparent tote and place them into the large grey tote.,Wooden spoons,left,left,1775223007454012139,2026-04-03,,phail/v1.0/dataset/rollouts/000000000000/000000000541/meta.json,43931631499df3755e1a98cd90ae5c23a5fd2f397d63ebd95a9541e829e319b0,phail/v1.0/dataset/rollouts/000000000000/000000000541/static.json,ef561403ccea64fa2d00797071cdb6596e080591f61032c53c67f1ea958c7566,8
000000000542,openpi,270226-ee:199999,Pick all the items one by one from transparent tote and place them into the large grey tote.,Batteries,left,left,1775223311571013534,2026-04-03,,phail/v1.0/dataset/rollouts/000000000000/000000000542/meta.json,b727bf66de8210749a76f4f60b4498c3e385a80fb66cd7982e2fc3686c3bf998,phail/v1.0/dataset/rollouts/000000000000/000000000542/static.json,e6a9b42bbad8908f1e7434d8d67e6305284bb766a9665dae599867076de213d6,8
000000000543,groot,270226-ee_rot6d_rel:150000,Pick all the items one by one from transparent tote and place them into the large grey tote.,Batteries,right,left,1775223654619728390,2026-04-03,,phail/v1.0/dataset/rollouts/000000000000/000000000543/meta.json,3669315dacf22cc97260ef077d5e8cef37366f183f861d0a5266781b538f34ac,phail/v1.0/dataset/rollouts/000000000000/000000000543/static.json,98349869b113659374a5c86898065ae53e285a4a442b23c09b43911490ee8ed6,8
000000000544,groot,270226-ee_rot6d_rel:150000,Pick all the items one by one from transparent tote and place them into the large grey tote.,Batteries,left,left,1775223833290082744,2026-04-03,,phail/v1.0/dataset/rollouts/000000000000/000000000544/meta.json,6cd8e894d94e15ddc6aa565aab68baf87fda35bfd2fb090ee497458d5855a741,phail/v1.0/dataset/rollouts/000000000000/000000000544/static.json,594c6e05f77a829ce96b391e5451be2b3b745bca040c08f02f627fe3c9382476,8
000000000545,openpi,270226-ee:199999,Pick all the items one by one from transparent tote and place them into the large grey tote.,Batteries,right,left,1775224126553562712,2026-04-03,,phail/v1.0/dataset/rollouts/000000000000/000000000545/meta.json,5b77a68d0275e2481a9fd58d4aae08c3043b57b26e9b991dc73a49d88f60407c,phail/v1.0/dataset/rollouts/000000000000/000000000545/static.json,4a8ef476e5a4f09c0df938e86faeba1adf35ee7c23a1599c1b18db4f431ca389,8
000000000546,groot,270226-ee_rot6d_rel:150000,Pick all the items one by one from transparent tote and place them into the large grey tote.,Batteries,left,left,1775224394261349526,2026-04-03,,phail/v1.0/dataset/rollouts/000000000000/000000000546/meta.json,1294610c4c3fc651f63e0c8e36ee0617bf10c5756ce3b4c6f383d24bb02d364f,phail/v1.0/dataset/rollouts/000000000000/000000000546/static.json,916efe8780045648749e4be5c43883506fd4095385e59fcfad75ad6346233f95,8
000000000547,groot,270226-ee_rot6d_rel:150000,Pick all the items one by one from transparent tote and place them into the large grey tote.,Batteries,right,left,1775224653415656140,2026-04-03,,phail/v1.0/dataset/rollouts/000000000000/000000000547/meta.json,73ded987a6594649b3a315a24dfe741fb76520b006b01bb7fe8310c9208e59d1,phail/v1.0/dataset/rollouts/000000000000/000000000547/static.json,9080587d2417e858c07d2f9b23491cb02b0ed12b07fe79fac63aa99006a72374,8
000000000548,groot,270226-ee_rot6d_rel:150000,Pick all the items one by one from transparent tote and place them into the large grey tote.,Batteries,left,left,1775224932922096471,2026-04-03,,phail/v1.0/dataset/rollouts/000000000000/000000000548/meta.json,6f787f03f915d5e9c3988cea411e693e18453efd69602a45cdb894953612b4b2,phail/v1.0/dataset/rollouts/000000000000/000000000548/static.json,1c8f985f7f9fd0f2631a2c9b98d25d793cbb66ef61097a70f578d2289197f31f,8
000000000549,groot,270226-ee_rot6d_rel:150000,Pick all the items one by one from transparent tote and place them into the large grey tote.,Batteries,right,right,1775225247868925028,2026-04-03,,phail/v1.0/dataset/rollouts/000000000000/000000000549/meta.json,15fce509d55753945677b6a638f8ad3576ee10b63482751589a74d84255a4b3f,phail/v1.0/dataset/rollouts/000000000000/000000000549/static.json,26434fb9f82906762326b136d575d501192e2e6f476d6a3ddc5e2f7c7627c7c6,8
000000000550,groot,270226-ee_rot6d_rel:150000,Pick all the items one by one from transparent tote and place them into the large grey tote.,Batteries,left,right,1775225555592809492,2026-04-03,,phail/v1.0/dataset/rollouts/000000000000/000000000550/meta.json,8fe6040fefb575e2cac63f798fa5f3bbe601ea249d17eb844c652bb19fcc4b26,phail/v1.0/dataset/rollouts/000000000000/000000000550/static.json,7353a88f555c0be8542bb39bd90b31d5c4750791e0a0dd8c66c20a91113f9789,8
000000000551,groot,270226-ee_rot6d_rel:150000,Pick all the items one by one from transparent tote and place them into the large grey tote.,Batteries,right,right,1775225826443709474,2026-04-03,,phail/v1.0/dataset/rollouts/000000000000/000000000551/meta.json,f0e5cb767834555641753c1110a84faf4b210485254e2676b6da93b6cff21f59,phail/v1.0/dataset/rollouts/000000000000/000000000551/static.json,5ee9e1732497e136cb8c5d2dacc20c07e7bbb4ca0590ef03c392aba1be61d950,8
000000000552,openpi,270226-ee:199999,Pick all the items one by one from transparent tote and place them into the large grey tote.,Batteries,left,right,1775226100650518792,2026-04-03,,phail/v1.0/dataset/rollouts/000000000000/000000000552/meta.json,6e145d93bb5d699e2af0e233697ecd015d8e2bdbe672f61f3fd45b1a0d9ee449,phail/v1.0/dataset/rollouts/000000000000/000000000552/static.json,ca75d64153698ab7a19fba810642cc9e7fc1a3b712845f909d200c48825c38b0,8
000000000553,openpi,270226-ee:199999,Pick all the items one by one from transparent tote and place them into the large grey tote.,Batteries,right,right,1775226423369252474,2026-04-03,,phail/v1.0/dataset/rollouts/000000000000/000000000553/meta.json,7131c0cc6843669bb7c636ce904a2297ce94ef1985349144d41e3959bcbf5084,phail/v1.0/dataset/rollouts/000000000000/000000000553/static.json,adde5e45ede1dd09b9369af612846a2930efee48e45fa15be2086206d7ded43c,8
000000000554,groot,270226-ee_rot6d_rel:150000,Pick all the items one by one from transparent tote and place them into the large grey tote.,Batteries,left,right,1775226538614278863,2026-04-03,,phail/v1.0/dataset/rollouts/000000000000/000000000554/meta.json,46b621d07574bfce734b3a28da514f4007e6c2e162cee6dafb621d0157fdeb29,phail/v1.0/dataset/rollouts/000000000000/000000000554/static.json,be6f932a04b43705ff9f07e83fc6bd4db1fc3768bcef89384597339252a28a08,8
000000000555,openpi,270226-ee:199999,Pick all the items one by one from transparent tote and place them into the large grey tote.,Batteries,right,right,1775226815516571117,2026-04-03,,phail/v1.0/dataset/rollouts/000000000000/000000000555/meta.json,370ca2de86e007f61b21bcdb99412c82fc549b92aad6f5dd1039fb33cdb76f8a,phail/v1.0/dataset/rollouts/000000000000/000000000555/static.json,5f7dd82f3704b65ab9f1d7a596eb88b5ef3878efdb402af7c27609cbadd044b7,8
000000000556,openpi,270226-ee:199999,Pick all the items one by one from transparent tote and place them into the large grey tote.,Batteries,left,right,1775227086701526112,2026-04-03,,phail/v1.0/dataset/rollouts/000000000000/000000000556/meta.json,884ab59d9d779bf5fb5df808db0a4d151e84ad4bed4a0a715f9a7ab15451db19,phail/v1.0/dataset/rollouts/000000000000/000000000556/static.json,9ec733397de06ffeb68af062400dfbda4ff70bf00d35e60de531db813cfd9776,8
000000000557,openpi,270226-ee:199999,Pick all the items one by one from transparent tote and place them into the large grey tote.,Batteries,right,right,1775227384208472103,2026-04-03,,phail/v1.0/dataset/rollouts/000000000000/000000000557/meta.json,9225efee8ec1e2889c51051bae80285332b4217e131a9cfd82a9063829c3a696,phail/v1.0/dataset/rollouts/000000000000/000000000557/static.json,dec81794afc535c8480d48626ba6ccd03c0e5aa37941c8181c7d1aac24540d75,8
000000000558,openpi,270226-ee:199999,Pick all the items one by one from transparent tote and place them into the large grey tote.,Batteries,left,right,1775227681736606150,2026-04-03,,phail/v1.0/dataset/rollouts/000000000000/000000000558/meta.json,6663564d6d51f7bf0a54003a7bd57c6565ac24d61fd8c183474584f40d8ff2aa,phail/v1.0/dataset/rollouts/000000000000/000000000558/static.json,d3127f3c09e18876a6bcd93308499dbfaf84b22bd9fb91ca92a1b6bdac5157a7,8
000000000559,groot,270226-ee_rot6d_rel:150000,Pick all the items one by one from transparent tote and place them into the large grey tote.,Batteries,right,right,1775227984989502842,2026-04-03,,phail/v1.0/dataset/rollouts/000000000000/000000000559/meta.json,73c87123e199f92a318593412e45f5a748e7ff6d0d890922f77061a4287dc577,phail/v1.0/dataset/rollouts/000000000000/000000000559/static.json,0376643f6fffc6578a306a434ee4b68aa17fceb4981200ac304f346f84b5525a,8
000000000560,openpi,270226-ee:199999,Pick all the items one by one from transparent tote and place them into the large grey tote.,Scissors,left,right,1775228340885803481,2026-04-03,,phail/v1.0/dataset/rollouts/000000000000/000000000560/meta.json,996800df01e76a7ede6d24ea85030e5990c45eb1b8c17cc27f510fc09a74368c,phail/v1.0/dataset/rollouts/000000000000/000000000560/static.json,1fc360c40fab51f425f30a5bbcd8811381cf1bb6f87715431cd4e0410669121d,8
000000000561,groot,270226-ee_rot6d_rel:150000,Pick all the items one by one from transparent tote and place them into the large grey tote.,Scissors,right,right,1775228630371405472,2026-04-03,,phail/v1.0/dataset/rollouts/000000000000/000000000561/meta.json,82db914adff180e4bc411c5c99a56d51f0008db75b54315d33957032c4b48c46,phail/v1.0/dataset/rollouts/000000000000/000000000561/static.json,fa0720950436726c1b048114529099e02c3c863c826f7e9e79e01d9d98cc4745,8
000000000562,groot,270226-ee_rot6d_rel:150000,Pick all the items one by one from transparent tote and place them into the large grey tote.,Scissors,left,right,1775228927165097026,2026-04-03,,phail/v1.0/dataset/rollouts/000000000000/000000000562/meta.json,f5e003ae5427c9e68b793fe9a64eaa98d903ac3d9ab022b613cbf569f0517eac,phail/v1.0/dataset/rollouts/000000000000/000000000562/static.json,2403baeeed8117b310eb682b159ff39eb675b3ae537acc9156b36641fb25f01d,8
000000000563,groot,270226-ee_rot6d_rel:150000,Pick all the items one by one from transparent tote and place them into the large grey tote.,Scissors,right,right,1775229218457017035,2026-04-03,,phail/v1.0/dataset/rollouts/000000000000/000000000563/meta.json,97c810953b1c2f3009ca11e68b90a51d31d4b41de1c5f01e25f61c5ed814897d,phail/v1.0/dataset/rollouts/000000000000/000000000563/static.json,7a7146649ea054c919a23c3e12164df23222a4fd008a629c42fc3abf2d269bed,8
000000000564,openpi,270226-ee:199999,Pick all the items one by one from transparent tote and place them into the large grey tote.,Scissors,left,right,1775229494216301931,2026-04-03,,phail/v1.0/dataset/rollouts/000000000000/000000000564/meta.json,7dc514ceb2d2364d5235d56d2e20f0432f8e7190c32665a0a00b540b7d280b6a,phail/v1.0/dataset/rollouts/000000000000/000000000564/static.json,d5462a9c1b34a103ee10606b0992edcda4a448a6f025753b4785044470309a2f,8
000000000565,groot,270226-ee_rot6d_rel:150000,Pick all the items one by one from transparent tote and place them into the large grey tote.,Scissors,right,right,1775229771539572745,2026-04-03,,phail/v1.0/dataset/rollouts/000000000000/000000000565/meta.json,93300ef8233ec53151c6e997b0d934c2999925c27f21e6e7d3c35aceb3423538,phail/v1.0/dataset/rollouts/000000000000/000000000565/static.json,e1a1d3a6763a484161e66ad0d5aa6d18549e52b9f09dcde226c2a7c2375e8bb9,8
000000000566,openpi,270226-ee:199999,Pick all the items one by one from transparent tote and place them into the large grey tote.,Scissors,right,left,1775230088495245646,2026-04-03,,phail/v1.0/dataset/rollouts/000000000000/000000000566/meta.json,32e643aa86ed42e34f579f5489819cc433830aee948a27b3a330f2eb80cf3294,phail/v1.0/dataset/rollouts/000000000000/000000000566/static.json,74ef0adec7e457085ac63cf6170f256322b85803b2a33944d3467f15e805ba4f,8
000000000567,openpi,270226-ee:199999,Pick all the items one by one from transparent tote and place them into the large grey tote.,Scissors,left,left,1775230353178406347,2026-04-03,,phail/v1.0/dataset/rollouts/000000000000/000000000567/meta.json,70e5587302e0e63f4b2211f5373d2a65247b1c6e4bc58eeba1627e8147239df3,phail/v1.0/dataset/rollouts/000000000000/000000000567/static.json,17839a55648e2014ec7bed2d1219345cb1fa9b18f395dabc750fb89fcd78d7c4,8
000000000568,groot,270226-ee_rot6d_rel:150000,Pick all the items one by one from transparent tote and place them into the large grey tote.,Scissors,right,left,1775230641324673322,2026-04-03,,phail/v1.0/dataset/rollouts/000000000000/000000000568/meta.json,cba0a67275af6929fef76da1f9000b2769b5b2944038c5ded154e31d7c4db771,phail/v1.0/dataset/rollouts/000000000000/000000000568/static.json,24f2c6694877f8c726cddec769a7319c9f76b763f60f360c346a9346c79d38bf,8
000000000569,openpi,270226-ee:199999,Pick all the items one by one from transparent tote and place them into the large grey tote.,Scissors,right,left,1775231637579998008,2026-04-03,,phail/v1.0/dataset/rollouts/000000000000/000000000569/meta.json,23cd29d6ee52152a435a9fdf7cab880f1ec85ebdafdaf7c2d0088ef47ba0a689,phail/v1.0/dataset/rollouts/000000000000/000000000569/static.json,8c70f44cc7cc8e9685649489af29061063a3e3f012207906ec6258f827987392,8
000000000570,openpi,270226-ee:199999,Pick all the items one by one from transparent tote and place them into the large grey tote.,Towels,left,left,1775232168397544889,2026-04-03,,phail/v1.0/dataset/rollouts/000000000000/000000000570/meta.json,dd6cc78bb4b2d76f1291b80098d78b99b322d63f68b4131f445894e4e88e1d56,phail/v1.0/dataset/rollouts/000000000000/000000000570/static.json,c06de6329757870e98acd21fd8bd27e50cf1a19edc917dc5cd9246887a493472,8
000000000571,openpi,270226-ee:199999,Pick all the items one by one from transparent tote and place them into the large grey tote.,Towels,right,left,1775232510955050149,2026-04-03,,phail/v1.0/dataset/rollouts/000000000000/000000000571/meta.json,a15229d9d34cdd9cefbf3a06117cd75c479a24bae2207e31a315b4ca9fd98bca,phail/v1.0/dataset/rollouts/000000000000/000000000571/static.json,ec23b04377425c6bb1821ba7870e85bd2e9ee547b4cb9aa6a29d83900d044e27,8
000000000572,openpi,270226-ee:199999,Pick all the items one by one from transparent tote and place them into the large grey tote.,Towels,left,left,1775232660052010574,2026-04-03,,phail/v1.0/dataset/rollouts/000000000000/000000000572/meta.json,ae2be3b1e2d54efb1f5b318117df5f4305555634f8bb0aef979e48457364c0e9,phail/v1.0/dataset/rollouts/000000000000/000000000572/static.json,aca97b953ccd5c4e7c22a254713b80bb2365120941f50da0d01e0ae7906aa192,8
000000000573,openpi,270226-ee:199999,Pick all the items one by one from transparent tote and place them into the large grey tote.,Towels,right,left,1775233090249093067,2026-04-03,,phail/v1.0/dataset/rollouts/000000000000/000000000573/meta.json,3a62a400d7f10eb1a58069f0430d25b1848d55cda8da89e758ed4b00b305a67b,phail/v1.0/dataset/rollouts/000000000000/000000000573/static.json,42ee4acd8d294bf7f3c19ffe8aab4b7a08f90ba3f96d571244651ffd1008267d,8
000000000574,groot,270226-ee_rot6d_rel:150000,Pick all the items one by one from transparent tote and place them into the large grey tote.,Towels,left,left,1775233378919070581,2026-04-03,,phail/v1.0/dataset/rollouts/000000000000/000000000574/meta.json,c64572e7d79f9ca83227c3bd2af39cd8cec831355bd07bf000e8def5845dc851,phail/v1.0/dataset/rollouts/000000000000/000000000574/static.json,ef7b98e0bbd64b10f7e1f1bccbccdf6535d1a5a138c3f49f28efabe4f0d3849b,8
000000000575,groot,270226-ee_rot6d_rel:150000,Pick all the items one by one from transparent tote and place them into the large grey tote.,Towels,right,left,1775233642015631888,2026-04-03,,phail/v1.0/dataset/rollouts/000000000000/000000000575/meta.json,43df0c5605238060d11d599418b111128aa6383041dc0beaf39b35227a722138,phail/v1.0/dataset/rollouts/000000000000/000000000575/static.json,af09264166f19a4d47a2313cb0c7becaed9005434e7f7411edc47d4c3e026f2b,8
000000000576,groot,270226-ee_rot6d_rel:150000,Pick all the items one by one from transparent tote and place them into the large grey tote.,Towels,right,left,1775290944309805060,2026-04-04,,phail/v1.0/dataset/rollouts/000000000000/000000000576/meta.json,3b924ec8503839d80ec881244497b85c3db20a4168cd5ba63a1014d3f1c7b0c7,phail/v1.0/dataset/rollouts/000000000000/000000000576/static.json,fe2dd7157d670c9d26dc4ef7d6cca7ceb9fef873d9b52657f5fdff26d1d94949,8
000000000577,groot,270226-ee_rot6d_rel:150000,Pick all the items one by one from transparent tote and place them into the large grey tote.,Towels,left,left,1775291242465844830,2026-04-04,,phail/v1.0/dataset/rollouts/000000000000/000000000577/meta.json,29e34b5c24209c1e931a4a0c4c43da7937b7ccdf2119d68d3a26fcf09c3d29a3,phail/v1.0/dataset/rollouts/000000000000/000000000577/static.json,f30e07fb52ab7d51212b85301d10e0f8eb4a8ca6cca65b89bb302320b2a14391,8
000000000578,groot,270226-ee_rot6d_rel:150000,Pick all the items one by one from transparent tote and place them into the large grey tote.,Towels,right,left,1775291548523562613,2026-04-04,,phail/v1.0/dataset/rollouts/000000000000/000000000578/meta.json,4b2be03dd87ce57dfe2ecefaf1abd2309a7d4427d691f8c1d355c689aa00061c,phail/v1.0/dataset/rollouts/000000000000/000000000578/static.json,8f5504edce19d5a63425a8a32dfe2454e00f65fd2b94caace04424efea9b054d,8
000000000579,groot,270226-ee_rot6d_rel:150000,Pick all the items one by one from transparent tote and place them into the large grey tote.,Towels,left,left,1775291875185748438,2026-04-04,,phail/v1.0/dataset/rollouts/000000000000/000000000579/meta.json,d93540213f71924579d0a004ba21fbf7fae0fdc6067e585ae821165bcb479cdd,phail/v1.0/dataset/rollouts/000000000000/000000000579/static.json,16cf372e5c0d045dc6803e2ee3f23b402255416a8f469c5dd8b38fb660d353d6,8
000000000580,openpi,270226-ee:199999,Pick all the items one by one from transparent tote and place them into the large grey tote.,Towels,right,left,1775292327485617625,2026-04-04,,phail/v1.0/dataset/rollouts/000000000000/000000000580/meta.json,5f2db7cdec50010b3aa57d9fef4a014a8d7c7e886a0289bb6d8cb305b7c5f828,phail/v1.0/dataset/rollouts/000000000000/000000000580/static.json,b5c666adaf4aace314a59dd9ad8a07e1b300252206c31926bd847012f18ce66b,8
000000000581,openpi,270226-ee:199999,Pick all the items one by one from transparent tote and place them into the large grey tote.,Towels,right,right,1775292546921945545,2026-04-04,,phail/v1.0/dataset/rollouts/000000000000/000000000581/meta.json,a3e56d666aa2d0cc89607098e97d68281ceef85e11c29ca43f213cdb715c52e3,phail/v1.0/dataset/rollouts/000000000000/000000000581/static.json,141b4bc374b309d2c86e12556dff15f842f7fe0fc039c6f85c3754e71f9dac7e,8
000000000582,openpi,270226-ee:199999,Pick all the items one by one from transparent tote and place them into the large grey tote.,Towels,left,right,1775292824273938265,2026-04-04,,phail/v1.0/dataset/rollouts/000000000000/000000000582/meta.json,5d68f3b804e590114c98938a70d6561ef58309683a5a4307aa84dca684f5846a,phail/v1.0/dataset/rollouts/000000000000/000000000582/static.json,678fb43d00b479c0188aac4e86c7f8cd9e3021cff5dbe6b7f786874fbe681082,8
000000000583,openpi,270226-ee:199999,Pick all the items one by one from transparent tote and place them into the large grey tote.,Towels,right,right,1775293099466740682,2026-04-04,,phail/v1.0/dataset/rollouts/000000000000/000000000583/meta.json,c94d1563a86790774c7eca30089a9dd547ebfd26f32360d3fa5d0a8749e775b3,phail/v1.0/dataset/rollouts/000000000000/000000000583/static.json,6b85f31a2127417a956ce9cfdde149a652db7d68facdee7538fae131762fdd45,8
000000000584,groot,270226-ee_rot6d_rel:150000,Pick all the items one by one from transparent tote and place them into the large grey tote.,Towels,left,right,1775293378856780516,2026-04-04,,phail/v1.0/dataset/rollouts/000000000000/000000000584/meta.json,95639dcbdc371ca6d9f53bc26c76037893ea632050ed785a95f3995e0be3b06b,phail/v1.0/dataset/rollouts/000000000000/000000000584/static.json,f0005df3d962307b7afdd07245026caed004d3c4b2ff1fafe9e85520f7db2fc7,8
000000000585,openpi,270226-ee:199999,Pick all the items one by one from transparent tote and place them into the large grey tote.,Towels,right,right,1775293691950686095,2026-04-04,,phail/v1.0/dataset/rollouts/000000000000/000000000585/meta.json,c26034ac933bca072639ae537e18222b9363907450cfef814cfe00b79530dda1,phail/v1.0/dataset/rollouts/000000000000/000000000585/static.json,f7abab30d932caf58e8c991b669e40b7faa24dd07519e8fa1c1096a5fbdefa84,8
000000000586,openpi,270226-ee:199999,Pick all the items one by one from transparent tote and place them into the large grey tote.,Towels,left,right,1775294048968887431,2026-04-04,,phail/v1.0/dataset/rollouts/000000000000/000000000586/meta.json,0dc9fd01ff1bcab76a9ece29bcda8ccb68706f7d00c404c59a1f4b4693e390c9,phail/v1.0/dataset/rollouts/000000000000/000000000586/static.json,8c41d063883709a99fb8307e8ddab7920ca23d9d714c236a84f06973ccc2ae7e,8
000000000587,groot,270226-ee_rot6d_rel:150000,Pick all the items one by one from transparent tote and place them into the large grey tote.,Towels,right,right,1775294342959904645,2026-04-04,,phail/v1.0/dataset/rollouts/000000000000/000000000587/meta.json,65a1660fcb7e3c68f10ba1f3b358a1900f960a819d63f731673e94f5a060ca80,phail/v1.0/dataset/rollouts/000000000000/000000000587/static.json,a9a1234c4ef928050ee30d5a83248a9e0b39b6dbdec9b569ac6d9370cdae6287,8
000000000588,groot,270226-ee_rot6d_rel:150000,Pick all the items one by one from transparent tote and place them into the large grey tote.,Towels,left,right,1775294647530013352,2026-04-04,,phail/v1.0/dataset/rollouts/000000000000/000000000588/meta.json,85873c45017c4a7c01a5b286170b480d73c8c8500b2034b478a81643595d6d4b,phail/v1.0/dataset/rollouts/000000000000/000000000588/static.json,195f4391a26c5b760d89bfebb5e1c5c7860b92e69bedf0df4539db0fd699deb1,8
000000000589,groot,270226-ee_rot6d_rel:150000,Pick all the items one by one from transparent tote and place them into the large grey tote.,Towels,right,right,1775294946698801290,2026-04-04,,phail/v1.0/dataset/rollouts/000000000000/000000000589/meta.json,864fe9addbdebb1f87a8848180632c7a4e5453e6ce660ca2eb33fa9581c7d514,phail/v1.0/dataset/rollouts/000000000000/000000000589/static.json,179999eba143430deac3287d6b2fd509f61a232ed0e415c9aa9259c6750603ee,8
000000000590,openpi,270226-ee:199999,Pick all the items one by one from transparent tote and place them into the large grey tote.,Wooden spoons,left,right,1775295317762324296,2026-04-04,,phail/v1.0/dataset/rollouts/000000000000/000000000590/meta.json,1e061e9bb59710a1e291e56208ecef7dd8f2d747b5528c10642077a07235e71e,phail/v1.0/dataset/rollouts/000000000000/000000000590/static.json,1ef4a6748ae0af92a6cccded39c98cddc54866eb6a9291d2115bd4cde710464a,8
000000000591,groot,270226-ee_rot6d_rel:150000,Pick all the items one by one from transparent tote and place them into the large grey tote.,Wooden spoons,right,right,1775295513891301576,2026-04-04,,phail/v1.0/dataset/rollouts/000000000000/000000000591/meta.json,a8cb92dd0e7aee64dbe17656b4060dabdc991fbde243635f14adba405e615028,phail/v1.0/dataset/rollouts/000000000000/000000000591/static.json,691ee4d153995e9384323bb6ef02e427cfdc2d4a721927b3ff773a9ab2514e0a,8
000000000592,groot,270226-ee_rot6d_rel:150000,Pick all the items one by one from transparent tote and place them into the large grey tote.,Wooden spoons,left,right,1775295807784337750,2026-04-04,,phail/v1.0/dataset/rollouts/000000000000/000000000592/meta.json,ae12e4aa7d765f4e4ab3601184022c47cffc6bc5d04e54ad58a302caef9a9abc,phail/v1.0/dataset/rollouts/000000000000/000000000592/static.json,e9f75ff0b7e2480e64e36408e5bce600fb36da729c660e531ca22ed9e6ca3d66,8
000000000593,groot,270226-ee_rot6d_rel:150000,Pick all the items one by one from transparent tote and place them into the large grey tote.,Wooden spoons,right,right,1775296095171901998,2026-04-04,,phail/v1.0/dataset/rollouts/000000000000/000000000593/meta.json,865d7760a9d81ffaf6999539edcfeff6bbdd010caeb37d13c4414f7c8d7893fd,phail/v1.0/dataset/rollouts/000000000000/000000000593/static.json,3b2ff9eaab1fc3f96a4af3d085ba458db681f2a60d7b17892c2f5c902e00e275,8
