episode_id,signal,path,etag,advertised_size,byte_count,sha256,row_count,schema_sha256
000000000000,robot_state.error,phail/v1.0/dataset/rollouts/000000000000/000000000000/robot_state.error.parquet,ad8ec02d6f06381c1574f9dc2196546d,445229,445229,a54681ebb2964608241270a16c382471e29d979c67ab61d38057ed13089d515e,55705,d853e68515397e9949f0cd49d1291a712ed3bafaa71afb20873e5354f92d3743
000000000000,robot_state.q,phail/v1.0/dataset/rollouts/000000000000/000000000000/robot_state.q.parquet,1ca0205e37c74839d06e412b739d46e1,2785247,2785247,ed47ae188eb8574c7ff298cc199f218af38bbfe2a44239726a4f4c0ed4159e8c,55705,9e13c431dee7465558b1feeef41eef2ad7319759af69cafa198766c393e70521
000000000001,robot_state.error,phail/v1.0/dataset/rollouts/000000000000/000000000001/robot_state.error.parquet,9b144274ca73e0a502fef64c08e318c9,92208,92208,3f2fcbd80a34b1c02274d354667f6e00f17f046a23a32506657a9b1bcb42e414,11478,d853e68515397e9949f0cd49d1291a712ed3bafaa71afb20873e5354f92d3743
000000000001,robot_state.q,phail/v1.0/dataset/rollouts/000000000000/000000000001/robot_state.q.parquet,484415becc65cf5cdae144d51e172c07,360841,360841,04ea909bde84215bd8258fe029b19322081859b46c3a79f929a002876484f47a,11478,9e13c431dee7465558b1feeef41eef2ad7319759af69cafa198766c393e70521
000000000002,robot_state.error,phail/v1.0/dataset/rollouts/000000000000/000000000002/robot_state.error.parquet,3b87dcfa841e4655d07cb7e4352b8724,562764,562764,631d2e1deb10401940e2e818cb2b673a1e650cd40ad0bcd7d410e836df0146c6,70503,d853e68515397e9949f0cd49d1291a712ed3bafaa71afb20873e5354f92d3743
000000000002,robot_state.q,phail/v1.0/dataset/rollouts/000000000000/000000000002/robot_state.q.parquet,fb13fbf2466148da4e1f1c776db6da1f,3323242,3323242,071e140c32233af74a43e5ff0b90320ada07bf69d46d041244a0e8ae15a7b514,70503,9e13c431dee7465558b1feeef41eef2ad7319759af69cafa198766c393e70521
000000000003,robot_state.error,phail/v1.0/dataset/rollouts/000000000000/000000000003/robot_state.error.parquet,75030f1dcce1a3a4de47d1757c615fc3,578401,578401,057b4bf5febfd1e0746dc50ff684ca28245ccdefd7bb3a39be8b534a9c1bcd4d,72361,d853e68515397e9949f0cd49d1291a712ed3bafaa71afb20873e5354f92d3743
000000000003,robot_state.q,phail/v1.0/dataset/rollouts/000000000000/000000000003/robot_state.q.parquet,1a4214d3cfd1ae19ad6335d58dd20fc3,3628344,3628344,93b1baf7461ea72e1e5e10160a1af011c8cf26c15f56ed9f0c43ff778fc2f102,72361,9e13c431dee7465558b1feeef41eef2ad7319759af69cafa198766c393e70521
000000000004,robot_state.error,phail/v1.0/dataset/rollouts/000000000000/000000000004/robot_state.error.parquet,90d18261b61fcfb01530bfbd09aade21,677099,677099,907af4736085880b97b0a939ffccf964d29a33d73531d613412b1aec814b6980,85038,d853e68515397e9949f0cd49d1291a712ed3bafaa71afb20873e5354f92d3743
000000000004,robot_state.q,phail/v1.0/dataset/rollouts/000000000000/000000000004/robot_state.q.parquet,42679d6f2f095abf87b0d9f63e0e9439,3891911,3891911,eef85473950cdb67d8fd5c52f529e575c8c98713e12baeda1ad439ed3118f6f2,85038,9e13c431dee7465558b1feeef41eef2ad7319759af69cafa198766c393e70521
000000000005,robot_state.error,phail/v1.0/dataset/rollouts/000000000000/000000000005/robot_state.error.parquet,cd925a4486cc099070c299392259a18a,499474,499474,233bc2e9a94f3ef3938cb7a24d8d18c84f69947592e396799331e8ccee0c9a86,62226,d853e68515397e9949f0cd49d1291a712ed3bafaa71afb20873e5354f92d3743
000000000005,robot_state.q,phail/v1.0/dataset/rollouts/000000000000/000000000005/robot_state.q.parquet,ec8518fca1f0d4efe398055dd8e1b12a,2967983,2967983,aac59ddbd9be026d16674322fdb6cf2b58c8fb7c097eef009dce2fe5d579c2a3,62226,9e13c431dee7465558b1feeef41eef2ad7319759af69cafa198766c393e70521
000000000006,robot_state.error,phail/v1.0/dataset/rollouts/000000000000/000000000006/robot_state.error.parquet,fb5af2ee613e6ebea48d4f62580f5431,36905,36905,a7a098f398d1be9b55b89568870712927600bca230975f711b8b97665d95ca2d,4612,d853e68515397e9949f0cd49d1291a712ed3bafaa71afb20873e5354f92d3743
000000000006,robot_state.q,phail/v1.0/dataset/rollouts/000000000000/000000000006/robot_state.q.parquet,909c8ec065f6ecece6d19aec75438afe,167011,167011,0bc80211d07f9ce2b5ac602ccc919cf6ea8686ca52bab5d6973b87c0574f9520,4612,9e13c431dee7465558b1feeef41eef2ad7319759af69cafa198766c393e70521
000000000007,robot_state.error,phail/v1.0/dataset/rollouts/000000000000/000000000007/robot_state.error.parquet,f3478fef6e8fac4266444fc0a5f4a5f3,504933,504933,d9cdf0e3646685d782c6841672fcf233e3d3e7130652e2964e0dfc673e57bc77,62935,d853e68515397e9949f0cd49d1291a712ed3bafaa71afb20873e5354f92d3743
000000000007,robot_state.q,phail/v1.0/dataset/rollouts/000000000000/000000000007/robot_state.q.parquet,bb55296aeea0d7b91a182cf21f2c0c27,2327740,2327740,129c344cbbaafa25fa7d1986f91c7fb940516270aeee07bd3e55ce4e1982abaa,62935,9e13c431dee7465558b1feeef41eef2ad7319759af69cafa198766c393e70521
000000000008,robot_state.error,phail/v1.0/dataset/rollouts/000000000000/000000000008/robot_state.error.parquet,5e6c6cbbd90dcbd13f67be8d7e6b0d03,589434,589434,4403de1fdada2010cb2c82b2b2d82eb93ce7499f8c8c2821a4b4b61567a293a8,73838,d853e68515397e9949f0cd49d1291a712ed3bafaa71afb20873e5354f92d3743
000000000008,robot_state.q,phail/v1.0/dataset/rollouts/000000000000/000000000008/robot_state.q.parquet,cb0018c67c5215a7252a0bd267f86bb2,3703673,3703673,bb85c8cfea22154e4f2f857e20f90e2a76c7b0e93d3c2df6428e9feb07b597ac,73838,9e13c431dee7465558b1feeef41eef2ad7319759af69cafa198766c393e70521
000000000009,robot_state.error,phail/v1.0/dataset/rollouts/000000000000/000000000009/robot_state.error.parquet,8e351538d3903e692970333a0f347dae,597490,597490,540ba33905b9c4ec625aa22f480ff6273a3cd791f0e5b2ab9a7bb68373be53d9,74829,d853e68515397e9949f0cd49d1291a712ed3bafaa71afb20873e5354f92d3743
000000000009,robot_state.q,phail/v1.0/dataset/rollouts/000000000000/000000000009/robot_state.q.parquet,795cc6545501704801e32b2466d05784,3613360,3613360,1484cbb9c8c6cd674804be8d42289cf510c2286a54a024a34735203c4313fb8c,74829,9e13c431dee7465558b1feeef41eef2ad7319759af69cafa198766c393e70521
000000000010,robot_state.error,phail/v1.0/dataset/rollouts/000000000000/000000000010/robot_state.error.parquet,6c2effd56ba67bc671f105fda44696c7,640911,640911,89bc23dd77295178ca552a3cbc1c070802ebd114f8684f3eddb8472906455ae8,80324,d853e68515397e9949f0cd49d1291a712ed3bafaa71afb20873e5354f92d3743
000000000010,robot_state.q,phail/v1.0/dataset/rollouts/000000000000/000000000010/robot_state.q.parquet,1653a2087cc79293c36d147c71d32259,3971663,3971663,827293b26260b118020a8b76d788558851ed9518f95dd064a0340cc7d3fa691c,80324,9e13c431dee7465558b1feeef41eef2ad7319759af69cafa198766c393e70521
000000000011,robot_state.error,phail/v1.0/dataset/rollouts/000000000000/000000000011/robot_state.error.parquet,428dfbb3af9ebf45961dc3dab3c77cc4,597479,597479,8a5263ad24a859ef01452b087cb80e6cb837d3f67eed24707cf8a4a3e22390e6,74812,d853e68515397e9949f0cd49d1291a712ed3bafaa71afb20873e5354f92d3743
000000000011,robot_state.q,phail/v1.0/dataset/rollouts/000000000000/000000000011/robot_state.q.parquet,6398732535400d2dbb6f02b341933e4e,3125041,3125041,c4693601f4d2cd1e53c64029057adbcd3a3ac78017d711f997ae307d94999f9f,74812,9e13c431dee7465558b1feeef41eef2ad7319759af69cafa198766c393e70521
000000000012,robot_state.error,phail/v1.0/dataset/rollouts/000000000000/000000000012/robot_state.error.parquet,83349de413ee553a941c6197756cf5ed,150915,150915,8f63f85b552ca026e5c2bb5992d08cd3cf97ea33f124f4534ae5cabe2da4e4d8,18739,d853e68515397e9949f0cd49d1291a712ed3bafaa71afb20873e5354f92d3743
000000000012,robot_state.q,phail/v1.0/dataset/rollouts/000000000000/000000000012/robot_state.q.parquet,16e347eea508acb689eaf706a6504212,542770,542770,ba13e9a5bc27b132b3a719bb549429cd1868f525ad633fa9148c92be802b6976,18739,9e13c431dee7465558b1feeef41eef2ad7319759af69cafa198766c393e70521
000000000013,robot_state.error,phail/v1.0/dataset/rollouts/000000000000/000000000013/robot_state.error.parquet,ce268df2c661e9fe657f85a2c96c786a,596157,596157,9b5f137ed60b47755062f266fc48561faf90d7e769c4ab31bbf9dc09761c32df,74666,d853e68515397e9949f0cd49d1291a712ed3bafaa71afb20873e5354f92d3743
000000000013,robot_state.q,phail/v1.0/dataset/rollouts/000000000000/000000000013/robot_state.q.parquet,5fb77561d159960d740d4ae9e19d2b31,3723694,3723694,fe4027ad96348af937d216215e62b90f5a95610322a1d54fe20bda9e2ed2dcc0,74666,9e13c431dee7465558b1feeef41eef2ad7319759af69cafa198766c393e70521
000000000014,robot_state.error,phail/v1.0/dataset/rollouts/000000000000/000000000014/robot_state.error.parquet,a7794f65db097ad7d41ce4e12dabed65,586577,586577,d73f2af4de902176e46a4a45c05411aba39ce02cb7e8cf69fe43268006f7e3e0,73448,d853e68515397e9949f0cd49d1291a712ed3bafaa71afb20873e5354f92d3743
000000000014,robot_state.q,phail/v1.0/dataset/rollouts/000000000000/000000000014/robot_state.q.parquet,8f2d94642ca05e5f643bd4a7e1d7c58f,3459638,3459638,616c60a5a9e312bd4d5e8e54f1470b0d67735e0e7c3f851dc6774ce74c3ed446,73448,9e13c431dee7465558b1feeef41eef2ad7319759af69cafa198766c393e70521
000000000015,robot_state.error,phail/v1.0/dataset/rollouts/000000000000/000000000015/robot_state.error.parquet,6f3057774a7f072fe8916ef1a42649a8,580122,580122,33ad69ee78c3d2414fd1e6024bc8243d47563af0318c93a8139140538ef69fed,72606,d853e68515397e9949f0cd49d1291a712ed3bafaa71afb20873e5354f92d3743
000000000015,robot_state.q,phail/v1.0/dataset/rollouts/000000000000/000000000015/robot_state.q.parquet,a53f93493c5922156795b1ea7e879091,3629173,3629173,dec14ce84f506dde4abfb7d463d8584c3e42abe603b1b397ba69480ba8cef16b,72606,9e13c431dee7465558b1feeef41eef2ad7319759af69cafa198766c393e70521
000000000016,robot_state.error,phail/v1.0/dataset/rollouts/000000000000/000000000016/robot_state.error.parquet,f80a6f0b1d27fa3437781674a45ea68b,503979,503979,fa695ba523b105ef00f016e674613f0fbfcd873f2e0d8f5fc4a4840f6e0326e2,62803,d853e68515397e9949f0cd49d1291a712ed3bafaa71afb20873e5354f92d3743
000000000016,robot_state.q,phail/v1.0/dataset/rollouts/000000000000/000000000016/robot_state.q.parquet,de412aeb9f513f5954b2c1c84becd4f9,2280998,2280998,3612fc723e1e9f227a5f55188d5360e5fb51edb1b0887f4af6747c6044dcadb7,62803,9e13c431dee7465558b1feeef41eef2ad7319759af69cafa198766c393e70521
000000000017,robot_state.error,phail/v1.0/dataset/rollouts/000000000000/000000000017/robot_state.error.parquet,b94b154af406b68952f054ebbeaf13ac,466696,466696,3a648d53dae454163a90c6a1b85245c648e1d164eca6d7bf888b0a5727441fb0,58144,d853e68515397e9949f0cd49d1291a712ed3bafaa71afb20873e5354f92d3743
000000000017,robot_state.q,phail/v1.0/dataset/rollouts/000000000000/000000000017/robot_state.q.parquet,31c57c4b345d45524801fd6f93e21644,2898468,2898468,b399e5dfe5445d8c3c2189cac85347a46fa7b3bcf33ae11d78d63b95e3702f52,58144,9e13c431dee7465558b1feeef41eef2ad7319759af69cafa198766c393e70521
000000000018,robot_state.error,phail/v1.0/dataset/rollouts/000000000000/000000000018/robot_state.error.parquet,91128a89a0d423101e34ec2d156060ab,586903,586903,1ea2d3747e8d6984a9d2dece3452e301da0570eef4adbd753c6b1d0f92fe6fcb,73486,d853e68515397e9949f0cd49d1291a712ed3bafaa71afb20873e5354f92d3743
000000000018,robot_state.q,phail/v1.0/dataset/rollouts/000000000000/000000000018/robot_state.q.parquet,959f140a80fab9617fd223a5b91b549c,3147367,3147367,e76976d8efd74017483c2b6d6e0e74c41a1bd2e9ee8f325ac47e18da53b4d2db,73486,9e13c431dee7465558b1feeef41eef2ad7319759af69cafa198766c393e70521
000000000019,robot_state.error,phail/v1.0/dataset/rollouts/000000000000/000000000019/robot_state.error.parquet,55d8f8d5902e6d7c68339ba6e7543785,562023,562023,ed13f4f52d272839c0842e53442f920f1ffe8a40d03eff74688877aca3f808d5,70218,d853e68515397e9949f0cd49d1291a712ed3bafaa71afb20873e5354f92d3743
000000000019,robot_state.q,phail/v1.0/dataset/rollouts/000000000000/000000000019/robot_state.q.parquet,cf80b2562a40b430ed106cbbbb22cd46,3513965,3513965,f691d76108d5627a4af8ba8899e1b762898350f0845b7d627486b54a11837dc4,70218,9e13c431dee7465558b1feeef41eef2ad7319759af69cafa198766c393e70521
000000000020,robot_state.error,phail/v1.0/dataset/rollouts/000000000000/000000000020/robot_state.error.parquet,7d937c0be6f71c08c4ec1f126a254420,468356,468356,85c005bd6312170777b470689e61a59e536be45bea5ff0360ed739a881c19863,58239,d853e68515397e9949f0cd49d1291a712ed3bafaa71afb20873e5354f92d3743
000000000020,robot_state.q,phail/v1.0/dataset/rollouts/000000000000/000000000020/robot_state.q.parquet,072da9c06b391dd20a5d45c2df9c5cbf,2940358,2940358,2d4dc84b10947554ce398f6b8f5a3894abb931c02d9e718f4e5c2f798d4a4324,58239,9e13c431dee7465558b1feeef41eef2ad7319759af69cafa198766c393e70521
000000000021,robot_state.error,phail/v1.0/dataset/rollouts/000000000000/000000000021/robot_state.error.parquet,4339f2602bd61776c7a1ca629144d317,178464,178464,669ef6a6456039e7b1d4b4fcfdc3ad6efda90596950ae62364a73aa81e36c9c0,22188,d853e68515397e9949f0cd49d1291a712ed3bafaa71afb20873e5354f92d3743
000000000021,robot_state.q,phail/v1.0/dataset/rollouts/000000000000/000000000021/robot_state.q.parquet,86602cd0eab9bde611ea2c927b4af0fc,1002410,1002410,5baaa86350aa6371e65c674843a6c8e2e8693fb213009b38c72265f91ee70349,22188,9e13c431dee7465558b1feeef41eef2ad7319759af69cafa198766c393e70521
000000000022,robot_state.error,phail/v1.0/dataset/rollouts/000000000000/000000000022/robot_state.error.parquet,00c17e0379e8188760e2bdd139187840,572037,572037,ffa25315ccd0762b17cf98ee43a2b60ee3729991ca19a2e6a780aba120fd21df,71564,d853e68515397e9949f0cd49d1291a712ed3bafaa71afb20873e5354f92d3743
000000000022,robot_state.q,phail/v1.0/dataset/rollouts/000000000000/000000000022/robot_state.q.parquet,caedc719ff2a34a375b74dc4c8d595ab,3574028,3574028,a3e9c8ff8d673108502dd1fdf8bb0ef7b4def3b395600eef5f89eb4f3b1bb970,71564,9e13c431dee7465558b1feeef41eef2ad7319759af69cafa198766c393e70521
000000000023,robot_state.error,phail/v1.0/dataset/rollouts/000000000000/000000000023/robot_state.error.parquet,b93fe419a288c25ea46b65aa1042aac6,470291,470291,7fa0e5b3e0687af2a4b4d0e3937f45b4143d27cc23f438e8ce7e7a48c8580490,58480,d853e68515397e9949f0cd49d1291a712ed3bafaa71afb20873e5354f92d3743
000000000023,robot_state.q,phail/v1.0/dataset/rollouts/000000000000/000000000023/robot_state.q.parquet,fbf2f4e0e6ce1a60efcd5ecd89e16909,2881204,2881204,595a3279c9791d3167f2b8b8ceca64ff93408a41ec962c8091f5276d15d26b2d,58480,9e13c431dee7465558b1feeef41eef2ad7319759af69cafa198766c393e70521
000000000024,robot_state.error,phail/v1.0/dataset/rollouts/000000000000/000000000024/robot_state.error.parquet,3dbdbf300050bba5353a224bb8de0f8b,597735,597735,45a30bcb1f22db808d490b35f36d7ed0a35e74a422edf19ef1404a89f7d76f24,74856,d853e68515397e9949f0cd49d1291a712ed3bafaa71afb20873e5354f92d3743
000000000024,robot_state.q,phail/v1.0/dataset/rollouts/000000000000/000000000024/robot_state.q.parquet,fc45c8dd62fc2e41086c9e58c3954e10,3243782,3243782,7345fe85d8428303452d6b83c41a57e63d710e514525be026ebd7bb186f3d4e3,74856,9e13c431dee7465558b1feeef41eef2ad7319759af69cafa198766c393e70521
000000000025,robot_state.error,phail/v1.0/dataset/rollouts/000000000000/000000000025/robot_state.error.parquet,06c5af637ccdea0c3aa8f62e5147df32,570346,570346,9bec510aa0c66c6fe445bb1dc9b97c94d2d4b7a3f29d95990bacf241c2116233,71326,d853e68515397e9949f0cd49d1291a712ed3bafaa71afb20873e5354f92d3743
000000000025,robot_state.q,phail/v1.0/dataset/rollouts/000000000000/000000000025/robot_state.q.parquet,07a51fceae26b30b9e96c4f0e1e846d5,3520621,3520621,fd8b18972ba447360046eb211bed07b2d1448f670360d473165c6622c518d056,71326,9e13c431dee7465558b1feeef41eef2ad7319759af69cafa198766c393e70521
000000000026,robot_state.error,phail/v1.0/dataset/rollouts/000000000000/000000000026/robot_state.error.parquet,7b91b7dfa50a6602e2bd948a974605b9,568396,568396,2f6383ff99b6340d0a7d26566fcc5b2e6f1874933c9bd405121a103c27f25fc1,71081,d853e68515397e9949f0cd49d1291a712ed3bafaa71afb20873e5354f92d3743
000000000026,robot_state.q,phail/v1.0/dataset/rollouts/000000000000/000000000026/robot_state.q.parquet,7400ab1c712c31922dd4aa8491b1e038,3552709,3552709,9a39c77d09c91127f47b1826c26640704311c39e34a4f544358d23e5bf799e46,71081,9e13c431dee7465558b1feeef41eef2ad7319759af69cafa198766c393e70521
000000000027,robot_state.error,phail/v1.0/dataset/rollouts/000000000000/000000000027/robot_state.error.parquet,3475f4e5a6c654baeae789e4019703d1,578550,578550,1d240daa6b877545b6029c6ff89593847d450dad5b0339a793e9cfcfa0daf0d0,72400,d853e68515397e9949f0cd49d1291a712ed3bafaa71afb20873e5354f92d3743
000000000027,robot_state.q,phail/v1.0/dataset/rollouts/000000000000/000000000027/robot_state.q.parquet,2d27b421d7e16409cb1cdb8afcd0f08a,3628320,3628320,a23f4b20c60f5ec6225abd54a5a5ef5caed2fffe67641ba76020716b2426d6dd,72400,9e13c431dee7465558b1feeef41eef2ad7319759af69cafa198766c393e70521
000000000028,robot_state.error,phail/v1.0/dataset/rollouts/000000000000/000000000028/robot_state.error.parquet,dc1fa1bf0cae68055f68b373f41d0b14,593800,593800,b0e344c75eda42b07ab2f77cadcff232c901307e58b054220f462248a7858f57,74351,d853e68515397e9949f0cd49d1291a712ed3bafaa71afb20873e5354f92d3743
000000000028,robot_state.q,phail/v1.0/dataset/rollouts/000000000000/000000000028/robot_state.q.parquet,aa3409cb628eabd78da54f34b30f6a19,3722608,3722608,0b8c8724d745ed8a91a21e8bfd798e190b4126f0f3581a395b5c116367488809,74351,9e13c431dee7465558b1feeef41eef2ad7319759af69cafa198766c393e70521
000000000029,robot_state.error,phail/v1.0/dataset/rollouts/000000000000/000000000029/robot_state.error.parquet,6c4188f07b5a37dfe3e99838b263874f,458203,458203,b5f1ddf2c03d32029b378d7bf22b2fd5c91c92f71de552d001f24a8c494488e7,57069,d853e68515397e9949f0cd49d1291a712ed3bafaa71afb20873e5354f92d3743
000000000029,robot_state.q,phail/v1.0/dataset/rollouts/000000000000/000000000029/robot_state.q.parquet,9502edd224ab1039075e52c8c71df2d1,2858329,2858329,ca1d161fdc85b5aa1cceac5644e37ad5eb49045802a8800a7ce5a2ae9290618f,57069,9e13c431dee7465558b1feeef41eef2ad7319759af69cafa198766c393e70521
000000000030,robot_state.error,phail/v1.0/dataset/rollouts/000000000000/000000000030/robot_state.error.parquet,0c66cbc0b7eea4c114b89f2613f976b0,473083,473083,66efc2fa9d69d7f84200d7d1c69ed98516f9576143f157d0309bce78762ea1b4,58857,d853e68515397e9949f0cd49d1291a712ed3bafaa71afb20873e5354f92d3743
000000000030,robot_state.q,phail/v1.0/dataset/rollouts/000000000000/000000000030/robot_state.q.parquet,0fd960d04ec9639ef1f21ff43157ae2d,2941578,2941578,91f22b94af86125f380ae2b01a6af1362fdea6f3b6f97e103fa7d49f712988a9,58857,9e13c431dee7465558b1feeef41eef2ad7319759af69cafa198766c393e70521
000000000031,robot_state.error,phail/v1.0/dataset/rollouts/000000000000/000000000031/robot_state.error.parquet,0deb04fb91a4e0465ed4c58275013217,31823,31823,b92497a0dc32bea5015d07a6ee57f8aacaf393720bcc9ce61bc91585569c613e,4014,d853e68515397e9949f0cd49d1291a712ed3bafaa71afb20873e5354f92d3743
000000000031,robot_state.q,phail/v1.0/dataset/rollouts/000000000000/000000000031/robot_state.q.parquet,0a5b0471ca59b9cb730daad0dbe39062,144394,144394,8fa921a5b4b7bb2792f32b4c151744208486123057788c021318ec0adf733cd8,4014,9e13c431dee7465558b1feeef41eef2ad7319759af69cafa198766c393e70521
000000000032,robot_state.error,phail/v1.0/dataset/rollouts/000000000000/000000000032/robot_state.error.parquet,f4eaea67a542bab7b9ab4cff8f934d11,346422,346422,128aaf5bec4d1c59c4874fd797e947c2b30ec9eba0a8aa201feff8544d059fd9,43210,d853e68515397e9949f0cd49d1291a712ed3bafaa71afb20873e5354f92d3743
000000000032,robot_state.q,phail/v1.0/dataset/rollouts/000000000000/000000000032/robot_state.q.parquet,f67bea7d6f59be7494272cdc3a5fdb5a,1499081,1499081,03df4f18f04aa1f00d0cd259d19aa79c15ad56859acbc68d032700f86e82c681,43210,9e13c431dee7465558b1feeef41eef2ad7319759af69cafa198766c393e70521
000000000033,robot_state.error,phail/v1.0/dataset/rollouts/000000000000/000000000033/robot_state.error.parquet,5cd5cbe88aed25ee95538f773a02c0d7,587371,587371,714cd4bccffc6a0e8ea69ff9e58256261942e488ebd8de5f1c817718ca75eea4,73577,d853e68515397e9949f0cd49d1291a712ed3bafaa71afb20873e5354f92d3743
000000000033,robot_state.q,phail/v1.0/dataset/rollouts/000000000000/000000000033/robot_state.q.parquet,a223ee912d6b72c86e5ba0a2ea3b4c15,3444504,3444504,81b44f7f445ec156f74e99a62b6118d435febadd779ec1629871a3af55d07e13,73577,9e13c431dee7465558b1feeef41eef2ad7319759af69cafa198766c393e70521
000000000034,robot_state.error,phail/v1.0/dataset/rollouts/000000000000/000000000034/robot_state.error.parquet,13d0712a5b4e8a103f14690c3da12b62,580322,580322,3bfec8aad1eb57f84ff690f3f7f78c0bab52c98e2ec9672b87b9f521e76cdb4a,72658,d853e68515397e9949f0cd49d1291a712ed3bafaa71afb20873e5354f92d3743
000000000034,robot_state.q,phail/v1.0/dataset/rollouts/000000000000/000000000034/robot_state.q.parquet,56dd1852a13b7a33c2829b323fe50567,3510970,3510970,3cf731db11ed73b17e91552bba44a353b7196d45784cdf0c21cab329b2b2ca5d,72658,9e13c431dee7465558b1feeef41eef2ad7319759af69cafa198766c393e70521
000000000035,robot_state.error,phail/v1.0/dataset/rollouts/000000000000/000000000035/robot_state.error.parquet,6b789e62aa92a6bda0b310bb4715aff6,469610,469610,f60f2fbee7bbf4b23c67263adea3bfc3cab06b491a0e33d3ad1b4bc9766e6f80,58376,d853e68515397e9949f0cd49d1291a712ed3bafaa71afb20873e5354f92d3743
000000000035,robot_state.q,phail/v1.0/dataset/rollouts/000000000000/000000000035/robot_state.q.parquet,3b23f4c5b62a69551c0038da95784184,2789427,2789427,1bcd5ad451bc3fc636f61a654c3e6088dbaac0853557ce098e1d36656e03488a,58376,9e13c431dee7465558b1feeef41eef2ad7319759af69cafa198766c393e70521
000000000036,robot_state.error,phail/v1.0/dataset/rollouts/000000000000/000000000036/robot_state.error.parquet,af7a4139cc6cfa7e2550b6ed04a8219f,473935,473935,573db8acbd32dbea9278fcc6186bc65f4d12dff81f910bcb4b03cc7a4207edea,58985,d853e68515397e9949f0cd49d1291a712ed3bafaa71afb20873e5354f92d3743
000000000036,robot_state.q,phail/v1.0/dataset/rollouts/000000000000/000000000036/robot_state.q.parquet,e270d4219174fd7183563c2a05b1b3b0,2937072,2937072,4b58d13a7489fec12861a4ded038e2abccc9e46d351764b1f5aaa7533a35105e,58985,9e13c431dee7465558b1feeef41eef2ad7319759af69cafa198766c393e70521
000000000037,robot_state.error,phail/v1.0/dataset/rollouts/000000000000/000000000037/robot_state.error.parquet,a05d932273e3a25283f74b7d8aad15b9,602112,602112,2fc5a52b26e3d3e364f6ebcd1d03ed9e652608d8859cfd237aa07ab976005947,75418,d853e68515397e9949f0cd49d1291a712ed3bafaa71afb20873e5354f92d3743
000000000037,robot_state.q,phail/v1.0/dataset/rollouts/000000000000/000000000037/robot_state.q.parquet,195aa9b49f473c749a2f135ea3dbc4b0,3083481,3083481,e6d93bb0abc8adf48d2bc89b2b16054bb2d05dedbbd0fd68097969eca6dd80e5,75418,9e13c431dee7465558b1feeef41eef2ad7319759af69cafa198766c393e70521
000000000038,robot_state.error,phail/v1.0/dataset/rollouts/000000000000/000000000038/robot_state.error.parquet,271abbabeebb567257faead04767cede,592224,592224,982e3718d34363eafbf435c5384970112ed66589ed198a5ee7cd873707ecc16e,74184,d853e68515397e9949f0cd49d1291a712ed3bafaa71afb20873e5354f92d3743
000000000038,robot_state.q,phail/v1.0/dataset/rollouts/000000000000/000000000038/robot_state.q.parquet,2b999666a627f7594e06ae5d9446d466,3668048,3668048,2bd6a6442223f2694a805cd3cd71b3152eb8218bbc2377fcadfba5a03948efa2,74184,9e13c431dee7465558b1feeef41eef2ad7319759af69cafa198766c393e70521
000000000039,robot_state.error,phail/v1.0/dataset/rollouts/000000000000/000000000039/robot_state.error.parquet,e00de592746b1a8d1e011deaabdd72ae,587935,587935,92e952b4c29a7fadfd17b68e94e3bef18b53b5cb44d9573a33c69f896a71f184,73676,d853e68515397e9949f0cd49d1291a712ed3bafaa71afb20873e5354f92d3743
000000000039,robot_state.q,phail/v1.0/dataset/rollouts/000000000000/000000000039/robot_state.q.parquet,30e785aacbde1b1cd3774d751044f628,3682688,3682688,996932cd1151f13ebb3aaf4370f31859b22284653cc46f72d09ced38724a7537,73676,9e13c431dee7465558b1feeef41eef2ad7319759af69cafa198766c393e70521
000000000040,robot_state.error,phail/v1.0/dataset/rollouts/000000000000/000000000040/robot_state.error.parquet,efc16e27bc2dae8d59a70b682c8fdd68,585519,585519,2942c021098871c03be0864a3240afd4516f81ba68affb173f416218443f8947,73361,d853e68515397e9949f0cd49d1291a712ed3bafaa71afb20873e5354f92d3743
000000000040,robot_state.q,phail/v1.0/dataset/rollouts/000000000000/000000000040/robot_state.q.parquet,5720212c1589c6619e1b1f2e3af04fd8,3565066,3565066,87db4f3330b26740c3f4a289d68a05e445799fb8b643b98fd59a289f8e491d36,73361,9e13c431dee7465558b1feeef41eef2ad7319759af69cafa198766c393e70521
000000000041,robot_state.error,phail/v1.0/dataset/rollouts/000000000000/000000000041/robot_state.error.parquet,6333f503bc77c4f48758bda958406176,465293,465293,309d3f9adf07940e444fb384ae9e189f1bbb5bdf2517228402e8d1bcff18c516,58020,d853e68515397e9949f0cd49d1291a712ed3bafaa71afb20873e5354f92d3743
000000000041,robot_state.q,phail/v1.0/dataset/rollouts/000000000000/000000000041/robot_state.q.parquet,8398dd5e1977e7a12a8cf770652a25e9,2872410,2872410,6f5d8a0492e3cc4799bcf2b61df17495d84e33a3b252fb940904d9dbb904631a,58020,9e13c431dee7465558b1feeef41eef2ad7319759af69cafa198766c393e70521
000000000042,robot_state.error,phail/v1.0/dataset/rollouts/000000000000/000000000042/robot_state.error.parquet,8872071cba47c0f0ffa8616b8af4809c,553660,553660,ded6d5d7837f105f65eedae3e1dd883cb8c7ea660a6e19b12a7d9ef0a8c0c2c4,69206,d853e68515397e9949f0cd49d1291a712ed3bafaa71afb20873e5354f92d3743
000000000042,robot_state.q,phail/v1.0/dataset/rollouts/000000000000/000000000042/robot_state.q.parquet,f373c19a6912614085d4933ca1481124,3468470,3468470,122ddd2496abc2ad43690193b5742624c434b24a5c6f2a741e0dfbefb0de66f8,69206,9e13c431dee7465558b1feeef41eef2ad7319759af69cafa198766c393e70521
000000000043,robot_state.error,phail/v1.0/dataset/rollouts/000000000000/000000000043/robot_state.error.parquet,1e4847c69ad819bf75164aaddf98b1a1,603689,603689,f82161217e85ef27ccee7605cf178136302a7e2fa52da6d941bb3ae1a691b4c3,75648,d853e68515397e9949f0cd49d1291a712ed3bafaa71afb20873e5354f92d3743
000000000043,robot_state.q,phail/v1.0/dataset/rollouts/000000000000/000000000043/robot_state.q.parquet,4528110cfca31ba3263e047ae368c3dc,3262342,3262342,cc29b320ee4054127f2f3f11f8006ef22cf1d766c3646de04e08d597c2bc1394,75648,9e13c431dee7465558b1feeef41eef2ad7319759af69cafa198766c393e70521
000000000044,robot_state.error,phail/v1.0/dataset/rollouts/000000000000/000000000044/robot_state.error.parquet,88dadf329114614e98990a819aa77c34,575832,575832,d9abd851b2faacecf5303bd4be4c4118d2ef897e3394018e1e5196bd3be9d0d6,72068,d853e68515397e9949f0cd49d1291a712ed3bafaa71afb20873e5354f92d3743
000000000044,robot_state.q,phail/v1.0/dataset/rollouts/000000000000/000000000044/robot_state.q.parquet,f6b579ae03f437890166b84d88030e66,3619079,3619079,7f4e3777eadb96a43e3d3d365a3504f1ad5d337e733383ca976dd56392d78c10,72068,9e13c431dee7465558b1feeef41eef2ad7319759af69cafa198766c393e70521
000000000045,robot_state.error,phail/v1.0/dataset/rollouts/000000000000/000000000045/robot_state.error.parquet,59863e0e891cf478af19ca909a9dcfc5,560990,560990,fa95e63a66260b027b94e49959598cd11f8e86e82facc66f344581460b0ea33f,70121,d853e68515397e9949f0cd49d1291a712ed3bafaa71afb20873e5354f92d3743
000000000045,robot_state.q,phail/v1.0/dataset/rollouts/000000000000/000000000045/robot_state.q.parquet,116e7a61279959ab080098e80c937176,3448270,3448270,498ca12d77a0023101e9dcca0acec1495ba6b3f3ebbebe11bd09b53c903c5a40,70121,9e13c431dee7465558b1feeef41eef2ad7319759af69cafa198766c393e70521
000000000046,robot_state.error,phail/v1.0/dataset/rollouts/000000000000/000000000046/robot_state.error.parquet,187c03e718c466efd31f3d933b392b7d,430157,430157,304038ed32e63667c2398c199db893fe5c6196a2ad7e18de145714645558f171,53891,d853e68515397e9949f0cd49d1291a712ed3bafaa71afb20873e5354f92d3743
000000000046,robot_state.q,phail/v1.0/dataset/rollouts/000000000000/000000000046/robot_state.q.parquet,249672af06d59b0777e5535c878e6c40,2678601,2678601,be1961d8349bb50f0268f0e0c82560ee9a1c2ecefe0884c8178d93cd915d4896,53891,9e13c431dee7465558b1feeef41eef2ad7319759af69cafa198766c393e70521
000000000047,robot_state.error,phail/v1.0/dataset/rollouts/000000000000/000000000047/robot_state.error.parquet,1ff8b8f01ad7852d72b082efd60699cf,619930,619930,da6f2af6fd13ba21ed6cb928a5e60c8bef514277d0defb182e2708e315c8d5b4,77821,d853e68515397e9949f0cd49d1291a712ed3bafaa71afb20873e5354f92d3743
000000000047,robot_state.q,phail/v1.0/dataset/rollouts/000000000000/000000000047/robot_state.q.parquet,69ddcb63f10358052d9df147f68ed0fe,3745404,3745404,a4c3f47310d8f9fb9f47f5c6d7769baa7879f4c98f8a507e368040eca73653a8,77821,9e13c431dee7465558b1feeef41eef2ad7319759af69cafa198766c393e70521
000000000048,robot_state.error,phail/v1.0/dataset/rollouts/000000000000/000000000048/robot_state.error.parquet,afbe70ca0678de7a9f696a0a950a3fb0,594134,594134,301e890d35cdde17b64425163323f5166216eb229a1b848be676ef56550271db,74426,d853e68515397e9949f0cd49d1291a712ed3bafaa71afb20873e5354f92d3743
000000000048,robot_state.q,phail/v1.0/dataset/rollouts/000000000000/000000000048/robot_state.q.parquet,cb949c53bfe76936343668b1b8d215f5,3055062,3055062,05456d874ee90b52ea34031f16f27b5ff0577d3b85961bf41fde62ac4a885976,74426,9e13c431dee7465558b1feeef41eef2ad7319759af69cafa198766c393e70521
000000000049,robot_state.error,phail/v1.0/dataset/rollouts/000000000000/000000000049/robot_state.error.parquet,49aa3ee912ecab98f10c969d6926999f,568403,568403,bb7a87381035030b11428e5ff5a616c05b4e150dac43e4ed3599c792e54cbde1,71132,d853e68515397e9949f0cd49d1291a712ed3bafaa71afb20873e5354f92d3743
000000000049,robot_state.q,phail/v1.0/dataset/rollouts/000000000000/000000000049/robot_state.q.parquet,e65239aec3f31cbe3a9e8cea4a88234c,3508237,3508237,e52220399b88d33bc62b3555d8250f34aefd43bbff10dd13836235c0b194a7bb,71132,9e13c431dee7465558b1feeef41eef2ad7319759af69cafa198766c393e70521
000000000050,robot_state.error,phail/v1.0/dataset/rollouts/000000000000/000000000050/robot_state.error.parquet,7c2e16aba9eb48d914c5151993121759,480178,480178,cfa9c480df1e8ad4090dc35b4ce7fd6a94e68cf379c312d8c86dcf6ecb76665c,59844,d853e68515397e9949f0cd49d1291a712ed3bafaa71afb20873e5354f92d3743
000000000050,robot_state.q,phail/v1.0/dataset/rollouts/000000000000/000000000050/robot_state.q.parquet,6e439ee7c4401568638b36dda686de61,3001468,3001468,a49a3a1160f5d53ff6e0ef2d53c39ff142f73a2c79643faac57008c2d8c238a1,59844,9e13c431dee7465558b1feeef41eef2ad7319759af69cafa198766c393e70521
000000000051,robot_state.error,phail/v1.0/dataset/rollouts/000000000000/000000000051/robot_state.error.parquet,b5959b09beadf4c8b2ef085752613030,566913,566913,af3b7c362ad3c282cba1920903b46db8f7317470ea0d88546e66a3c72c755db9,70960,d853e68515397e9949f0cd49d1291a712ed3bafaa71afb20873e5354f92d3743
000000000051,robot_state.q,phail/v1.0/dataset/rollouts/000000000000/000000000051/robot_state.q.parquet,b68c4f49e3f9ca50cd5d94a354a2e9c6,3561098,3561098,66efff2e1b020a9d6ec44af8339d9aa34fc9767ea0614866a79739c66f589e82,70960,9e13c431dee7465558b1feeef41eef2ad7319759af69cafa198766c393e70521
000000000052,robot_state.error,phail/v1.0/dataset/rollouts/000000000000/000000000052/robot_state.error.parquet,9d915a35eba41399bead067bda77e127,569191,569191,be96f6dcca261812e5dc8af9d85248bb46c8ecc31044ea664098bac235548a8f,71261,d853e68515397e9949f0cd49d1291a712ed3bafaa71afb20873e5354f92d3743
000000000052,robot_state.q,phail/v1.0/dataset/rollouts/000000000000/000000000052/robot_state.q.parquet,a6d3a63a1dd66f68c5abcb48dfae0958,3563804,3563804,0f992c48a9fd261785a1087a5efd8c5ef23e77aad9667f000ba46d0a1e36c32b,71261,9e13c431dee7465558b1feeef41eef2ad7319759af69cafa198766c393e70521
000000000053,robot_state.error,phail/v1.0/dataset/rollouts/000000000000/000000000053/robot_state.error.parquet,4969569dad8a67939b9269fdff850e4a,575683,575683,b683700261f7155ba57c0f407e3d1a7985d745dde443195b46fe2d2f1ed24e41,72109,d853e68515397e9949f0cd49d1291a712ed3bafaa71afb20873e5354f92d3743
000000000053,robot_state.q,phail/v1.0/dataset/rollouts/000000000000/000000000053/robot_state.q.parquet,e7883f609a513588ed165803128dca44,3492097,3492097,5a3160cdcc32c276b08c36ad6c306c708236276177009ec2d69ffedd6525783d,72109,9e13c431dee7465558b1feeef41eef2ad7319759af69cafa198766c393e70521
000000000054,robot_state.error,phail/v1.0/dataset/rollouts/000000000000/000000000054/robot_state.error.parquet,671ef5e16843a943ce978f44e057f2b1,227088,227088,b572df1ebdb0770cce1362c355a06bbdd1c04f4fd0468799f7e991edc20c6af5,28394,d853e68515397e9949f0cd49d1291a712ed3bafaa71afb20873e5354f92d3743
000000000054,robot_state.q,phail/v1.0/dataset/rollouts/000000000000/000000000054/robot_state.q.parquet,2bdc188d201ecb102f6a49b046b68618,1415751,1415751,e19f534e103e8f64b1384a3f470f91cd3909c8b8f4f818f61fed91215ea8d5ae,28394,9e13c431dee7465558b1feeef41eef2ad7319759af69cafa198766c393e70521
000000000055,robot_state.error,phail/v1.0/dataset/rollouts/000000000000/000000000055/robot_state.error.parquet,79440f98ef250caf609802d799b3be8a,564681,564681,4d7e91759efa9b1e2b5b923a338ac2c34f42707c8f5d7dba98884e00cf041b3c,70661,d853e68515397e9949f0cd49d1291a712ed3bafaa71afb20873e5354f92d3743
000000000055,robot_state.q,phail/v1.0/dataset/rollouts/000000000000/000000000055/robot_state.q.parquet,79ee06ebd70b32d2c9a7fa8c7e643f30,3471247,3471247,ec3bd0eb3b877dabe1952aaf7e11eb471b5773d6417778197067a02ac9d92086,70661,9e13c431dee7465558b1feeef41eef2ad7319759af69cafa198766c393e70521
000000000056,robot_state.error,phail/v1.0/dataset/rollouts/000000000000/000000000056/robot_state.error.parquet,7f121f149fe73981f0580e875974d42e,560370,560370,6e30ce8e2203578287bff4979468b32bc3647f804c51b6687b9fefb56835dfde,70065,d853e68515397e9949f0cd49d1291a712ed3bafaa71afb20873e5354f92d3743
000000000056,robot_state.q,phail/v1.0/dataset/rollouts/000000000000/000000000056/robot_state.q.parquet,1d7227065db8885ced7506853abfcfdb,3467997,3467997,99f34a41fe6e43450829471d842354e078e5a6b85f9881157636b63732784b5d,70065,9e13c431dee7465558b1feeef41eef2ad7319759af69cafa198766c393e70521
000000000057,robot_state.error,phail/v1.0/dataset/rollouts/000000000000/000000000057/robot_state.error.parquet,ca0e9a6299019250ab31bee92b376e0a,567449,567449,ab0c96faccbc86623b6686bed22add68617ea111fc4886335f8ea39c52bfa696,71049,d853e68515397e9949f0cd49d1291a712ed3bafaa71afb20873e5354f92d3743
000000000057,robot_state.q,phail/v1.0/dataset/rollouts/000000000000/000000000057/robot_state.q.parquet,c5682031d2c93470edd88c1571542cec,3487426,3487426,e9e372905d353f3ba6f99386a97b93243a042d1c73743ce42fa6d1b07e3b3d09,71049,9e13c431dee7465558b1feeef41eef2ad7319759af69cafa198766c393e70521
000000000058,robot_state.error,phail/v1.0/dataset/rollouts/000000000000/000000000058/robot_state.error.parquet,18dc2a63ab131c83911d66c2ae1a6e8f,601777,601777,0b037f1850b34c2bccfc808cc3cfc82b87994f9467b163d9e910c85e211e2ff7,75493,d853e68515397e9949f0cd49d1291a712ed3bafaa71afb20873e5354f92d3743
000000000058,robot_state.q,phail/v1.0/dataset/rollouts/000000000000/000000000058/robot_state.q.parquet,eb7f35307a4154e7cf7be1f3858a9935,3738400,3738400,c6552e041c44d03e7a6b3b048114fc5a6cf9fc3f37663a9490ec6755f32f80b0,75493,9e13c431dee7465558b1feeef41eef2ad7319759af69cafa198766c393e70521
000000000059,robot_state.error,phail/v1.0/dataset/rollouts/000000000000/000000000059/robot_state.error.parquet,238204b2b18b506b7cd5848438df44e9,594767,594767,070833b9a89d99a11b03bada6a130b9f6f3a71d23914f908aea7507add8ccfe7,74553,d853e68515397e9949f0cd49d1291a712ed3bafaa71afb20873e5354f92d3743
000000000059,robot_state.q,phail/v1.0/dataset/rollouts/000000000000/000000000059/robot_state.q.parquet,88bdfe18127a08fd515b496f06fa3d36,3456135,3456135,9a7b9c854371627868bb7527586101837414ecba1cbd3fafee41bb0669f96e96,74553,9e13c431dee7465558b1feeef41eef2ad7319759af69cafa198766c393e70521
000000000060,robot_state.error,phail/v1.0/dataset/rollouts/000000000000/000000000060/robot_state.error.parquet,21f3596b4a8b4bb6da1b59fd1ebb8dd4,644583,644583,889ba0950c9993bf78583b5a3fe3dea1b73ccb6a3cdd3ff125830e4fc0a320b8,80983,d853e68515397e9949f0cd49d1291a712ed3bafaa71afb20873e5354f92d3743
000000000060,robot_state.q,phail/v1.0/dataset/rollouts/000000000000/000000000060/robot_state.q.parquet,653c8c1b8c5f9c54b742318db8ff62e8,4011149,4011149,30f1d2af1750613e1697a3101c50720a2c72004e0eb89c1df14d3040e4f045b1,80983,9e13c431dee7465558b1feeef41eef2ad7319759af69cafa198766c393e70521
000000000061,robot_state.error,phail/v1.0/dataset/rollouts/000000000000/000000000061/robot_state.error.parquet,f169e01a3be8c4d17a967370064f58c9,522029,522029,e27a825521e48007fdefbbca4212de7119a6c4abc762e5f912d94e0623a688b3,65548,d853e68515397e9949f0cd49d1291a712ed3bafaa71afb20873e5354f92d3743
000000000061,robot_state.q,phail/v1.0/dataset/rollouts/000000000000/000000000061/robot_state.q.parquet,0af74115c62cfd2d42c0bd37fed2dcff,2433089,2433089,7cc8776dcc9800b64b7e27135ee089df74ba916f510bcd4b7e62a3ad900e400f,65548,9e13c431dee7465558b1feeef41eef2ad7319759af69cafa198766c393e70521
000000000062,robot_state.error,phail/v1.0/dataset/rollouts/000000000000/000000000062/robot_state.error.parquet,dd8ea97bbd44e337be7730490d5dabbd,644183,644183,97f75cdba027097c1bab3f52b0e31edc3346ed0efdf668cb1e847cc60153f246,80861,d853e68515397e9949f0cd49d1291a712ed3bafaa71afb20873e5354f92d3743
000000000062,robot_state.q,phail/v1.0/dataset/rollouts/000000000000/000000000062/robot_state.q.parquet,1316f14efbb5ac3ec0b6cdf1b59b2c7b,3011886,3011886,93d323bc39ba8b6d002e36e6b16b725e2d36df095587a00983f39e6cf8c29204,80861,9e13c431dee7465558b1feeef41eef2ad7319759af69cafa198766c393e70521
000000000063,robot_state.error,phail/v1.0/dataset/rollouts/000000000000/000000000063/robot_state.error.parquet,45ca2842db4ddedabe24c34761b94796,613467,613467,5bbcb25793f69adb169d63a808fe9823cb1e86f680b2333bf2d559bc56882a11,77058,d853e68515397e9949f0cd49d1291a712ed3bafaa71afb20873e5354f92d3743
000000000063,robot_state.q,phail/v1.0/dataset/rollouts/000000000000/000000000063/robot_state.q.parquet,b67cfc1e7f727264a9cb08a3f28315e3,3314807,3314807,dd9fc768ec540cede3569560eb241b96b2437ff037ed0847d7d1f7b8b095fb63,77058,9e13c431dee7465558b1feeef41eef2ad7319759af69cafa198766c393e70521
000000000064,robot_state.error,phail/v1.0/dataset/rollouts/000000000000/000000000064/robot_state.error.parquet,1ae77533dbe5b3d08506e3b7c7910db9,261673,261673,54dbfcebc8dccf7eb0129b9c86cd597cd13c6800131d7201942e497d43b5d0f2,32828,d853e68515397e9949f0cd49d1291a712ed3bafaa71afb20873e5354f92d3743
000000000064,robot_state.q,phail/v1.0/dataset/rollouts/000000000000/000000000064/robot_state.q.parquet,98de621099cd9114616fa50c3e8abcbf,1621959,1621959,25415832c815c1c4fdcae756014f3765935a868db2058a6d7cfea0871f066d9f,32828,9e13c431dee7465558b1feeef41eef2ad7319759af69cafa198766c393e70521
000000000065,robot_state.error,phail/v1.0/dataset/rollouts/000000000000/000000000065/robot_state.error.parquet,64c09f9898891dbeef676471a5841a89,554292,554292,54b5d4463f769f0d87f7b7fc38e93770589192b75f4a13e7362ba011c0a3ec79,69316,d853e68515397e9949f0cd49d1291a712ed3bafaa71afb20873e5354f92d3743
000000000065,robot_state.q,phail/v1.0/dataset/rollouts/000000000000/000000000065/robot_state.q.parquet,05896b3b51e2449d39057c4bb757b91f,2420700,2420700,88495c073947d1a28687151c26d7dc5202fd34634fdeb0d5da55dc5a78c80f1f,69316,9e13c431dee7465558b1feeef41eef2ad7319759af69cafa198766c393e70521
000000000066,robot_state.error,phail/v1.0/dataset/rollouts/000000000000/000000000066/robot_state.error.parquet,49f6f6c796d12760e2eb358f0487ffd8,628571,628571,f0a148ee700d8b4702f4e27fafb546d86bd47d4e4950b7677d48893f922400b2,78901,d853e68515397e9949f0cd49d1291a712ed3bafaa71afb20873e5354f92d3743
000000000066,robot_state.q,phail/v1.0/dataset/rollouts/000000000000/000000000066/robot_state.q.parquet,21a8ab40920f78505e05f250d516d24b,3904342,3904342,0d763c8bdd78f6c85b0773ea9464d3c8ca8e2ef492faaf3f7a294b9361eb8c6d,78901,9e13c431dee7465558b1feeef41eef2ad7319759af69cafa198766c393e70521
000000000067,robot_state.error,phail/v1.0/dataset/rollouts/000000000000/000000000067/robot_state.error.parquet,e07350756e3984cbe8348a9540ef3ac5,621039,621039,fb03ff6fe87743a3a46ff5afe51729eec13e9cb87a1f16cd674d4c10d5324ea0,78047,d853e68515397e9949f0cd49d1291a712ed3bafaa71afb20873e5354f92d3743
000000000067,robot_state.q,phail/v1.0/dataset/rollouts/000000000000/000000000067/robot_state.q.parquet,a5b53f843a64cd058c5bb2b743cae4f8,3774631,3774631,10583efa11a6f1cfa26f1343c164e804cd969f217af08a9cff1fcd155d1bfdea,78047,9e13c431dee7465558b1feeef41eef2ad7319759af69cafa198766c393e70521
000000000068,robot_state.error,phail/v1.0/dataset/rollouts/000000000000/000000000068/robot_state.error.parquet,c8fceae241f62c9cae5688d1206868f1,602162,602162,dfdcc56942ae5f1da981c70803ed71aa28183c8e4158c9a10b089b9bc7a09be8,75600,d853e68515397e9949f0cd49d1291a712ed3bafaa71afb20873e5354f92d3743
000000000068,robot_state.q,phail/v1.0/dataset/rollouts/000000000000/000000000068/robot_state.q.parquet,f1e06fe8f287a0d3188e733ffcdd7062,3545330,3545330,4becea0fafab6085b25ab1f0451ed5648837e5714150f4eb056459bb457f6914,75600,9e13c431dee7465558b1feeef41eef2ad7319759af69cafa198766c393e70521
000000000069,robot_state.error,phail/v1.0/dataset/rollouts/000000000000/000000000069/robot_state.error.parquet,bb736f85415f79b91f28b88838bdf14b,386642,386642,154a9da27c4dfefde9f6640e424786a51121d28dee9762d13738ee864c787ad0,48487,d853e68515397e9949f0cd49d1291a712ed3bafaa71afb20873e5354f92d3743
000000000069,robot_state.q,phail/v1.0/dataset/rollouts/000000000000/000000000069/robot_state.q.parquet,b04dcdd9f4d4a77607a6d01359d1adac,2322688,2322688,8aec752bd5efa6f2239c7973f2ce8fd681f7a1ceb8d1f95203dbfbc8f1550c4d,48487,9e13c431dee7465558b1feeef41eef2ad7319759af69cafa198766c393e70521
000000000070,robot_state.error,phail/v1.0/dataset/rollouts/000000000000/000000000070/robot_state.error.parquet,fe6e989c4a3fa2895af17d809906df65,611489,611489,a0fc7a099075eb44f65f8353afaddab881c687b80d407f21d801a7846777b8cc,76817,d853e68515397e9949f0cd49d1291a712ed3bafaa71afb20873e5354f92d3743
000000000070,robot_state.q,phail/v1.0/dataset/rollouts/000000000000/000000000070/robot_state.q.parquet,3ea7fb116f775117bfc784aea311e0d4,3675769,3675769,8fc5a24fe02c4684cc5e2b6028167230b615952a53ab778beafb7ea0636553eb,76817,9e13c431dee7465558b1feeef41eef2ad7319759af69cafa198766c393e70521
000000000071,robot_state.error,phail/v1.0/dataset/rollouts/000000000000/000000000071/robot_state.error.parquet,6ea79e8c8d92cd2dea193a08c2f5c89d,633650,633650,655b071a98402445108dcef4f2939dbf9781910bfed8c28c0939834b4788f3ec,79582,d853e68515397e9949f0cd49d1291a712ed3bafaa71afb20873e5354f92d3743
000000000071,robot_state.q,phail/v1.0/dataset/rollouts/000000000000/000000000071/robot_state.q.parquet,542d9a41fcbeb04a3293ff5621c2d795,3849985,3849985,0ec6721e5b7b06b3263abe0361904cba567d98eabeff7b8714311c2fb79f70a5,79582,9e13c431dee7465558b1feeef41eef2ad7319759af69cafa198766c393e70521
000000000072,robot_state.error,phail/v1.0/dataset/rollouts/000000000000/000000000072/robot_state.error.parquet,cd05b983df1911bca58f9733f8f927c2,131087,131087,36b4f87f2c18a9ff64d657f0d668a8798d1fd1725b3521efa70f08cfaf594933,16436,d853e68515397e9949f0cd49d1291a712ed3bafaa71afb20873e5354f92d3743
000000000072,robot_state.q,phail/v1.0/dataset/rollouts/000000000000/000000000072/robot_state.q.parquet,53669d2e80428fd0e731e7ada8b70989,588145,588145,ac069232c91b6d9b23a064f3ee2815fa8dccaf6477532427d12f4fff39b03789,16436,9e13c431dee7465558b1feeef41eef2ad7319759af69cafa198766c393e70521
000000000073,robot_state.error,phail/v1.0/dataset/rollouts/000000000000/000000000073/robot_state.error.parquet,b8c64421b18bf8012dab28f90bda0466,565433,565433,80ef48c82fcd39282de86fb6fbb3229ae5e28300216f3515712b37b3abba1d78,70734,d853e68515397e9949f0cd49d1291a712ed3bafaa71afb20873e5354f92d3743
000000000073,robot_state.q,phail/v1.0/dataset/rollouts/000000000000/000000000073/robot_state.q.parquet,c1c8efa764e330ec104f19520bacc995,1825035,1825035,71d0e44bde26dc0baa7f4c5551f9ce90300ef9e461be05239de7329e0fa686f5,70734,9e13c431dee7465558b1feeef41eef2ad7319759af69cafa198766c393e70521
000000000074,robot_state.error,phail/v1.0/dataset/rollouts/000000000000/000000000074/robot_state.error.parquet,568ba5a1d5214232bf0b83bbac00c269,522011,522011,29adc27ef03bd28d12a6c563bfc86f2c1997ab8483fd6d8a5b1c5ecdb6405517,65325,d853e68515397e9949f0cd49d1291a712ed3bafaa71afb20873e5354f92d3743
000000000074,robot_state.q,phail/v1.0/dataset/rollouts/000000000000/000000000074/robot_state.q.parquet,3d974258f6d4b4114eb8c7a9d167ad8d,2034705,2034705,64f03c4663c8821ff0464e3da6106cf39d5422b3980eb5a7b0134f4487eee7ef,65325,9e13c431dee7465558b1feeef41eef2ad7319759af69cafa198766c393e70521
000000000075,robot_state.error,phail/v1.0/dataset/rollouts/000000000000/000000000075/robot_state.error.parquet,57cd194c2e11b5a4d5f0022234f76634,414719,414719,9b195d0a9a752b79c0b4578ba4d6a16d74b5f933f94ffdc71c1145739c8680cf,51942,d853e68515397e9949f0cd49d1291a712ed3bafaa71afb20873e5354f92d3743
000000000075,robot_state.q,phail/v1.0/dataset/rollouts/000000000000/000000000075/robot_state.q.parquet,ad57968bdd5c19e4b6181f5e65a2f34b,1393350,1393350,edc624bf69a846abf0e81fa278db6c0496b0ae830fc767d5c71bc757cba52fc7,51942,9e13c431dee7465558b1feeef41eef2ad7319759af69cafa198766c393e70521
000000000076,robot_state.error,phail/v1.0/dataset/rollouts/000000000000/000000000076/robot_state.error.parquet,54b4f0192f71332f5355accce9944281,625461,625461,0dc5577eea87a4144bf3dfd660253f396ee13512d635e6560fa9dc336ca0d219,78485,d853e68515397e9949f0cd49d1291a712ed3bafaa71afb20873e5354f92d3743
000000000076,robot_state.q,phail/v1.0/dataset/rollouts/000000000000/000000000076/robot_state.q.parquet,7029f72b2362429db079442aca288d6e,3503975,3503975,ce7f552944be674b31619130ffb7dcf63d3383d54ea852525abb81b96ddd8b38,78485,9e13c431dee7465558b1feeef41eef2ad7319759af69cafa198766c393e70521
000000000077,robot_state.error,phail/v1.0/dataset/rollouts/000000000000/000000000077/robot_state.error.parquet,a870b2757d6d97f827e810c2088a0abb,263561,263561,893637b82243f082ba1238a8b4a529565a319b6830d13b71543fbf472ade8ea9,33071,d853e68515397e9949f0cd49d1291a712ed3bafaa71afb20873e5354f92d3743
000000000077,robot_state.q,phail/v1.0/dataset/rollouts/000000000000/000000000077/robot_state.q.parquet,819c9bc0a18f96289b6b274919da9203,881751,881751,65ea715299449f5735e5a06fb8c9ea0230a103393c1963ede09c36fb13110a69,33071,9e13c431dee7465558b1feeef41eef2ad7319759af69cafa198766c393e70521
000000000078,robot_state.error,phail/v1.0/dataset/rollouts/000000000000/000000000078/robot_state.error.parquet,0e2dcdf575892e11f7edfa23530269a9,634304,634304,9bdb07f963e82d9384898bf8efa1e221d5d6722c23b4771d000acf438263f5f2,79624,d853e68515397e9949f0cd49d1291a712ed3bafaa71afb20873e5354f92d3743
000000000078,robot_state.q,phail/v1.0/dataset/rollouts/000000000000/000000000078/robot_state.q.parquet,c388a5cd4d7c1fd0f47060eba80bf03c,3458652,3458652,1d41fd89467622d2d5458f99b9c5f9b5f320adf8e26cfaedd2daf6c99cb4e31d,79624,9e13c431dee7465558b1feeef41eef2ad7319759af69cafa198766c393e70521
000000000079,robot_state.error,phail/v1.0/dataset/rollouts/000000000000/000000000079/robot_state.error.parquet,f8937bbd8c7623774638a9912378b927,647860,647860,833b220903bfc99d79d2bfdcde87454b5fb5391bb44bda06145e6c39131f0323,81355,d853e68515397e9949f0cd49d1291a712ed3bafaa71afb20873e5354f92d3743
000000000079,robot_state.q,phail/v1.0/dataset/rollouts/000000000000/000000000079/robot_state.q.parquet,5257cd1281ba45280515e9c95922b5b6,3321390,3321390,b0cb2ae16067258b605276add8e3aae667f0616245659322f5d527a349ecb088,81355,9e13c431dee7465558b1feeef41eef2ad7319759af69cafa198766c393e70521
000000000080,robot_state.error,phail/v1.0/dataset/rollouts/000000000000/000000000080/robot_state.error.parquet,eaf92901bcf09cf51188154c2d290a17,704575,704575,92232a69777383d5cd04747efd52443757e6a1db6e4f81cef9810f9f3a52a91a,88491,d853e68515397e9949f0cd49d1291a712ed3bafaa71afb20873e5354f92d3743
000000000080,robot_state.q,phail/v1.0/dataset/rollouts/000000000000/000000000080/robot_state.q.parquet,3dc5e30966a5e0a156bb97305f7acaa3,2211791,2211791,fe5f5f6b9318af087909e47cb86f06fd3457e50cafa7c8f30c8e6830a40390b1,88491,9e13c431dee7465558b1feeef41eef2ad7319759af69cafa198766c393e70521
000000000081,robot_state.error,phail/v1.0/dataset/rollouts/000000000000/000000000081/robot_state.error.parquet,fb3143b9c696684d3d3f48afe738c2f0,643431,643431,b9c54ea0167c51f9a5a24a647ad1262398e823ef45e083e295bbc20fd7b6096e,80787,d853e68515397e9949f0cd49d1291a712ed3bafaa71afb20873e5354f92d3743
000000000081,robot_state.q,phail/v1.0/dataset/rollouts/000000000000/000000000081/robot_state.q.parquet,51e1785096d9b995603f862392c99936,3619437,3619437,b597927b41975f065cf8469402a318a80f2ea825d83a2b1cf6b148060a16b562,80787,9e13c431dee7465558b1feeef41eef2ad7319759af69cafa198766c393e70521
000000000082,robot_state.error,phail/v1.0/dataset/rollouts/000000000000/000000000082/robot_state.error.parquet,f49902070bf4dacb25253729464a99d5,605414,605414,9c465427d5fafe4d4b24c87caa18c928aa6779251302ec33cf68707ac79c5a64,75923,d853e68515397e9949f0cd49d1291a712ed3bafaa71afb20873e5354f92d3743
000000000082,robot_state.q,phail/v1.0/dataset/rollouts/000000000000/000000000082/robot_state.q.parquet,b8031f4d38725fb26d1598520082f133,1814069,1814069,07811692493945301cc289c0e9e95754db979a113627b2570f4a30955db99b71,75923,9e13c431dee7465558b1feeef41eef2ad7319759af69cafa198766c393e70521
000000000083,robot_state.error,phail/v1.0/dataset/rollouts/000000000000/000000000083/robot_state.error.parquet,4310034f01b22dd97fccbad9c7d92b57,642767,642767,de2228b666d041b45b2fef7595dd2a54159a0abf65c657077460c94aa2ef0b72,80711,d853e68515397e9949f0cd49d1291a712ed3bafaa71afb20873e5354f92d3743
000000000083,robot_state.q,phail/v1.0/dataset/rollouts/000000000000/000000000083/robot_state.q.parquet,b86db582cf4f8f37309726348aabbc13,3891987,3891987,6a5ca4bd8fdd2f7643f252cdb8da5c0690ee835bccb9a527b75a046df295314f,80711,9e13c431dee7465558b1feeef41eef2ad7319759af69cafa198766c393e70521
000000000084,robot_state.error,phail/v1.0/dataset/rollouts/000000000000/000000000084/robot_state.error.parquet,e9b0c03fd88a2848a9e56764862b9645,554116,554116,7eecafb56070a7e795bedca03a2f9d8e74187051edaf0f75c1b88d1fb1bfcf35,69344,d853e68515397e9949f0cd49d1291a712ed3bafaa71afb20873e5354f92d3743
000000000084,robot_state.q,phail/v1.0/dataset/rollouts/000000000000/000000000084/robot_state.q.parquet,a65835c83a36d20b43a110c408f8c65f,2762295,2762295,b85fe593f356827df5311ee2a537a38f904f0ef9e9fb430da252cfb23904efd0,69344,9e13c431dee7465558b1feeef41eef2ad7319759af69cafa198766c393e70521
000000000085,robot_state.error,phail/v1.0/dataset/rollouts/000000000000/000000000085/robot_state.error.parquet,acdf4fdc0fc1bcb218522ecdde7210da,731554,731554,0d192e6a0feeccb5613b278da2ea136260ff68f262664066b3942d1e68fdfbe7,92005,d853e68515397e9949f0cd49d1291a712ed3bafaa71afb20873e5354f92d3743
000000000085,robot_state.q,phail/v1.0/dataset/rollouts/000000000000/000000000085/robot_state.q.parquet,d050fabafb02bf8e716aa57270476abc,1776790,1776790,073cc794f33996f0b68bf1971e7bcae4cea2ab1c7ec03b022cac5c61e7d8333e,92005,9e13c431dee7465558b1feeef41eef2ad7319759af69cafa198766c393e70521
000000000086,robot_state.error,phail/v1.0/dataset/rollouts/000000000000/000000000086/robot_state.error.parquet,2481d573350ea4fbbee34f43bf2faa5b,656915,656915,aae34620be8d04b5ca27675e347eea530566904e7382b48c5fdcdbc2418cebcd,82558,d853e68515397e9949f0cd49d1291a712ed3bafaa71afb20873e5354f92d3743
000000000086,robot_state.q,phail/v1.0/dataset/rollouts/000000000000/000000000086/robot_state.q.parquet,14c57a9238220e880642691a3298a28b,3589486,3589486,56f6eaa575b8de0a65d2432e9144b111a93b68a457e2a1dfacd582c4ff97468f,82558,9e13c431dee7465558b1feeef41eef2ad7319759af69cafa198766c393e70521
000000000087,robot_state.error,phail/v1.0/dataset/rollouts/000000000000/000000000087/robot_state.error.parquet,a7a6954796e31e65cf578d1b20f29de1,568565,568565,9e0a7db0779e83372b71be8af02ff2084372c66fba015f1d84c92103d6c66974,71447,d853e68515397e9949f0cd49d1291a712ed3bafaa71afb20873e5354f92d3743
000000000087,robot_state.q,phail/v1.0/dataset/rollouts/000000000000/000000000087/robot_state.q.parquet,9ee0ff8942fbacaa7b1c0ae89d17ed0f,3533484,3533484,c2d01ece16d8398ddfdbfc00daea144044e1dc6be2a9528cb613e7b902c5f721,71447,9e13c431dee7465558b1feeef41eef2ad7319759af69cafa198766c393e70521
000000000088,robot_state.error,phail/v1.0/dataset/rollouts/000000000000/000000000088/robot_state.error.parquet,56cc2d99793cfc2cff42aed13d721e05,75803,75803,1a438a40fed165db2ee45570ed9aef030ee3368307e22c75d893ff3bad7180ff,9460,d853e68515397e9949f0cd49d1291a712ed3bafaa71afb20873e5354f92d3743
000000000088,robot_state.q,phail/v1.0/dataset/rollouts/000000000000/000000000088/robot_state.q.parquet,e747972d988416b73a39e82a224b3c5a,412437,412437,d14a518539dd74ad28910fd779d3dd8a87fbfc2bd10c9212c381d1929d23e258,9460,9e13c431dee7465558b1feeef41eef2ad7319759af69cafa198766c393e70521
000000000089,robot_state.error,phail/v1.0/dataset/rollouts/000000000000/000000000089/robot_state.error.parquet,b245ce58c0dcadf5acee24ad542851bc,643451,643451,c280405fdd99ea760f373ba15e3e7f63930e7434a9ae2fb988923910b6e00233,80805,d853e68515397e9949f0cd49d1291a712ed3bafaa71afb20873e5354f92d3743
000000000089,robot_state.q,phail/v1.0/dataset/rollouts/000000000000/000000000089/robot_state.q.parquet,9cf13aba9d6461cbb91f31195b2e166a,3935829,3935829,ef9ca80ef564f8e0a6bb756234ee1fa849c62f5a21b4af5cb929c6384454cc64,80805,9e13c431dee7465558b1feeef41eef2ad7319759af69cafa198766c393e70521
000000000090,robot_state.error,phail/v1.0/dataset/rollouts/000000000000/000000000090/robot_state.error.parquet,312a36bc1d720faf5450f1a48314b701,639317,639317,93f8840927e0da4a1ad16e4d2f08aa14f94faafee237d856d4896576574774a5,80245,d853e68515397e9949f0cd49d1291a712ed3bafaa71afb20873e5354f92d3743
000000000090,robot_state.q,phail/v1.0/dataset/rollouts/000000000000/000000000090/robot_state.q.parquet,3570eba785e3ef25ef35648b67eb663b,3710198,3710198,d2b9ae03e2c0a7b05b4b5a4a511bf25e84314dc1db967c1c813d76e28eef0894,80245,9e13c431dee7465558b1feeef41eef2ad7319759af69cafa198766c393e70521
000000000091,robot_state.error,phail/v1.0/dataset/rollouts/000000000000/000000000091/robot_state.error.parquet,c8c84b030c8a80531c0130d8040e9410,612467,612467,b91e9d691ff8d6caf551183c849da644c959fb1c9a1afc1e681362e194349b87,76939,d853e68515397e9949f0cd49d1291a712ed3bafaa71afb20873e5354f92d3743
000000000091,robot_state.q,phail/v1.0/dataset/rollouts/000000000000/000000000091/robot_state.q.parquet,3eaeb1f88ec3cd78b844795d1d21335e,3817720,3817720,abcb82eb15d883cfc5517a0c83f1a0df17ab617660e4de51780bdf34483908e0,76939,9e13c431dee7465558b1feeef41eef2ad7319759af69cafa198766c393e70521
000000000092,robot_state.error,phail/v1.0/dataset/rollouts/000000000000/000000000092/robot_state.error.parquet,2db7adbbb246691570091ecf27c3f666,399347,399347,8fce37cfc83e23baea01085a876917ab035f384a5c7a2de8ace9af7f8bdf30d7,50047,d853e68515397e9949f0cd49d1291a712ed3bafaa71afb20873e5354f92d3743
000000000092,robot_state.q,phail/v1.0/dataset/rollouts/000000000000/000000000092/robot_state.q.parquet,9de31b46475de25498fc7576bf13f6db,2442175,2442175,0ab1b94b3db2fa28a6629f1c562a48497c3e335ff3788a58f2510e464c04e07f,50047,9e13c431dee7465558b1feeef41eef2ad7319759af69cafa198766c393e70521
000000000093,robot_state.error,phail/v1.0/dataset/rollouts/000000000000/000000000093/robot_state.error.parquet,70743903a07192e41736bbfc4daab15b,596142,596142,850c4c1548a095d431d2ca8fafd41b7b0cd87c25d1a52abe8e066cf7a7f88ca1,74819,d853e68515397e9949f0cd49d1291a712ed3bafaa71afb20873e5354f92d3743
000000000093,robot_state.q,phail/v1.0/dataset/rollouts/000000000000/000000000093/robot_state.q.parquet,2a91f30a914aee2ef7b9666839134bc3,3719193,3719193,cf0b86817fb0c95d622178b807ddeb2c44120ea745ec68937ef36f7855e826ee,74819,9e13c431dee7465558b1feeef41eef2ad7319759af69cafa198766c393e70521
000000000094,robot_state.error,phail/v1.0/dataset/rollouts/000000000000/000000000094/robot_state.error.parquet,f84e6c9dfe9290cf237c965a48430029,645884,645884,56bdb09bf10d5baf5814dec2c6dff59b5eca6a89c8cc3eb5d80b48260165497e,81078,d853e68515397e9949f0cd49d1291a712ed3bafaa71afb20873e5354f92d3743
000000000094,robot_state.q,phail/v1.0/dataset/rollouts/000000000000/000000000094/robot_state.q.parquet,95fd5cfe0a88acc40617036e26337a7c,3082491,3082491,3ae78f6deff5849093b6ae17bb30ae323859248cd6f0fceffb88879bfe2df934,81078,9e13c431dee7465558b1feeef41eef2ad7319759af69cafa198766c393e70521
000000000095,robot_state.error,phail/v1.0/dataset/rollouts/000000000000/000000000095/robot_state.error.parquet,afd548eda5c74ccbff60ff0607f06f22,680444,680444,9809201edd12be109b841c38422de4d4c9ba14ab08006821323d226c056167d4,85475,d853e68515397e9949f0cd49d1291a712ed3bafaa71afb20873e5354f92d3743
000000000095,robot_state.q,phail/v1.0/dataset/rollouts/000000000000/000000000095/robot_state.q.parquet,8d742883dd1d318c72948c4727d14525,2085281,2085281,6329b341ef40802d4a12980de60c5a34d7ce91e54baffc415c5cc59a18ff26fe,85475,9e13c431dee7465558b1feeef41eef2ad7319759af69cafa198766c393e70521
000000000096,robot_state.error,phail/v1.0/dataset/rollouts/000000000000/000000000096/robot_state.error.parquet,bbf8abb5e0825e6762b30fffc8cb4ace,717201,717201,8859ad67fe0ce4702e5e1120ab5d30d860a9d5f26d23e4af22d80ee49314434e,90051,d853e68515397e9949f0cd49d1291a712ed3bafaa71afb20873e5354f92d3743
000000000096,robot_state.q,phail/v1.0/dataset/rollouts/000000000000/000000000096/robot_state.q.parquet,2fb56b01b73d8934677b2fbe7566505a,1905311,1905311,64e6e7599f6673079912d5e297c66c83a44c864b6c0c89c048725542b067d077,90051,9e13c431dee7465558b1feeef41eef2ad7319759af69cafa198766c393e70521
000000000097,robot_state.error,phail/v1.0/dataset/rollouts/000000000000/000000000097/robot_state.error.parquet,23e782c3811caa78486345f0bef665e1,583932,583932,8d49372c363e4097af889444abdfad645dd61c7855fc48c63e1c468fd3ae0dbc,73277,d853e68515397e9949f0cd49d1291a712ed3bafaa71afb20873e5354f92d3743
000000000097,robot_state.q,phail/v1.0/dataset/rollouts/000000000000/000000000097/robot_state.q.parquet,1abfdc392f3b33bf949c043d205ede6b,3640184,3640184,28637aa0b1075e6632732fbd355f93b21767a48b23acb395a0b4cfa7592b5450,73277,9e13c431dee7465558b1feeef41eef2ad7319759af69cafa198766c393e70521
000000000098,robot_state.error,phail/v1.0/dataset/rollouts/000000000000/000000000098/robot_state.error.parquet,834c9ac0025937a2cdd4d784e629915a,482958,482958,35f1177db0ae98c66936066f2a92d76d3884e47b6f1bb02b6f6b4142a67736ad,60232,d853e68515397e9949f0cd49d1291a712ed3bafaa71afb20873e5354f92d3743
000000000098,robot_state.q,phail/v1.0/dataset/rollouts/000000000000/000000000098/robot_state.q.parquet,7d2359bc296ee5af4c86ae6757528dfc,2709345,2709345,6ac36e3eb9da258ca0678fb44f0390d1ae737a14597fcb507903268a982a384a,60232,9e13c431dee7465558b1feeef41eef2ad7319759af69cafa198766c393e70521
000000000099,robot_state.error,phail/v1.0/dataset/rollouts/000000000000/000000000099/robot_state.error.parquet,bbf0cae8a09b5620b6134abee11dcf63,574201,574201,eeeb2ab555fdd98e219bcde1c549a454cd20d191e581a95e2aff6f8c59414a77,72014,d853e68515397e9949f0cd49d1291a712ed3bafaa71afb20873e5354f92d3743
000000000099,robot_state.q,phail/v1.0/dataset/rollouts/000000000000/000000000099/robot_state.q.parquet,c00233caef7b5034b7aad25979c448e0,3553878,3553878,12693561f6a2749441b1027b9d971d3d43140fd5e39ad291c8f1875d2291c59d,72014,9e13c431dee7465558b1feeef41eef2ad7319759af69cafa198766c393e70521
000000000100,robot_state.error,phail/v1.0/dataset/rollouts/000000000000/000000000100/robot_state.error.parquet,abf0f8db3231cef74cfd147ecbd394e9,394555,394555,729fcb4bf4497d66ab0e554e5e8525c8abaa45b96d5136c37c92ba32fcab0921,49337,d853e68515397e9949f0cd49d1291a712ed3bafaa71afb20873e5354f92d3743
000000000100,robot_state.q,phail/v1.0/dataset/rollouts/000000000000/000000000100/robot_state.q.parquet,6d1217bc6ee168bc1d7869a0ca24834d,1138234,1138234,54b4679063f0e6f28d097072543f05ed6ebb7e6cd353966742f0f18289ac02fb,49337,9e13c431dee7465558b1feeef41eef2ad7319759af69cafa198766c393e70521
000000000101,robot_state.error,phail/v1.0/dataset/rollouts/000000000000/000000000101/robot_state.error.parquet,c106525677f84efc1d76bcd202f9f966,565780,565780,1728efd3ec6944e10b389e4a43b67497034d64516ed5175323cba5d2e94a0da0,70891,d853e68515397e9949f0cd49d1291a712ed3bafaa71afb20873e5354f92d3743
000000000101,robot_state.q,phail/v1.0/dataset/rollouts/000000000000/000000000101/robot_state.q.parquet,1dc21614a44a97899c38b63586d271d4,3536277,3536277,641b66f60dc0d11b2d819eebdf2580c55b5838571d19f978980c3cc954894e2d,70891,9e13c431dee7465558b1feeef41eef2ad7319759af69cafa198766c393e70521
000000000102,robot_state.error,phail/v1.0/dataset/rollouts/000000000000/000000000102/robot_state.error.parquet,486f2eba41944fac8fdcf3b59f7089a3,729817,729817,1d8ce8538ca9a99298d22be011cff15b8ef92b3d7ab4d17b1891a0d3d532d9f7,91764,d853e68515397e9949f0cd49d1291a712ed3bafaa71afb20873e5354f92d3743
000000000102,robot_state.q,phail/v1.0/dataset/rollouts/000000000000/000000000102/robot_state.q.parquet,741d8c0ef009535ee94097f7501afcc7,1829766,1829766,5d50d596e329f76aa67ec5df09695225159714ada4edf78040c79528604b202f,91764,9e13c431dee7465558b1feeef41eef2ad7319759af69cafa198766c393e70521
000000000103,robot_state.error,phail/v1.0/dataset/rollouts/000000000000/000000000103/robot_state.error.parquet,b595012c87fe01874e2699ab83e3387d,596726,596726,b5e5d87236b8838d81e93e8ddb46869169d6ee8d69da4495d20ab35e60293604,74890,d853e68515397e9949f0cd49d1291a712ed3bafaa71afb20873e5354f92d3743
000000000103,robot_state.q,phail/v1.0/dataset/rollouts/000000000000/000000000103/robot_state.q.parquet,74d0b53934da5f7c8ba27366159244b4,3707198,3707198,cd9acccd788c530acf2ed2dd2c3531eb00d7438b4c543260ea59fd50a17aa62a,74890,9e13c431dee7465558b1feeef41eef2ad7319759af69cafa198766c393e70521
000000000104,robot_state.error,phail/v1.0/dataset/rollouts/000000000000/000000000104/robot_state.error.parquet,43101e623c453db3fb3e7bc766a816f5,579537,579537,b422464ccdca74e29bc6b63a99a0d613d03e62f719c5acab507f46acd5250db0,72687,d853e68515397e9949f0cd49d1291a712ed3bafaa71afb20873e5354f92d3743
000000000104,robot_state.q,phail/v1.0/dataset/rollouts/000000000000/000000000104/robot_state.q.parquet,c172bd8361346d7789edfcfcad504ac5,3622273,3622273,d7e272181cad4b6cdb75c95d5d6ca1ceed0d83a3f5986e023b9e27e080f2cf6c,72687,9e13c431dee7465558b1feeef41eef2ad7319759af69cafa198766c393e70521
000000000105,robot_state.error,phail/v1.0/dataset/rollouts/000000000000/000000000105/robot_state.error.parquet,0f4fd9298e7101d966c1ee4fbc63ac70,581202,581202,92b28c5ee527cb3db7b603e2434914a90f0843181fc49bf85edc7c849fee5630,72892,d853e68515397e9949f0cd49d1291a712ed3bafaa71afb20873e5354f92d3743
000000000105,robot_state.q,phail/v1.0/dataset/rollouts/000000000000/000000000105/robot_state.q.parquet,19f15adb71ac2e073a725b157da927d2,3561029,3561029,d00c5ac2faa31d6bd1d604739088d5e9408126ba22d9b64dd4b3ad9890826c00,72892,9e13c431dee7465558b1feeef41eef2ad7319759af69cafa198766c393e70521
000000000106,robot_state.error,phail/v1.0/dataset/rollouts/000000000000/000000000106/robot_state.error.parquet,1df49c722ac5343c5387ed62528e6927,569116,569116,ccaa3a3d8713abee2121020a5e1f4ba020daf6ab9222defb1ad28952e3426d8e,71316,d853e68515397e9949f0cd49d1291a712ed3bafaa71afb20873e5354f92d3743
000000000106,robot_state.q,phail/v1.0/dataset/rollouts/000000000000/000000000106/robot_state.q.parquet,0d9dbc5a09433c6af6de03f924d7101d,3322825,3322825,aefa0ccf0b563a22bc373f340f89a99b5ff469e8afc6e47d4e26e7474de34891,71316,9e13c431dee7465558b1feeef41eef2ad7319759af69cafa198766c393e70521
000000000107,robot_state.error,phail/v1.0/dataset/rollouts/000000000000/000000000107/robot_state.error.parquet,68886e4292e92b9aad806bc14941360c,571155,571155,7d5bfab2c2d7e8b5c4e3f43715042b025c3aaa373f3efb9526ec9eaf54e6613e,71582,d853e68515397e9949f0cd49d1291a712ed3bafaa71afb20873e5354f92d3743
000000000107,robot_state.q,phail/v1.0/dataset/rollouts/000000000000/000000000107/robot_state.q.parquet,bbf659cbbf2674ecf235f5a475887c85,3566117,3566117,ea0da906b06354f32ae5f36f7685a45524b5e24bff5e211cb780f3013fb9a074,71582,9e13c431dee7465558b1feeef41eef2ad7319759af69cafa198766c393e70521
000000000108,robot_state.error,phail/v1.0/dataset/rollouts/000000000000/000000000108/robot_state.error.parquet,f55338acbd79e5ec4239ec202000e489,440393,440393,022600ece80357e8b379e2286dca55941ffd910a9954d23dd1103489061739d0,54877,d853e68515397e9949f0cd49d1291a712ed3bafaa71afb20873e5354f92d3743
000000000108,robot_state.q,phail/v1.0/dataset/rollouts/000000000000/000000000108/robot_state.q.parquet,11dfd1146374481c38de69c726adcc77,2700444,2700444,0857376e9517abaaad2dd758149c15bd1d2bb96dcc10c8e3bf4e017917b5786a,54877,9e13c431dee7465558b1feeef41eef2ad7319759af69cafa198766c393e70521
000000000109,robot_state.error,phail/v1.0/dataset/rollouts/000000000000/000000000109/robot_state.error.parquet,8b58dcc84bd26279813445320b71c1a4,37814,37814,44c7d74a9da4bea219c9ca984cd26392f3ac81001e2f85e682e292e19d3bba55,4744,d853e68515397e9949f0cd49d1291a712ed3bafaa71afb20873e5354f92d3743
000000000109,robot_state.q,phail/v1.0/dataset/rollouts/000000000000/000000000109/robot_state.q.parquet,5bfc479f81d028ccfa0c12ad9a802f7b,229076,229076,f2f341c28a38849f23da22bac76c85fc0338e36e8cf054e274b07c4cde2895b1,4744,9e13c431dee7465558b1feeef41eef2ad7319759af69cafa198766c393e70521
000000000110,robot_state.error,phail/v1.0/dataset/rollouts/000000000000/000000000110/robot_state.error.parquet,b5bda2c5a81dc84787057e76703e7e3e,561172,561172,0ef10e544a4ee28a5109929e6f9436b79a41698c0c22b381b1a69533723f62b0,70231,d853e68515397e9949f0cd49d1291a712ed3bafaa71afb20873e5354f92d3743
000000000110,robot_state.q,phail/v1.0/dataset/rollouts/000000000000/000000000110/robot_state.q.parquet,55efbd1e5525a9027d3a0ee828583957,3528332,3528332,c30cdd0f5fcb2930d17ce3eef022b06df34f40de00804edadb4998893ec3073b,70231,9e13c431dee7465558b1feeef41eef2ad7319759af69cafa198766c393e70521
000000000111,robot_state.error,phail/v1.0/dataset/rollouts/000000000000/000000000111/robot_state.error.parquet,109d533b0ada73e1593a861bacd34f31,470991,470991,0681dbae28dfe9df7bbc387b15ca94f42c7698f6edad652ee49160ffee59d5bc,58689,d853e68515397e9949f0cd49d1291a712ed3bafaa71afb20873e5354f92d3743
000000000111,robot_state.q,phail/v1.0/dataset/rollouts/000000000000/000000000111/robot_state.q.parquet,09034d540a47ce1f454205d21d384eb7,2754560,2754560,a3a05bd81746d1b923b646e4e2bf50d96c1ee6a3f4b8125d46d30a75a00d8330,58689,9e13c431dee7465558b1feeef41eef2ad7319759af69cafa198766c393e70521
000000000112,robot_state.error,phail/v1.0/dataset/rollouts/000000000000/000000000112/robot_state.error.parquet,482a8574c8758fa5ce26368cf6da61e5,573896,573896,b8cc8f2eaae69594d8e7a59dcf5d5e78d65463182490cc8448c14e605f5f06a1,71932,d853e68515397e9949f0cd49d1291a712ed3bafaa71afb20873e5354f92d3743
000000000112,robot_state.q,phail/v1.0/dataset/rollouts/000000000000/000000000112/robot_state.q.parquet,4bb1aa7641930a7b29ce45d6911bfc5c,3582462,3582462,6b608e8bb479164dda5bbb782bcda1d013868507fafa437da46807b55ab4c570,71932,9e13c431dee7465558b1feeef41eef2ad7319759af69cafa198766c393e70521
000000000113,robot_state.error,phail/v1.0/dataset/rollouts/000000000000/000000000113/robot_state.error.parquet,e89200e99b12c39fd03f04cc74226c2d,568461,568461,036b7a82ef5f120a656eeced173e204c9c4420871f75c3c5ba5e224c70064e2f,71195,d853e68515397e9949f0cd49d1291a712ed3bafaa71afb20873e5354f92d3743
000000000113,robot_state.q,phail/v1.0/dataset/rollouts/000000000000/000000000113/robot_state.q.parquet,fbbd9f6da7c97821117d947517d8b10c,3546053,3546053,8c8f550183f9a9525ea3f87af7da12f2a73f12c69ab29b6a643cab01f46890b0,71195,9e13c431dee7465558b1feeef41eef2ad7319759af69cafa198766c393e70521
000000000114,robot_state.error,phail/v1.0/dataset/rollouts/000000000000/000000000114/robot_state.error.parquet,b057a83139f6c3e418b68995cfe24abf,601699,601699,43ad579e4859b6e22949a936b84b1b162467b6b31558af93b3e20fdd3e55f03b,75447,d853e68515397e9949f0cd49d1291a712ed3bafaa71afb20873e5354f92d3743
000000000114,robot_state.q,phail/v1.0/dataset/rollouts/000000000000/000000000114/robot_state.q.parquet,dcd9ac1ca74d5a26f36247ab59b76138,3750689,3750689,5e39f92191dd3d24ca7473f044150ee8018d0d9878d7456591326d6bd7487321,75447,9e13c431dee7465558b1feeef41eef2ad7319759af69cafa198766c393e70521
000000000115,robot_state.error,phail/v1.0/dataset/rollouts/000000000000/000000000115/robot_state.error.parquet,561da6867d91c55c2a507e12559fa1c7,569985,569985,e8047ccb9c9658f0c36f4777f3337b432f2e98ca14d660f48038244031a633b8,71351,d853e68515397e9949f0cd49d1291a712ed3bafaa71afb20873e5354f92d3743
000000000115,robot_state.q,phail/v1.0/dataset/rollouts/000000000000/000000000115/robot_state.q.parquet,c40d0073eda6ff5a1d64ec3a4dfdcb79,3542932,3542932,6de4bcab7dce776e7111236293fa689a4f39cb140cdac4b7c42be052b5635c36,71351,9e13c431dee7465558b1feeef41eef2ad7319759af69cafa198766c393e70521
000000000116,robot_state.error,phail/v1.0/dataset/rollouts/000000000000/000000000116/robot_state.error.parquet,a32887466276d4cc6cb0550224170ec1,582120,582120,ab7a586936c4ff6bd3de38df136ca0c6753a98a5252e52a658ce9b3f0be2f02f,72940,d853e68515397e9949f0cd49d1291a712ed3bafaa71afb20873e5354f92d3743
000000000116,robot_state.q,phail/v1.0/dataset/rollouts/000000000000/000000000116/robot_state.q.parquet,ee3b1fa1a13771fa3ba21fc3db0fd7d8,3607941,3607941,0acbdd40dc95a8de8c9d5d9d983ee3c81bf7da415543953b5c48800004158037,72940,9e13c431dee7465558b1feeef41eef2ad7319759af69cafa198766c393e70521
000000000117,robot_state.error,phail/v1.0/dataset/rollouts/000000000000/000000000117/robot_state.error.parquet,7c92ec0f78eddfbf9803add584d3c2ae,600953,600953,a6a80d8b894bfaef90f719f7bdf9d6a94e4b5d47173fe0e7ce5afa0d12dead0f,75336,d853e68515397e9949f0cd49d1291a712ed3bafaa71afb20873e5354f92d3743
000000000117,robot_state.q,phail/v1.0/dataset/rollouts/000000000000/000000000117/robot_state.q.parquet,b803dfabcf135706531586f4fb1a20ad,3741220,3741220,5571d3b839acc0542dd57ef4a74f6cd9205050f1c3394628a45cce82dec0c751,75336,9e13c431dee7465558b1feeef41eef2ad7319759af69cafa198766c393e70521
000000000118,robot_state.error,phail/v1.0/dataset/rollouts/000000000000/000000000118/robot_state.error.parquet,a7695c8319801edc858749622c5ae3a7,585797,585797,6c8a8f6c41839091ec8ec939f38eac249e03e2261c022fd51759ae463898e9b3,73418,d853e68515397e9949f0cd49d1291a712ed3bafaa71afb20873e5354f92d3743
000000000118,robot_state.q,phail/v1.0/dataset/rollouts/000000000000/000000000118/robot_state.q.parquet,056dbe1b9b1ecfa590b5471ac871a22b,3674644,3674644,f5c89e710f88222d2810fe6316019e478359330c63f401a09f436d14e754f371,73418,9e13c431dee7465558b1feeef41eef2ad7319759af69cafa198766c393e70521
000000000119,robot_state.error,phail/v1.0/dataset/rollouts/000000000000/000000000119/robot_state.error.parquet,539c752acaa3dfb986ececc9c506b43d,581514,581514,939ffe7b70edf3145894581568d65cea92bcbb9e2087a46985f25fd9095f276f,72829,d853e68515397e9949f0cd49d1291a712ed3bafaa71afb20873e5354f92d3743
000000000119,robot_state.q,phail/v1.0/dataset/rollouts/000000000000/000000000119/robot_state.q.parquet,a6f58fcb7bcabc7de4d5cac8afc64c5d,3640547,3640547,b0d899c8c6036d0d925ca512e9bd1c186248cc86e860a27addb1a5f05e83a088,72829,9e13c431dee7465558b1feeef41eef2ad7319759af69cafa198766c393e70521
000000000120,robot_state.error,phail/v1.0/dataset/rollouts/000000000000/000000000120/robot_state.error.parquet,1e820e802026f2ba747130e946993ea3,449611,449611,58e894ec19ca56c50df03c39ba6575aa2f037a00e62e9a00403a3c712d7de9ef,55975,d853e68515397e9949f0cd49d1291a712ed3bafaa71afb20873e5354f92d3743
000000000120,robot_state.q,phail/v1.0/dataset/rollouts/000000000000/000000000120/robot_state.q.parquet,0cc8746c26229bbda5cd20ed3679b93c,2823930,2823930,c73eb7c453eb47077624b523751d60cffa3d4651ca644a4fb98038bad14aec85,55975,9e13c431dee7465558b1feeef41eef2ad7319759af69cafa198766c393e70521
000000000121,robot_state.error,phail/v1.0/dataset/rollouts/000000000000/000000000121/robot_state.error.parquet,d53e7859500662875a809943bf9cb543,596906,596906,18203cbade6ae694f0d7f0fbf9a1a856ef335a363f371890f8cd40052e32e993,74801,d853e68515397e9949f0cd49d1291a712ed3bafaa71afb20873e5354f92d3743
000000000121,robot_state.q,phail/v1.0/dataset/rollouts/000000000000/000000000121/robot_state.q.parquet,a69ea466db3aa6d82e3b7d2b4c8e6658,3729390,3729390,7330c66a621434d2ad7d8021a1c69177766bc0f147cb20b4781b082ea2e4774a,74801,9e13c431dee7465558b1feeef41eef2ad7319759af69cafa198766c393e70521
000000000122,robot_state.error,phail/v1.0/dataset/rollouts/000000000000/000000000122/robot_state.error.parquet,98928dc97e0d21ef72e5b71b01fb5c09,589529,589529,65019fd0e4b325179e90aa8779bb030c1e1cc29e27257dfdc551cae2d5a5eac8,73901,d853e68515397e9949f0cd49d1291a712ed3bafaa71afb20873e5354f92d3743
000000000122,robot_state.q,phail/v1.0/dataset/rollouts/000000000000/000000000122/robot_state.q.parquet,5f847152d859e8446b37b3a4f824d7fe,3679779,3679779,adf82af0d3e31b62bf7c6502acd23e39356ba33f1b4363b938a7aae2b6b524d1,73901,9e13c431dee7465558b1feeef41eef2ad7319759af69cafa198766c393e70521
000000000123,robot_state.error,phail/v1.0/dataset/rollouts/000000000000/000000000123/robot_state.error.parquet,a3e27a3204e1c1372d0d1033996f43df,593495,593495,0f433ce16fcd4028a10bb27c393868e843ba2267f77a349a985162dbc352d97c,74340,d853e68515397e9949f0cd49d1291a712ed3bafaa71afb20873e5354f92d3743
000000000123,robot_state.q,phail/v1.0/dataset/rollouts/000000000000/000000000123/robot_state.q.parquet,e28655654022bf20cff4af80f4858c20,3711422,3711422,389e4f9d9c4f5318d6703369faef0356f67fb45e03528f6ae29c4a0d5e593b12,74340,9e13c431dee7465558b1feeef41eef2ad7319759af69cafa198766c393e70521
000000000124,robot_state.error,phail/v1.0/dataset/rollouts/000000000000/000000000124/robot_state.error.parquet,3ec66a573a2ac45394962befcee1df21,496953,496953,3178bc4ce2f1566b00fc77a4351619050ffcaec244b1b910e8eeae3f253c21eb,61982,d853e68515397e9949f0cd49d1291a712ed3bafaa71afb20873e5354f92d3743
000000000124,robot_state.q,phail/v1.0/dataset/rollouts/000000000000/000000000124/robot_state.q.parquet,3b0922b12e38fc49f5e67057ff7c41a1,3115589,3115589,6f0643e9203d76b00c60e1a4e2e92d8951acc3b5d72089292c3b49506a989eab,61982,9e13c431dee7465558b1feeef41eef2ad7319759af69cafa198766c393e70521
000000000125,robot_state.error,phail/v1.0/dataset/rollouts/000000000000/000000000125/robot_state.error.parquet,17f255c362c8289d57dc56fdb61b4ee7,574840,574840,ff9194e3fbead68408cfe3790410dd8dcfbff572c76f086fed8c2955f547919f,71952,d853e68515397e9949f0cd49d1291a712ed3bafaa71afb20873e5354f92d3743
000000000125,robot_state.q,phail/v1.0/dataset/rollouts/000000000000/000000000125/robot_state.q.parquet,97a268a08493050f0b1e2cacb52c4fbc,3587772,3587772,fc421ff27773212bc006837b1c62287ce736d706b3edf7fc8ac4b350fcbcc2ac,71952,9e13c431dee7465558b1feeef41eef2ad7319759af69cafa198766c393e70521
000000000126,robot_state.error,phail/v1.0/dataset/rollouts/000000000000/000000000126/robot_state.error.parquet,f95a2c1d5a7838ec045afdeae445fe96,479596,479596,b6493d6023188f2aa75691b12846f3f78f66fcbd6e0aa4ecec91f94078563640,59706,d853e68515397e9949f0cd49d1291a712ed3bafaa71afb20873e5354f92d3743
000000000126,robot_state.q,phail/v1.0/dataset/rollouts/000000000000/000000000126/robot_state.q.parquet,1d913283c9310028678de25cc53a1c0d,3021270,3021270,b41774416bd039eb8745e1eee06d56afbb34534140f5a09101bc4d381b50f494,59706,9e13c431dee7465558b1feeef41eef2ad7319759af69cafa198766c393e70521
000000000127,robot_state.error,phail/v1.0/dataset/rollouts/000000000000/000000000127/robot_state.error.parquet,8e3f693927046db307bab383951a5f74,618445,618445,cadc31dde9c4deece922d8caff23fa0c787ea89cdd8f7947c66d74081622e3a9,77585,d853e68515397e9949f0cd49d1291a712ed3bafaa71afb20873e5354f92d3743
000000000127,robot_state.q,phail/v1.0/dataset/rollouts/000000000000/000000000127/robot_state.q.parquet,c6a2f55098190f0d71cfcdb000cce3b7,3884732,3884732,b66e3c41507108aa27b03359dd560279dc1ea272b046b49d333dc498cbc6aacf,77585,9e13c431dee7465558b1feeef41eef2ad7319759af69cafa198766c393e70521
000000000128,robot_state.error,phail/v1.0/dataset/rollouts/000000000000/000000000128/robot_state.error.parquet,813650ee0fb14ce0626cf7abee9cbac7,477931,477931,29c7e5f93597f76cda375e5f4cfa1cac0324e95b9dedc5d3c1e8ad75e40c912a,59486,d853e68515397e9949f0cd49d1291a712ed3bafaa71afb20873e5354f92d3743
000000000128,robot_state.q,phail/v1.0/dataset/rollouts/000000000000/000000000128/robot_state.q.parquet,eb4e1512851d96f3b217bb9c6c98693a,3009463,3009463,a5eb275c2963e643441c9d8c94bd82cc7d5edf5b5e4c10291cef3a901f1857ee,59486,9e13c431dee7465558b1feeef41eef2ad7319759af69cafa198766c393e70521
000000000129,robot_state.error,phail/v1.0/dataset/rollouts/000000000000/000000000129/robot_state.error.parquet,89f933adfa4a5856353146ace8dc6258,600773,600773,9dec71a74b33b2d8be0487b602cdf888d10222f2dab957f44f47825665bb30da,75280,d853e68515397e9949f0cd49d1291a712ed3bafaa71afb20873e5354f92d3743
000000000129,robot_state.q,phail/v1.0/dataset/rollouts/000000000000/000000000129/robot_state.q.parquet,d5132b1fdc2079db75707b937075cd5e,3758554,3758554,f1732a9a05fb061a90503de8584d8dd9e245fee8aff7fec6909d82acd62f885f,75280,9e13c431dee7465558b1feeef41eef2ad7319759af69cafa198766c393e70521
000000000130,robot_state.error,phail/v1.0/dataset/rollouts/000000000000/000000000130/robot_state.error.parquet,5f49c97ab63ad1e63b800e3577faceaa,258095,258095,1a092836dd78d50dc52c82e0794cd42b3a70608f8ef548e98db072f447aaa04c,32285,d853e68515397e9949f0cd49d1291a712ed3bafaa71afb20873e5354f92d3743
000000000130,robot_state.q,phail/v1.0/dataset/rollouts/000000000000/000000000130/robot_state.q.parquet,0762aa3021034282e43e3561f409bd8d,1572259,1572259,ff9ed7f1e16cfee2f77c339567d3eb6cbe7dae7f692cfb9a09a4323e622c7a87,32285,9e13c431dee7465558b1feeef41eef2ad7319759af69cafa198766c393e70521
000000000131,robot_state.error,phail/v1.0/dataset/rollouts/000000000000/000000000131/robot_state.error.parquet,bb8ebd895991813d90d63f4c9f73a53e,575213,575213,9324d26d54ad610a029f2a92dafa7a161599c126c270569a8a40fe92660f5b71,72007,d853e68515397e9949f0cd49d1291a712ed3bafaa71afb20873e5354f92d3743
000000000131,robot_state.q,phail/v1.0/dataset/rollouts/000000000000/000000000131/robot_state.q.parquet,e915df9ef90c3e8cfbe729bcf7ee143b,3514982,3514982,df4623955144f7fa105df1ef3cd0a1da089f2f0976168ec91861db6126a897a0,72007,9e13c431dee7465558b1feeef41eef2ad7319759af69cafa198766c393e70521
000000000132,robot_state.error,phail/v1.0/dataset/rollouts/000000000000/000000000132/robot_state.error.parquet,6e59bf909b2706367a614e1463ec38ae,47467,47467,29acdc71001f99265de04187fd48e989efc5e4857ea73ff9bd56fb46b4720335,5940,d853e68515397e9949f0cd49d1291a712ed3bafaa71afb20873e5354f92d3743
000000000132,robot_state.q,phail/v1.0/dataset/rollouts/000000000000/000000000132/robot_state.q.parquet,c91afaa06763cde95ed1e517994ff7b2,249544,249544,a52ab8c2077d7db948475cb0605a1d79cbef8ba54d10ec1b8abf4aca003e4650,5940,9e13c431dee7465558b1feeef41eef2ad7319759af69cafa198766c393e70521
000000000133,robot_state.error,phail/v1.0/dataset/rollouts/000000000000/000000000133/robot_state.error.parquet,5bd8e1c61ab97fd4f170131daa3b7624,578373,578373,cf7723c563876116ff2428eaa03ee39b3357efb445511b3c5366f11da0bcf0f2,72371,d853e68515397e9949f0cd49d1291a712ed3bafaa71afb20873e5354f92d3743
000000000133,robot_state.q,phail/v1.0/dataset/rollouts/000000000000/000000000133/robot_state.q.parquet,5de481e2a3682b8920e023b34e8f3fca,3443203,3443203,0d755499aabfb8ec0b27a4c515d20785ca56316ec3a8254b0f312a77294acd55,72371,9e13c431dee7465558b1feeef41eef2ad7319759af69cafa198766c393e70521
000000000134,robot_state.error,phail/v1.0/dataset/rollouts/000000000000/000000000134/robot_state.error.parquet,af41ca768789b7c7dfed0d6922b8db57,589527,589527,7d2b3d0068593d2fa673167a8c5a2e185d37d1f06dc99daf118923cbc97bffd9,73866,d853e68515397e9949f0cd49d1291a712ed3bafaa71afb20873e5354f92d3743
000000000134,robot_state.q,phail/v1.0/dataset/rollouts/000000000000/000000000134/robot_state.q.parquet,3ecaf3a62a4279c7561fce9e211858da,3649104,3649104,12beabe530bc529d355fd5ba8fb4e9a9a37dad853ba8e523957a744a2110a899,73866,9e13c431dee7465558b1feeef41eef2ad7319759af69cafa198766c393e70521
000000000135,robot_state.error,phail/v1.0/dataset/rollouts/000000000000/000000000135/robot_state.error.parquet,eb8177bb51fe968902fe03c895879fcf,624603,624603,43ef0b925f3ebca985d9439df32229462a5418c4e8ec166c8f5f36d2cc89c20b,78291,d853e68515397e9949f0cd49d1291a712ed3bafaa71afb20873e5354f92d3743
000000000135,robot_state.q,phail/v1.0/dataset/rollouts/000000000000/000000000135/robot_state.q.parquet,ae355224e2131ad09e4f465928332618,3891977,3891977,8021dcfa48ea4b2b14574b02613c86021e63dcac50ae2f02aec1f5ad3f2e2daf,78291,9e13c431dee7465558b1feeef41eef2ad7319759af69cafa198766c393e70521
000000000136,robot_state.error,phail/v1.0/dataset/rollouts/000000000000/000000000136/robot_state.error.parquet,1adf63e89d1ede0b041e9047f6f86e56,587161,587161,6d72a2617a9306e835c669546c01cc9566bac782f736405e9ec874a515090f34,73549,d853e68515397e9949f0cd49d1291a712ed3bafaa71afb20873e5354f92d3743
000000000136,robot_state.q,phail/v1.0/dataset/rollouts/000000000000/000000000136/robot_state.q.parquet,20210750be452641c4b7a6d2f8c22df2,3678999,3678999,e14fc509a509acfa0d080ee5f7bface7c5f4885d87d6d88920fdd1076c37da42,73549,9e13c431dee7465558b1feeef41eef2ad7319759af69cafa198766c393e70521
000000000137,robot_state.error,phail/v1.0/dataset/rollouts/000000000000/000000000137/robot_state.error.parquet,ff01b07e05dc3e6fd5ff9777d6b49dc4,450581,450581,e8983abc3a347cd5fe4a430147b0c0ebf2c8feffcec2f471c016751da72ec3d5,56408,d853e68515397e9949f0cd49d1291a712ed3bafaa71afb20873e5354f92d3743
000000000137,robot_state.q,phail/v1.0/dataset/rollouts/000000000000/000000000137/robot_state.q.parquet,fc4a4c4ca138dea92430405d8d605f33,2823529,2823529,3e6db819d3b36b7a76f05e2c6f77df7aecd26a4ccfa71b3adef3c6d0850675ad,56408,9e13c431dee7465558b1feeef41eef2ad7319759af69cafa198766c393e70521
000000000138,robot_state.error,phail/v1.0/dataset/rollouts/000000000000/000000000138/robot_state.error.parquet,a1a234ea5dc200b690cad9660729c553,559554,559554,f9764ac63ab3ec76e10efd95d2b2056e5407f2a03cb674f69b08d6991d6b7ac1,69930,d853e68515397e9949f0cd49d1291a712ed3bafaa71afb20873e5354f92d3743
000000000138,robot_state.q,phail/v1.0/dataset/rollouts/000000000000/000000000138/robot_state.q.parquet,eb530b38b3ee1f7b81fec6e90830abac,3472132,3472132,51c4f0655b45f00eacc87b06062eb4cede663861125570546af70dc401d63aed,69930,9e13c431dee7465558b1feeef41eef2ad7319759af69cafa198766c393e70521
000000000139,robot_state.error,phail/v1.0/dataset/rollouts/000000000000/000000000139/robot_state.error.parquet,498feb57df84b9e82b46953fb151d258,579489,579489,e9afe489c8d7da9755ce06cde6ed8b82243aa1b25df89cdb5903a74474b6b806,72523,d853e68515397e9949f0cd49d1291a712ed3bafaa71afb20873e5354f92d3743
000000000139,robot_state.q,phail/v1.0/dataset/rollouts/000000000000/000000000139/robot_state.q.parquet,b9887c71dbbfa4c875e88189a13d2134,3329602,3329602,3d89f6c9b1d3407028a774fbe8dc1e3597368be18b68fc28c91771324076cd8b,72523,9e13c431dee7465558b1feeef41eef2ad7319759af69cafa198766c393e70521
000000000140,robot_state.error,phail/v1.0/dataset/rollouts/000000000000/000000000140/robot_state.error.parquet,1baddbbdb971e2f2c0dcc15f203881e4,589090,589090,24fac86153d31389a4e748e78789dd043936ab1730633cca28902566dc88b33c,73793,d853e68515397e9949f0cd49d1291a712ed3bafaa71afb20873e5354f92d3743
000000000140,robot_state.q,phail/v1.0/dataset/rollouts/000000000000/000000000140/robot_state.q.parquet,4ccc02f18653cf12abe0796383a19001,3688787,3688787,2f32405b92538723a17313c8a67f57d1e1e7420e817002720dc11fa8ffd3342e,73793,9e13c431dee7465558b1feeef41eef2ad7319759af69cafa198766c393e70521
000000000141,robot_state.error,phail/v1.0/dataset/rollouts/000000000000/000000000141/robot_state.error.parquet,e124a430480263c7ee6fd1a46679fd32,305577,305577,a30d3b1a819f2b3055a57cdb5af13e3db85a3f073c12f3b44ac8a2f89833d0ac,38223,d853e68515397e9949f0cd49d1291a712ed3bafaa71afb20873e5354f92d3743
000000000141,robot_state.q,phail/v1.0/dataset/rollouts/000000000000/000000000141/robot_state.q.parquet,a1927f0b9ff83ddf793713b465165a02,1828798,1828798,4037c180ec33ce679ab97a23701763a9f5eb149fa2723be0c0abae07f3e153f5,38223,9e13c431dee7465558b1feeef41eef2ad7319759af69cafa198766c393e70521
000000000142,robot_state.error,phail/v1.0/dataset/rollouts/000000000000/000000000142/robot_state.error.parquet,8f140e4e7aa843cfb5e6097f409a78ad,619763,619763,2e049e51b1d2354f03ab0a5216a4012dde0528a729b39360683b9478ee482525,77758,d853e68515397e9949f0cd49d1291a712ed3bafaa71afb20873e5354f92d3743
000000000142,robot_state.q,phail/v1.0/dataset/rollouts/000000000000/000000000142/robot_state.q.parquet,972b502f66ef913e0595f6e9582b8a74,3817776,3817776,01a86c966bdfcc2ebf58ee81b1ac4b44bc7ca56d761f719fde3a8768a31f0623,77758,9e13c431dee7465558b1feeef41eef2ad7319759af69cafa198766c393e70521
000000000143,robot_state.error,phail/v1.0/dataset/rollouts/000000000000/000000000143/robot_state.error.parquet,3aa415af5c76044b802dd61169fd2f61,577863,577863,a9202c6968dae06194dd31d680a045da8980f835b0fad9efa7590f23af98446f,72317,d853e68515397e9949f0cd49d1291a712ed3bafaa71afb20873e5354f92d3743
000000000143,robot_state.q,phail/v1.0/dataset/rollouts/000000000000/000000000143/robot_state.q.parquet,acc4aecd3a2254b78e56b73f779d0ca4,3605800,3605800,edd29fd50e453819da918cdf3dce19d4efaa7557fb5db07681cdab3c003a857c,72317,9e13c431dee7465558b1feeef41eef2ad7319759af69cafa198766c393e70521
000000000144,robot_state.error,phail/v1.0/dataset/rollouts/000000000000/000000000144/robot_state.error.parquet,aef74857c175b678e0298861308cd8a6,588498,588498,affc3bd68579c998bb63257f4d01cceab619f039a8f549aac34919b507c7dc0a,73727,d853e68515397e9949f0cd49d1291a712ed3bafaa71afb20873e5354f92d3743
000000000144,robot_state.q,phail/v1.0/dataset/rollouts/000000000000/000000000144/robot_state.q.parquet,37d3e7d3e2dd22519cab617862347987,3627481,3627481,13e2336f5d59b4ec553f1de630960eeafc4b8e0052766b3115ff16f6420f07f1,73727,9e13c431dee7465558b1feeef41eef2ad7319759af69cafa198766c393e70521
000000000145,robot_state.error,phail/v1.0/dataset/rollouts/000000000000/000000000145/robot_state.error.parquet,3900fb2395b28c2a0d99c5aa1d69845e,437925,437925,186523caee21eccc8f19af3eb3be771b4191129bac3a24fbfd852f21dcea5fee,54652,d853e68515397e9949f0cd49d1291a712ed3bafaa71afb20873e5354f92d3743
000000000145,robot_state.q,phail/v1.0/dataset/rollouts/000000000000/000000000145/robot_state.q.parquet,051dc3bd2f872f1ebfb5d97578c4e632,1396650,1396650,9ce8c0fccbb6fec581cfad0313bfcc1d72182096172f0e41f45eb3db988c7c98,54652,9e13c431dee7465558b1feeef41eef2ad7319759af69cafa198766c393e70521
000000000146,robot_state.error,phail/v1.0/dataset/rollouts/000000000000/000000000146/robot_state.error.parquet,8cedd45e6336b33631aaad5828a566c3,517617,517617,87cdaafb8459450027f7690716d35df1d5cc5dff6c5fd2c2e9823df9afb27e29,64531,d853e68515397e9949f0cd49d1291a712ed3bafaa71afb20873e5354f92d3743
000000000146,robot_state.q,phail/v1.0/dataset/rollouts/000000000000/000000000146/robot_state.q.parquet,07fd6ae931ad513a82921cfe920d885e,2136673,2136673,04a4864369f59bd2c5d3b9f394d5377346742a76c733e1100d70280f83d3bffd,64531,9e13c431dee7465558b1feeef41eef2ad7319759af69cafa198766c393e70521
000000000147,robot_state.error,phail/v1.0/dataset/rollouts/000000000000/000000000147/robot_state.error.parquet,58e944d62de052d45d732465d85e7e60,612268,612268,be1d129fd58d1a6cc0d3c72a938ef69fa83348d0a39709b3732d786c4c01b59e,76763,d853e68515397e9949f0cd49d1291a712ed3bafaa71afb20873e5354f92d3743
000000000147,robot_state.q,phail/v1.0/dataset/rollouts/000000000000/000000000147/robot_state.q.parquet,d0d5cbc3522720dfdd1c9cc6d0d18bdf,3550841,3550841,e573002db6ad4807707bd508549b239898d178c12338673122ba337ded9cecf8,76763,9e13c431dee7465558b1feeef41eef2ad7319759af69cafa198766c393e70521
000000000148,robot_state.error,phail/v1.0/dataset/rollouts/000000000000/000000000148/robot_state.error.parquet,2f445ae59f9feb2f526e34f3b4927c13,627367,627367,9f26818b5f3d119081bec74154f4130ad1de1d9210adf2c4d1636461a7c46441,78597,d853e68515397e9949f0cd49d1291a712ed3bafaa71afb20873e5354f92d3743
000000000148,robot_state.q,phail/v1.0/dataset/rollouts/000000000000/000000000148/robot_state.q.parquet,d739ad8cf7f75c53392b54438b47b732,3545575,3545575,fc291573ee0ee040281072ac5835c768334f42bf26658fb0815877f2aea6e2d2,78597,9e13c431dee7465558b1feeef41eef2ad7319759af69cafa198766c393e70521
000000000149,robot_state.error,phail/v1.0/dataset/rollouts/000000000000/000000000149/robot_state.error.parquet,bb48dd0cafc6def286255b9b0aa76180,648576,648576,01daee37a7664c8044dd387ae055ff1e5320661ae200f34d71faad16aa7a8bd1,81357,d853e68515397e9949f0cd49d1291a712ed3bafaa71afb20873e5354f92d3743
000000000149,robot_state.q,phail/v1.0/dataset/rollouts/000000000000/000000000149/robot_state.q.parquet,06d81fcbd8259103444b3f4dd22e3cbb,3878441,3878441,888b94c7a13fde8a3e2ecdbf2e12dc73fc31a3e493afb68bdb7c88d04e7d686b,81357,9e13c431dee7465558b1feeef41eef2ad7319759af69cafa198766c393e70521
000000000150,robot_state.error,phail/v1.0/dataset/rollouts/000000000000/000000000150/robot_state.error.parquet,de951d0fee85b819a9e95409b5813216,604798,604798,57105761aeedb194d63c9b05139244e8cb9d403091fdd9c88688357b9f9f5905,75797,d853e68515397e9949f0cd49d1291a712ed3bafaa71afb20873e5354f92d3743
000000000150,robot_state.q,phail/v1.0/dataset/rollouts/000000000000/000000000150/robot_state.q.parquet,e357f14de124dcea8d1a86f68a18e123,3729504,3729504,0e77b3ec19ffbbfe0b358925b319373dad5896611f1d783221d09bb187b469cb,75797,9e13c431dee7465558b1feeef41eef2ad7319759af69cafa198766c393e70521
000000000151,robot_state.error,phail/v1.0/dataset/rollouts/000000000000/000000000151/robot_state.error.parquet,cb0fd316505346d74fdae2c784b04362,608965,608965,0b2761b23404c2b313cbc33144648f553c7a70b3fb97873f866b6d3b7aa43118,76344,d853e68515397e9949f0cd49d1291a712ed3bafaa71afb20873e5354f92d3743
000000000151,robot_state.q,phail/v1.0/dataset/rollouts/000000000000/000000000151/robot_state.q.parquet,2edae42e47cd63ffd3e9f2b148e24f8e,3773877,3773877,c8c4b4c6996b451ace9834d58b23e83773d9c671dff844212a6f7179d3e084b1,76344,9e13c431dee7465558b1feeef41eef2ad7319759af69cafa198766c393e70521
000000000152,robot_state.error,phail/v1.0/dataset/rollouts/000000000000/000000000152/robot_state.error.parquet,63fac67a7b075ceba34a82ec4f5ac659,597065,597065,7b55cf0e07f038e3cc039dca8ac6d503286956bc8e3a8539b4a79329426a1710,74788,d853e68515397e9949f0cd49d1291a712ed3bafaa71afb20873e5354f92d3743
000000000152,robot_state.q,phail/v1.0/dataset/rollouts/000000000000/000000000152/robot_state.q.parquet,dbee81852271b24063ab0d4055d570c7,3719478,3719478,7f7f6ef5f689e8fb6f84590aa12cca983a7ac3913f83a8ec8739ee5aa8650aa7,74788,9e13c431dee7465558b1feeef41eef2ad7319759af69cafa198766c393e70521
000000000153,robot_state.error,phail/v1.0/dataset/rollouts/000000000000/000000000153/robot_state.error.parquet,71dec26b2c9b48e0e17d6c9061885c8a,675479,675479,5e3a912ad12605481149da28d7fd82660c644b7fa7b8885b047b1271288958c7,84916,d853e68515397e9949f0cd49d1291a712ed3bafaa71afb20873e5354f92d3743
000000000153,robot_state.q,phail/v1.0/dataset/rollouts/000000000000/000000000153/robot_state.q.parquet,16fce65d79d081bbd8216edc51b0c59a,3235631,3235631,5a7b3f689bac92d020d1d75b26e3d5095705a8ea0c3aff836a641a3ca7774ddb,84916,9e13c431dee7465558b1feeef41eef2ad7319759af69cafa198766c393e70521
000000000154,robot_state.error,phail/v1.0/dataset/rollouts/000000000000/000000000154/robot_state.error.parquet,c6d9391b62278ada23bc283e6915efe3,539018,539018,88d5f88f627315ee8ddf4adcd96ff18d54b7cbf44d9018a4bf597f17d3ba26b6,67528,d853e68515397e9949f0cd49d1291a712ed3bafaa71afb20873e5354f92d3743
000000000154,robot_state.q,phail/v1.0/dataset/rollouts/000000000000/000000000154/robot_state.q.parquet,edb4e55d6546c84c36828273cac3cb28,3105545,3105545,3867181fa28aaddbc81a97c105b58d39417de1547819b40a5ab2558a8eb42d3d,67528,9e13c431dee7465558b1feeef41eef2ad7319759af69cafa198766c393e70521
000000000155,robot_state.error,phail/v1.0/dataset/rollouts/000000000000/000000000155/robot_state.error.parquet,2d7f604c0fc06c342f6ce9d2ff0d9a52,528000,528000,b4aba5675094d6dcee945ed3b2edd806d7a3bb3682ae1a4041b7cc4f39076030,66099,d853e68515397e9949f0cd49d1291a712ed3bafaa71afb20873e5354f92d3743
000000000155,robot_state.q,phail/v1.0/dataset/rollouts/000000000000/000000000155/robot_state.q.parquet,4d572b12a8d202cfb06223db29a79b8e,3010503,3010503,ea67ec6f2fd3a33a0673468bbc88dc6e0eb6c864e4bbfbfd8f25d45a8d9fc37d,66099,9e13c431dee7465558b1feeef41eef2ad7319759af69cafa198766c393e70521
000000000156,robot_state.error,phail/v1.0/dataset/rollouts/000000000000/000000000156/robot_state.error.parquet,1f64a930f3542581a808569902f498c4,608504,608504,f34088c05012188b6e6b0f254e12d0ad844777b574b9b9a31000e968d32a5933,76393,d853e68515397e9949f0cd49d1291a712ed3bafaa71afb20873e5354f92d3743
000000000156,robot_state.q,phail/v1.0/dataset/rollouts/000000000000/000000000156/robot_state.q.parquet,a0025cb26916195ff8b69cb484b4a596,3695373,3695373,fdddfaabe2bf57d9bd578430694c8f2ada002a132512f885a9c851164f5ea335,76393,9e13c431dee7465558b1feeef41eef2ad7319759af69cafa198766c393e70521
000000000157,robot_state.error,phail/v1.0/dataset/rollouts/000000000000/000000000157/robot_state.error.parquet,2104bfcf82406f16a33a3b70d945d437,684384,684384,4ff6e46e44b79ad63095b1eafaad97605ed0cc95e22c5458bd15eb3a1fdec63a,86071,d853e68515397e9949f0cd49d1291a712ed3bafaa71afb20873e5354f92d3743
000000000157,robot_state.q,phail/v1.0/dataset/rollouts/000000000000/000000000157/robot_state.q.parquet,93201ec90fa71a6c6b1698a35d612106,3828452,3828452,7c181324b8ba9f4e457776a7d1bc72a88846d63286735bbbb6ca78ee1847877e,86071,9e13c431dee7465558b1feeef41eef2ad7319759af69cafa198766c393e70521
000000000158,robot_state.error,phail/v1.0/dataset/rollouts/000000000000/000000000158/robot_state.error.parquet,f02e7b74a1c9d07e1fed3004a07cf9b8,627306,627306,38d843bba92273467131113d982aa18d491729c41bd57de30ed1ed0a58be582d,78723,d853e68515397e9949f0cd49d1291a712ed3bafaa71afb20873e5354f92d3743
000000000158,robot_state.q,phail/v1.0/dataset/rollouts/000000000000/000000000158/robot_state.q.parquet,8d7e3945363f9d6a5b1707336314f6b1,3825850,3825850,1b2053f2c7f55d621bbd86d986b158a489a453f3bcc545ac0c50580e2b8ab914,78723,9e13c431dee7465558b1feeef41eef2ad7319759af69cafa198766c393e70521
000000000159,robot_state.error,phail/v1.0/dataset/rollouts/000000000000/000000000159/robot_state.error.parquet,beb4d98e663620c0cd3db64c631bfb1c,664138,664138,f310b5ba6d4e4ea104d4a94427ad46c35c94d0dd678ec97345b9db73c99df80e,83489,d853e68515397e9949f0cd49d1291a712ed3bafaa71afb20873e5354f92d3743
000000000159,robot_state.q,phail/v1.0/dataset/rollouts/000000000000/000000000159/robot_state.q.parquet,7902255f220d115e5c29041818093bb7,3882826,3882826,957c755917739dcb9e4a31dabf576982be862d1fcee8de315b72d107fdbaa625,83489,9e13c431dee7465558b1feeef41eef2ad7319759af69cafa198766c393e70521
000000000160,robot_state.error,phail/v1.0/dataset/rollouts/000000000000/000000000160/robot_state.error.parquet,728ba2a5eba99657013a6d96850c6e86,641536,641536,88c3d2ce5572965e4ce241ae26c934f650e360768a546390eda373c602de706b,80545,d853e68515397e9949f0cd49d1291a712ed3bafaa71afb20873e5354f92d3743
000000000160,robot_state.q,phail/v1.0/dataset/rollouts/000000000000/000000000160/robot_state.q.parquet,c3657634f106b4b596627ca27c25e945,3898319,3898319,ed12181c11c134d64721dccfff68fc09503c35abaf14a5c9b47617fd2905aa38,80545,9e13c431dee7465558b1feeef41eef2ad7319759af69cafa198766c393e70521
000000000161,robot_state.error,phail/v1.0/dataset/rollouts/000000000000/000000000161/robot_state.error.parquet,c40d3ce87fd98d384a7e6d14cba7e29e,705964,705964,17f99cfc2ba318eef46ac3132f5070d388b4c400fc63b4749bc01539dd266b43,88778,d853e68515397e9949f0cd49d1291a712ed3bafaa71afb20873e5354f92d3743
000000000161,robot_state.q,phail/v1.0/dataset/rollouts/000000000000/000000000161/robot_state.q.parquet,23fa672aa71dd92072c7f8aa7898a9e9,4197263,4197263,47713b0e2848fe46a218b2b79b6285fc7eec03b5698634f1386828aa1605082f,88778,9e13c431dee7465558b1feeef41eef2ad7319759af69cafa198766c393e70521
000000000162,robot_state.error,phail/v1.0/dataset/rollouts/000000000000/000000000162/robot_state.error.parquet,fdc3eb946cabf0ac7e5ef5f4f06e10dd,642628,642628,bb0fe55f57da554639f4e1e0531877556cb8c2a8cc739e907e538f1718651eed,80693,d853e68515397e9949f0cd49d1291a712ed3bafaa71afb20873e5354f92d3743
000000000162,robot_state.q,phail/v1.0/dataset/rollouts/000000000000/000000000162/robot_state.q.parquet,01006a051e6992ee7883044d0eecc916,3935531,3935531,ca28c11596167f591532fc86d6de1ce2419fa196f3329be85385964f4c9314ae,80693,9e13c431dee7465558b1feeef41eef2ad7319759af69cafa198766c393e70521
000000000163,robot_state.error,phail/v1.0/dataset/rollouts/000000000000/000000000163/robot_state.error.parquet,6d24ff4420800461725b20186935dbc8,108740,108740,ca6b5720b8f59162e67714fd427658c35673c91fa116800cb11faba9abeec364,13675,d853e68515397e9949f0cd49d1291a712ed3bafaa71afb20873e5354f92d3743
000000000163,robot_state.q,phail/v1.0/dataset/rollouts/000000000000/000000000163/robot_state.q.parquet,44de27cb7ed4701a0f4ef8fc59494ba4,484724,484724,e3ef59b47efc4e2f0feb007b0c8321e3c7b6b66a3be12b0d6278f652d39a32ca,13675,9e13c431dee7465558b1feeef41eef2ad7319759af69cafa198766c393e70521
000000000164,robot_state.error,phail/v1.0/dataset/rollouts/000000000000/000000000164/robot_state.error.parquet,a3a4862ba490a5dced6c44fa186c4173,543814,543814,a0b7e378d2c6cfab4589d82ba6f3260f201dbf6a8e26e2fcd898f68965c6ae14,68168,d853e68515397e9949f0cd49d1291a712ed3bafaa71afb20873e5354f92d3743
000000000164,robot_state.q,phail/v1.0/dataset/rollouts/000000000000/000000000164/robot_state.q.parquet,80c10981b25503d73ddd6100a9c9ff27,3328283,3328283,e9cd5ed311f70a9cc780615eba51e6f4e1ea853000168a36b2182742be6590d8,68168,9e13c431dee7465558b1feeef41eef2ad7319759af69cafa198766c393e70521
000000000165,robot_state.error,phail/v1.0/dataset/rollouts/000000000000/000000000165/robot_state.error.parquet,a33ba9977168997fa667954bf2ae29a3,34287,34287,5669954f9d2f9ae2aeeb6b823c4c8c680865c4cad8ac36ef679181c77164a354,4294,d853e68515397e9949f0cd49d1291a712ed3bafaa71afb20873e5354f92d3743
000000000165,robot_state.q,phail/v1.0/dataset/rollouts/000000000000/000000000165/robot_state.q.parquet,5b257a2952ad81220606e00d92651fff,161804,161804,873cc6d4ebc8fb2db692adc0603576b004782567fd56ac5d6b21f1f197a65d8b,4294,9e13c431dee7465558b1feeef41eef2ad7319759af69cafa198766c393e70521
000000000166,robot_state.error,phail/v1.0/dataset/rollouts/000000000000/000000000166/robot_state.error.parquet,5ff9fdbcc73e413a11710d92dd2d6c43,654838,654838,08cf207dbdc822ef7242fbdb10e5e84bd0508b9bc4688767f36e8861eca977be,82292,d853e68515397e9949f0cd49d1291a712ed3bafaa71afb20873e5354f92d3743
000000000166,robot_state.q,phail/v1.0/dataset/rollouts/000000000000/000000000166/robot_state.q.parquet,93122c91c5d4607bcbc0bd49777933b9,4024495,4024495,e6be5eb977757b4f0442ccd9975cfd6060317a8e96c2e7d0098bc8c35e624b8e,82292,9e13c431dee7465558b1feeef41eef2ad7319759af69cafa198766c393e70521
000000000167,robot_state.error,phail/v1.0/dataset/rollouts/000000000000/000000000167/robot_state.error.parquet,171a7c25b1c1ae54f01db2bb1152acd2,683108,683108,2cd3b147b53bf8eeaf4a4913804c1025450c4cf8cd902720e3f02f56883d173c,85915,d853e68515397e9949f0cd49d1291a712ed3bafaa71afb20873e5354f92d3743
000000000167,robot_state.q,phail/v1.0/dataset/rollouts/000000000000/000000000167/robot_state.q.parquet,371e0839d8dce5af141753bbddd5be52,3837196,3837196,07ad75f7db1d5ffdd7ba37e26fa2bdf29975b2ce40ca23f7de10b8d6cd49622e,85915,9e13c431dee7465558b1feeef41eef2ad7319759af69cafa198766c393e70521
000000000168,robot_state.error,phail/v1.0/dataset/rollouts/000000000000/000000000168/robot_state.error.parquet,ca1cf0d91ea4254cabc24d0b70434dd5,666840,666840,09163578e92da87d4e83620da8c572edf0b52a70bdf2749a2b0d116a1c0555e7,83860,d853e68515397e9949f0cd49d1291a712ed3bafaa71afb20873e5354f92d3743
000000000168,robot_state.q,phail/v1.0/dataset/rollouts/000000000000/000000000168/robot_state.q.parquet,cc3339f55ee068c4a533fc0ceae405bd,3973547,3973547,e9665302713085478784fc6f6951d41d6dc4427771cdb1f9a26aa8f690e89737,83860,9e13c431dee7465558b1feeef41eef2ad7319759af69cafa198766c393e70521
000000000169,robot_state.error,phail/v1.0/dataset/rollouts/000000000000/000000000169/robot_state.error.parquet,795aa12e1e4ad315b3e488f5b27c2ac4,677143,677143,50b1a47ad974ccd8e769e0bf0981eaaa772265e5da24fed9c7904fce6350fefa,85171,d853e68515397e9949f0cd49d1291a712ed3bafaa71afb20873e5354f92d3743
000000000169,robot_state.q,phail/v1.0/dataset/rollouts/000000000000/000000000169/robot_state.q.parquet,f77cb4ae7d1c960d2ece73396e49b8db,4111251,4111251,24023f6e8ef343923c1e63f9e36d7d48c6377371acf74cfbd336dd9feae7fc12,85171,9e13c431dee7465558b1feeef41eef2ad7319759af69cafa198766c393e70521
000000000170,robot_state.error,phail/v1.0/dataset/rollouts/000000000000/000000000170/robot_state.error.parquet,140c913215857390b0a295cdaf7f4951,661822,661822,5b5c3fc2647d69967ffab980cbecfe4aea534a59caa7b4042a0bda72017cf06c,83221,d853e68515397e9949f0cd49d1291a712ed3bafaa71afb20873e5354f92d3743
000000000170,robot_state.q,phail/v1.0/dataset/rollouts/000000000000/000000000170/robot_state.q.parquet,6c1393e5b91f045767a3802bf0621adb,3925986,3925986,23e3b63252bc99783ec907a394cbc4c29077f92f24efaa783b478bfde9a8d023,83221,9e13c431dee7465558b1feeef41eef2ad7319759af69cafa198766c393e70521
000000000171,robot_state.error,phail/v1.0/dataset/rollouts/000000000000/000000000171/robot_state.error.parquet,72cc494ad4473f1dab5c15b64890e518,591833,591833,8f9f3ae7e686841314186c000401bc8ce8c1448d746a58ef3fdc368103b6d63f,74206,d853e68515397e9949f0cd49d1291a712ed3bafaa71afb20873e5354f92d3743
000000000171,robot_state.q,phail/v1.0/dataset/rollouts/000000000000/000000000171/robot_state.q.parquet,42187f6af62851737b606bc26422d8ce,2970804,2970804,adf1b22eca9cf8e41ea6c0a2caf2e49896661a38cbcdcde6ad125b970f35e338,74206,9e13c431dee7465558b1feeef41eef2ad7319759af69cafa198766c393e70521
000000000172,robot_state.error,phail/v1.0/dataset/rollouts/000000000000/000000000172/robot_state.error.parquet,1352ae53f969cabb4bf96d90b259f962,686131,686131,e4eb73eb83fcf5357cc19f37488b96dd9e65ade927d5bfa352826a806f9fb9ba,86368,d853e68515397e9949f0cd49d1291a712ed3bafaa71afb20873e5354f92d3743
000000000172,robot_state.q,phail/v1.0/dataset/rollouts/000000000000/000000000172/robot_state.q.parquet,923dcbea079eeca872b0ff13d30d87aa,4190366,4190366,9a8e6ed801158687fdd8dc2cd8aede2dfc7f944c542783305a8b654f4014228d,86368,9e13c431dee7465558b1feeef41eef2ad7319759af69cafa198766c393e70521
000000000173,robot_state.error,phail/v1.0/dataset/rollouts/000000000000/000000000173/robot_state.error.parquet,e97ea5ecad88a3632ae7bdd60c1175ad,651055,651055,98077060ac81b0a909f30aa5e85adf2940ab8f22e1a4928a83618bf1133d70fa,81837,d853e68515397e9949f0cd49d1291a712ed3bafaa71afb20873e5354f92d3743
000000000173,robot_state.q,phail/v1.0/dataset/rollouts/000000000000/000000000173/robot_state.q.parquet,b3a3fec23e74267057032d79b8dad888,3939848,3939848,279ed64e298e42061be8915dc68ee81757be50d9dbdcfe7d7e542d7f2d020016,81837,9e13c431dee7465558b1feeef41eef2ad7319759af69cafa198766c393e70521
000000000174,robot_state.error,phail/v1.0/dataset/rollouts/000000000000/000000000174/robot_state.error.parquet,96ad45cb582a6b00e5c9d2f700fef850,95187,95187,cdfdc0a39951170a952fd32ba389f83a6f5893d7cd5d14a7cf6de1b6e30fdbdc,11948,d853e68515397e9949f0cd49d1291a712ed3bafaa71afb20873e5354f92d3743
000000000174,robot_state.q,phail/v1.0/dataset/rollouts/000000000000/000000000174/robot_state.q.parquet,9d9f5f86f2fa9bb7147a961ff2759f75,385605,385605,e122eb748c06eed32420e9bc16feec3bf47bb1500fb67bd23eb311732dbc88f6,11948,9e13c431dee7465558b1feeef41eef2ad7319759af69cafa198766c393e70521
000000000175,robot_state.error,phail/v1.0/dataset/rollouts/000000000000/000000000175/robot_state.error.parquet,729c0820f921e5c58c66652973a768d9,123982,123982,905033c805bd0f1e17a5f21c684892d24b44a5eb2fea9e12df379268ff7498cf,15587,d853e68515397e9949f0cd49d1291a712ed3bafaa71afb20873e5354f92d3743
000000000175,robot_state.q,phail/v1.0/dataset/rollouts/000000000000/000000000175/robot_state.q.parquet,92567f9e6e437e48ed274d40e7d4e81f,456609,456609,cbbfaea47a576fa908269f06a5656e8653b81579360d29d26ccba8cba347fb86,15587,9e13c431dee7465558b1feeef41eef2ad7319759af69cafa198766c393e70521
000000000176,robot_state.error,phail/v1.0/dataset/rollouts/000000000000/000000000176/robot_state.error.parquet,3dcacc605a0476f9f987a043bf8f2066,670265,670265,75c307fbe30bf3f59afec2c6b1f53a98ee6f2731a4275b538630fe6750980c1d,84291,d853e68515397e9949f0cd49d1291a712ed3bafaa71afb20873e5354f92d3743
000000000176,robot_state.q,phail/v1.0/dataset/rollouts/000000000000/000000000176/robot_state.q.parquet,39732738a526c53963830de0154f545d,4125894,4125894,04783ad17856a7868d1c25763710924fb0b20170d8834a864f95e071a60a285d,84291,9e13c431dee7465558b1feeef41eef2ad7319759af69cafa198766c393e70521
000000000177,robot_state.error,phail/v1.0/dataset/rollouts/000000000000/000000000177/robot_state.error.parquet,9c90c7ae12bb095f448018d712bf4e96,640060,640060,279dc49ab51caa7c79c4bc6406391066a99c497c4e2cbf400c1d3b26180f677a,80347,d853e68515397e9949f0cd49d1291a712ed3bafaa71afb20873e5354f92d3743
000000000177,robot_state.q,phail/v1.0/dataset/rollouts/000000000000/000000000177/robot_state.q.parquet,74e1c9641cef32c5c52e76f9eaa87e68,3816198,3816198,1f3eeb45d1c7fb6af6c467835f72db077bb294419d2387fa09c184217e98be0d,80347,9e13c431dee7465558b1feeef41eef2ad7319759af69cafa198766c393e70521
000000000178,robot_state.error,phail/v1.0/dataset/rollouts/000000000000/000000000178/robot_state.error.parquet,afa6005551dc2806974087a0735dc758,662722,662722,33e886ce411ae6c613d8ab403b4fdffbac36ed1ff76adb07e34405f01611670d,83353,d853e68515397e9949f0cd49d1291a712ed3bafaa71afb20873e5354f92d3743
000000000178,robot_state.q,phail/v1.0/dataset/rollouts/000000000000/000000000178/robot_state.q.parquet,7a173bb447a3645bf74a8f944d07ca6e,4061064,4061064,668af1f8d795e2632c5c377eddd88b7ea6e7ca09a83e1cd071f163fe2837f691,83353,9e13c431dee7465558b1feeef41eef2ad7319759af69cafa198766c393e70521
000000000179,robot_state.error,phail/v1.0/dataset/rollouts/000000000000/000000000179/robot_state.error.parquet,3e77ff65e9cd517386bf3ea9ad6250a2,678368,678368,2852a675ce6b46354d3e6c5e91340ec0a8054113d680ad13d344958341036dc2,85353,d853e68515397e9949f0cd49d1291a712ed3bafaa71afb20873e5354f92d3743
000000000179,robot_state.q,phail/v1.0/dataset/rollouts/000000000000/000000000179/robot_state.q.parquet,150ccc01000a973e74bc1e32fcfbb9de,4105557,4105557,e6c9c82981992719711851dc6ddecdd3fde497418c2b4c4be8f5f4de2f2278d7,85353,9e13c431dee7465558b1feeef41eef2ad7319759af69cafa198766c393e70521
000000000180,robot_state.error,phail/v1.0/dataset/rollouts/000000000000/000000000180/robot_state.error.parquet,bb9e78faa5fc9e1aea9b87c5bb704e08,681692,681692,a9f9db88c8cd65e0359e68773351e80ae9f165f8f332bc76f8fef8d445bac8f7,85749,d853e68515397e9949f0cd49d1291a712ed3bafaa71afb20873e5354f92d3743
000000000180,robot_state.q,phail/v1.0/dataset/rollouts/000000000000/000000000180/robot_state.q.parquet,7295027fca6e52baacb51f03a0f883e4,3487698,3487698,6ec942a8dd636f36a3c629c9d7dcd7aa3cf496c1f446086b81d4a1c553d1e967,85749,9e13c431dee7465558b1feeef41eef2ad7319759af69cafa198766c393e70521
000000000181,robot_state.error,phail/v1.0/dataset/rollouts/000000000000/000000000181/robot_state.error.parquet,819442eed25e16d5768f794a3a51d44d,630529,630529,1d0ea043d5013dbb4bb3b07d0ed18d6b150d60fb1aa2d4f5cf4fb5818d8152ba,79161,d853e68515397e9949f0cd49d1291a712ed3bafaa71afb20873e5354f92d3743
000000000181,robot_state.q,phail/v1.0/dataset/rollouts/000000000000/000000000181/robot_state.q.parquet,c0205247640c5aa749c73e4e8a435788,3877798,3877798,78982a35eda61073f87e6e0d37522d6c66dc44a20dadccb8c8bd0903e398ca2c,79161,9e13c431dee7465558b1feeef41eef2ad7319759af69cafa198766c393e70521
000000000182,robot_state.error,phail/v1.0/dataset/rollouts/000000000000/000000000182/robot_state.error.parquet,59aa45febe2e0ac3955e886fd298cb39,640086,640086,e201e8989670dc0d97c6221b7cc9d1e12db56adee7b39e6ab5fe0fe1a2bcd9dd,80348,d853e68515397e9949f0cd49d1291a712ed3bafaa71afb20873e5354f92d3743
000000000182,robot_state.q,phail/v1.0/dataset/rollouts/000000000000/000000000182/robot_state.q.parquet,b52cc01da4acf410e25c9fa799a4847c,3900091,3900091,b2f936c3c446685dde21e9cedd6e7eacf693fb83b7fb0ccaa3329c584ae52581,80348,9e13c431dee7465558b1feeef41eef2ad7319759af69cafa198766c393e70521
000000000183,robot_state.error,phail/v1.0/dataset/rollouts/000000000000/000000000183/robot_state.error.parquet,449d3517b7e6e558869ba31261806581,625815,625815,2f2d2d78d57db06df52ffa4bdf1bc6ad6eb788df3292326966c53164f851a93c,78548,d853e68515397e9949f0cd49d1291a712ed3bafaa71afb20873e5354f92d3743
000000000183,robot_state.q,phail/v1.0/dataset/rollouts/000000000000/000000000183/robot_state.q.parquet,61cb3a51dc174d9ebf7c60158c64b7cf,3752475,3752475,c3878285bfc8dc47e42bf8a40979f2537c0fccbc84c1869f9893036562124906,78548,9e13c431dee7465558b1feeef41eef2ad7319759af69cafa198766c393e70521
000000000184,robot_state.error,phail/v1.0/dataset/rollouts/000000000000/000000000184/robot_state.error.parquet,809d111ace08ac2de40a519cdfc35cb0,635733,635733,32015721aa57397d44eca29734facb5ae1307d047fa7ee049581828b9c5fcc68,79824,d853e68515397e9949f0cd49d1291a712ed3bafaa71afb20873e5354f92d3743
000000000184,robot_state.q,phail/v1.0/dataset/rollouts/000000000000/000000000184/robot_state.q.parquet,0e07bfaabb48cc3d4de2a4d4062e91f4,3944236,3944236,93950369626aa421d586d4201f3cd5517c11ec38a98d70263292eac8ed83f8df,79824,9e13c431dee7465558b1feeef41eef2ad7319759af69cafa198766c393e70521
000000000185,robot_state.error,phail/v1.0/dataset/rollouts/000000000000/000000000185/robot_state.error.parquet,527bd2e4768af60a84506316100f05a9,208277,208277,de0a62fdaaffb0bad0886ee17550fc019316181a13bdd5709656e6bf97e86a5c,26104,d853e68515397e9949f0cd49d1291a712ed3bafaa71afb20873e5354f92d3743
000000000185,robot_state.q,phail/v1.0/dataset/rollouts/000000000000/000000000185/robot_state.q.parquet,4777d49576c94c796a974b75df80ff58,780985,780985,595f67d58f85222ca95b4bdb7e8feb1b6bc6208733018711520f6c7d158c9847,26104,9e13c431dee7465558b1feeef41eef2ad7319759af69cafa198766c393e70521
000000000186,robot_state.error,phail/v1.0/dataset/rollouts/000000000000/000000000186/robot_state.error.parquet,6ec4730f81a8fa43466bceabb3d427b9,603116,603116,93eaf613eb666c07dc95e246c17c58c43285c5ff84a6738ffbc44f38791c340a,75734,d853e68515397e9949f0cd49d1291a712ed3bafaa71afb20873e5354f92d3743
000000000186,robot_state.q,phail/v1.0/dataset/rollouts/000000000000/000000000186/robot_state.q.parquet,e5fb31447ff053280edf8d4f9c531b55,3745321,3745321,0908881030dbf4d385bd66d28abcf0b052f2e1283fa365ffd26a7b9c020cec63,75734,9e13c431dee7465558b1feeef41eef2ad7319759af69cafa198766c393e70521
000000000187,robot_state.error,phail/v1.0/dataset/rollouts/000000000000/000000000187/robot_state.error.parquet,8d95c94ec5e66867131211f21a9bb380,457383,457383,52f2098d7278b8766af4fb969fbfc5425decee663fff3345e50b99234d369961,57478,d853e68515397e9949f0cd49d1291a712ed3bafaa71afb20873e5354f92d3743
000000000187,robot_state.q,phail/v1.0/dataset/rollouts/000000000000/000000000187/robot_state.q.parquet,8769da2eb4004bf978d158071d9ad447,1402047,1402047,885d401e0f2d390b794faba2fdbb5ab6d55f9b771a17fae82f7d397e87429a35,57478,9e13c431dee7465558b1feeef41eef2ad7319759af69cafa198766c393e70521
000000000188,robot_state.error,phail/v1.0/dataset/rollouts/000000000000/000000000188/robot_state.error.parquet,02890dec4e6fc5a965d7f2aa5b218787,609734,609734,2dd09311a16daf9336e43a34e80128f9d7536fb1b31ff1d3433808b61220aa97,76602,d853e68515397e9949f0cd49d1291a712ed3bafaa71afb20873e5354f92d3743
000000000188,robot_state.q,phail/v1.0/dataset/rollouts/000000000000/000000000188/robot_state.q.parquet,011f955fae757c551b5d5933d6461475,3791224,3791224,2f3ea2b927d8fe62ee5acac2f1b9dffb3083c493af9fc8282a317f71dd50a318,76602,9e13c431dee7465558b1feeef41eef2ad7319759af69cafa198766c393e70521
000000000189,robot_state.error,phail/v1.0/dataset/rollouts/000000000000/000000000189/robot_state.error.parquet,c0d118b47704d4320c5ca6713ab1700b,54310,54310,97664c8f859ab9f26417edebbae20590fec4f89cbdab1233685961971acb3866,6868,d853e68515397e9949f0cd49d1291a712ed3bafaa71afb20873e5354f92d3743
000000000189,robot_state.q,phail/v1.0/dataset/rollouts/000000000000/000000000189/robot_state.q.parquet,29e89c88f3fcdf042256495143ba6622,240338,240338,08927e551f43565a5b5bc642047ce3b69debd21622956e41aa5792d20995cae7,6868,9e13c431dee7465558b1feeef41eef2ad7319759af69cafa198766c393e70521
000000000190,robot_state.error,phail/v1.0/dataset/rollouts/000000000000/000000000190/robot_state.error.parquet,99468d447159aa122de02ec87f8a3ba3,515705,515705,c6c53e0959224c2a7c1e15e40f1562e264a696a0bea02527b11796069719f7b2,64504,d853e68515397e9949f0cd49d1291a712ed3bafaa71afb20873e5354f92d3743
000000000190,robot_state.q,phail/v1.0/dataset/rollouts/000000000000/000000000190/robot_state.q.parquet,3e138e734ae96fad4af5ad2638acb2b0,3070181,3070181,3cc61e0a80441dc292c17081bbbf6332a146c998f877c135a6c38693a2719138,64504,9e13c431dee7465558b1feeef41eef2ad7319759af69cafa198766c393e70521
000000000191,robot_state.error,phail/v1.0/dataset/rollouts/000000000000/000000000191/robot_state.error.parquet,f36066435ec9c739895bd0a2c11381a8,508676,508676,0cd109cf496388788a352c33a8e70c788dc98418fd57d8fc244bbe6aaeb0fbcc,63755,d853e68515397e9949f0cd49d1291a712ed3bafaa71afb20873e5354f92d3743
000000000191,robot_state.q,phail/v1.0/dataset/rollouts/000000000000/000000000191/robot_state.q.parquet,5278728f01567a944e5750857273a591,1321030,1321030,d1097088fab31328378969de99cdf5f77f345960eef02851ec6c431489be25ae,63755,9e13c431dee7465558b1feeef41eef2ad7319759af69cafa198766c393e70521
000000000192,robot_state.error,phail/v1.0/dataset/rollouts/000000000000/000000000192/robot_state.error.parquet,936b5fc0cad0be589d944146270c24ba,591574,591574,94fe24dc2a5c50f2371fb9a6845dd323ac4c8f247e2b8d1f821dda5e1468cb76,74233,d853e68515397e9949f0cd49d1291a712ed3bafaa71afb20873e5354f92d3743
000000000192,robot_state.q,phail/v1.0/dataset/rollouts/000000000000/000000000192/robot_state.q.parquet,1682482ec8068a8d65c7bc0b49b7ba60,3676086,3676086,f6cdf47913773c79e89620ef3a2f35100efded7fccc55223d57636a5d283b898,74233,9e13c431dee7465558b1feeef41eef2ad7319759af69cafa198766c393e70521
000000000193,robot_state.error,phail/v1.0/dataset/rollouts/000000000000/000000000193/robot_state.error.parquet,6e83f75e8ef2174e4dcbf0aa1fff05e9,618823,618823,d63ebe659a025b62467ed8252d12147607fc3be9884bde83ca693dea41f7d124,77778,d853e68515397e9949f0cd49d1291a712ed3bafaa71afb20873e5354f92d3743
000000000193,robot_state.q,phail/v1.0/dataset/rollouts/000000000000/000000000193/robot_state.q.parquet,fe359119eda372b3579a03fd5664b469,3858197,3858197,8165445cfd76e40ffc09c8af554a76086fa45e0af8039f2365306f4b6cb95bda,77778,9e13c431dee7465558b1feeef41eef2ad7319759af69cafa198766c393e70521
000000000194,robot_state.error,phail/v1.0/dataset/rollouts/000000000000/000000000194/robot_state.error.parquet,b498e2d2a0ef7ad2fb2a983dfa545e98,617033,617033,9d044127326e691b4f412e3ccd9c70cb58197a0b44b5039365b35bc425d4de53,77549,d853e68515397e9949f0cd49d1291a712ed3bafaa71afb20873e5354f92d3743
000000000194,robot_state.q,phail/v1.0/dataset/rollouts/000000000000/000000000194/robot_state.q.parquet,d095823824447b336049abaec3320708,3830690,3830690,ca3ae88422063397baa4040859afbf936ac2a247949d4c626434b6295946064c,77549,9e13c431dee7465558b1feeef41eef2ad7319759af69cafa198766c393e70521
000000000195,robot_state.error,phail/v1.0/dataset/rollouts/000000000000/000000000195/robot_state.error.parquet,c0355848847f364561e016e4a2a73460,604308,604308,812031c4d33c8df477fc0d58586c8c8b30ae5b82864e9a22b18e1de36f388c1e,75869,d853e68515397e9949f0cd49d1291a712ed3bafaa71afb20873e5354f92d3743
000000000195,robot_state.q,phail/v1.0/dataset/rollouts/000000000000/000000000195/robot_state.q.parquet,d9357467beeb0099b0add1fab5de0f9a,3693175,3693175,2beb0a3aa8a3dbcda71bf1e0a1ca25766599cc28542eb2e612a38c73bbd04852,75869,9e13c431dee7465558b1feeef41eef2ad7319759af69cafa198766c393e70521
000000000196,robot_state.error,phail/v1.0/dataset/rollouts/000000000000/000000000196/robot_state.error.parquet,750cce23e3f8cf2356dd203d733a71f2,104557,104557,74f0f6bbafb2a4351b73c415f9a3f7bbc47169644f3ae34ea5f9b6405ebdfd76,13118,d853e68515397e9949f0cd49d1291a712ed3bafaa71afb20873e5354f92d3743
000000000196,robot_state.q,phail/v1.0/dataset/rollouts/000000000000/000000000196/robot_state.q.parquet,77b940b4cb78d128afd665ba20d7579d,397756,397756,783b216af097d0d616a9bfa3b4938322024f7ed5c85e8f95b0e0729659181dfc,13118,9e13c431dee7465558b1feeef41eef2ad7319759af69cafa198766c393e70521
000000000197,robot_state.error,phail/v1.0/dataset/rollouts/000000000000/000000000197/robot_state.error.parquet,80d3ed954c40a3028af0e9d10bd66fa3,615542,615542,2afadf755a68473c0253af26a430cc577fd73a160ca2ebb8365c25990866e692,77329,d853e68515397e9949f0cd49d1291a712ed3bafaa71afb20873e5354f92d3743
000000000197,robot_state.q,phail/v1.0/dataset/rollouts/000000000000/000000000197/robot_state.q.parquet,22c2b82318afacf5a6f5f0c2a94c5a5c,3500171,3500171,883fc051f3a4d8cd3b707a5fe2c1ce2a48af50dd9834219720a073f175377cfa,77329,9e13c431dee7465558b1feeef41eef2ad7319759af69cafa198766c393e70521
000000000198,robot_state.error,phail/v1.0/dataset/rollouts/000000000000/000000000198/robot_state.error.parquet,af7e69b1ec2bb16734671cdd0e70ba0c,606971,606971,a1cd4e2d4751dbbd891931d53b1c803c08c42111a376da5dca02d3b5cd2e8cc5,76240,d853e68515397e9949f0cd49d1291a712ed3bafaa71afb20873e5354f92d3743
000000000198,robot_state.q,phail/v1.0/dataset/rollouts/000000000000/000000000198/robot_state.q.parquet,6b829ca36c647095c29e4741884a9079,3782552,3782552,ffeef061ccfac89e206733a61968cb0682dfa5f98ebb6c14689b72ef307b6d4a,76240,9e13c431dee7465558b1feeef41eef2ad7319759af69cafa198766c393e70521
000000000199,robot_state.error,phail/v1.0/dataset/rollouts/000000000000/000000000199/robot_state.error.parquet,14a3c12921b6c970c5d6c4a259cf592b,633121,633121,58dd0877e3f7c6e83ac13418ecf5b2864aba3b96a6396037c363387b3f12247f,79487,d853e68515397e9949f0cd49d1291a712ed3bafaa71afb20873e5354f92d3743
000000000199,robot_state.q,phail/v1.0/dataset/rollouts/000000000000/000000000199/robot_state.q.parquet,4e6285708a17d5da95627dae00f12be2,3929159,3929159,076abf4a88b25d733dd81cc181e60a48e44f3be67f73f8c83e3b37e552636405,79487,9e13c431dee7465558b1feeef41eef2ad7319759af69cafa198766c393e70521
000000000200,robot_state.error,phail/v1.0/dataset/rollouts/000000000000/000000000200/robot_state.error.parquet,fdbef4729beec1d93229276c25699881,716753,716753,b7490599628875536fe7252b0203678e806e0710d44b2090f77dc913c5d163aa,90032,d853e68515397e9949f0cd49d1291a712ed3bafaa71afb20873e5354f92d3743
000000000200,robot_state.q,phail/v1.0/dataset/rollouts/000000000000/000000000200/robot_state.q.parquet,7310ae9d18474316fe7764399b5953a9,3992637,3992637,f6b5933a6ace3a81ccdd980ba53f021c1fc0310db51acc4d6e8ef88c7b7f2a26,90032,9e13c431dee7465558b1feeef41eef2ad7319759af69cafa198766c393e70521
000000000201,robot_state.error,phail/v1.0/dataset/rollouts/000000000000/000000000201/robot_state.error.parquet,82302e0eea4dd6e5d7d9a7bb0a8e43ae,690984,690984,b5ec7ecd14dfca1429d2a10f168a7dfc894043fd9769e5184bd3c9895b716557,86854,d853e68515397e9949f0cd49d1291a712ed3bafaa71afb20873e5354f92d3743
000000000201,robot_state.q,phail/v1.0/dataset/rollouts/000000000000/000000000201/robot_state.q.parquet,340d02cfa18b77a7b402f916e935864a,4057086,4057086,c8322fc1204340698a45b9828c3dfa3d82659d9a9b52662c9a506f90c41caae5,86854,9e13c431dee7465558b1feeef41eef2ad7319759af69cafa198766c393e70521
000000000202,robot_state.error,phail/v1.0/dataset/rollouts/000000000000/000000000202/robot_state.error.parquet,e67cd412c4675d68fb33263a0a443a79,696948,696948,6d4d509fedf5351ae8a7ee910df0e86c82d720bc6fb30529a4b38aa4db0a4a85,87590,d853e68515397e9949f0cd49d1291a712ed3bafaa71afb20873e5354f92d3743
000000000202,robot_state.q,phail/v1.0/dataset/rollouts/000000000000/000000000202/robot_state.q.parquet,fbae4e21d68c86c66cc77846a15dab32,3163147,3163147,e1de99ac80d2aa952f3403f67f5ee2e9ce9508d6199ac0fd91c44bc48e9aca00,87590,9e13c431dee7465558b1feeef41eef2ad7319759af69cafa198766c393e70521
000000000203,robot_state.error,phail/v1.0/dataset/rollouts/000000000000/000000000203/robot_state.error.parquet,1dfa4b552227c19d1a8b924556868413,629187,629187,208288af04815c3bbe815af4b6857cbae64bdbb9cc50568c17969df1df00298a,78845,d853e68515397e9949f0cd49d1291a712ed3bafaa71afb20873e5354f92d3743
000000000203,robot_state.q,phail/v1.0/dataset/rollouts/000000000000/000000000203/robot_state.q.parquet,62bb800d30fd562a920d8f2279e03a06,3904992,3904992,e3d8f6169bb020973cedcc0cc09bcb1d10ced3748a8f3af920e9819cba66f7fb,78845,9e13c431dee7465558b1feeef41eef2ad7319759af69cafa198766c393e70521
000000000204,robot_state.error,phail/v1.0/dataset/rollouts/000000000000/000000000204/robot_state.error.parquet,4e496a25e1b972e56ceb0f7d5454aaa3,751427,751427,242ee919d753fc0a78ae62a0f4d93acdd4df61897f47167e52a8c6074dc7dc64,94569,d853e68515397e9949f0cd49d1291a712ed3bafaa71afb20873e5354f92d3743
000000000204,robot_state.q,phail/v1.0/dataset/rollouts/000000000000/000000000204/robot_state.q.parquet,a23b77eb2a7f51f03f1100ecc133775e,4530298,4530298,e3409b6d562128817a6dde06482da3efee129d347b844d3ca3d4eb8001a2d13d,94569,9e13c431dee7465558b1feeef41eef2ad7319759af69cafa198766c393e70521
000000000205,robot_state.error,phail/v1.0/dataset/rollouts/000000000000/000000000205/robot_state.error.parquet,c0d070f3e9dfa0d3c9c40f87eefb5867,640259,640259,d8156dde5c0d0b396b7f3979b7743db49c39671842a900ce7a240b40ec80524a,80217,d853e68515397e9949f0cd49d1291a712ed3bafaa71afb20873e5354f92d3743
000000000205,robot_state.q,phail/v1.0/dataset/rollouts/000000000000/000000000205/robot_state.q.parquet,2b2b7c674b486effe331e1b4e23f89a1,3584607,3584607,a1caedbf1ca795d09c854dcaf81a7d31055fd8fd110e221da6470e8c0c1a8e71,80217,9e13c431dee7465558b1feeef41eef2ad7319759af69cafa198766c393e70521
000000000206,robot_state.error,phail/v1.0/dataset/rollouts/000000000000/000000000206/robot_state.error.parquet,1bc01685dcda636599fd220a7ae1b4e9,500400,500400,6db7f5508c93a335c88491d37c32fd2f42215b38e53e0f637fff8dc36e4775e0,62363,d853e68515397e9949f0cd49d1291a712ed3bafaa71afb20873e5354f92d3743
000000000206,robot_state.q,phail/v1.0/dataset/rollouts/000000000000/000000000206/robot_state.q.parquet,3ddfd7bf85170bd68dd8ebe019733bbb,2927546,2927546,f90da14e32266d11b462af012159c3fb2352b3557c5bf7765798dfe4211fe542,62363,9e13c431dee7465558b1feeef41eef2ad7319759af69cafa198766c393e70521
000000000207,robot_state.error,phail/v1.0/dataset/rollouts/000000000000/000000000207/robot_state.error.parquet,017bd30b8fab462ba69429d21eff9b16,648976,648976,45e783c11d8edb254acb5ca72e6783dc3ea82fdbbcc4459888b9b92b40fb182c,81398,d853e68515397e9949f0cd49d1291a712ed3bafaa71afb20873e5354f92d3743
000000000207,robot_state.q,phail/v1.0/dataset/rollouts/000000000000/000000000207/robot_state.q.parquet,ca235139dacef17bc33799ecc8f6bfaa,4001776,4001776,79b3ccc51e98181532e48b751188b4b8e065f790c0ad6ec6153d942cf712bada,81398,9e13c431dee7465558b1feeef41eef2ad7319759af69cafa198766c393e70521
000000000208,robot_state.error,phail/v1.0/dataset/rollouts/000000000000/000000000208/robot_state.error.parquet,215630423108ef61409418e42ce35392,522780,522780,f8a03815674742af6758242dc42fca30155135fe70ee7e8afe7da33fb3b37d06,65219,d853e68515397e9949f0cd49d1291a712ed3bafaa71afb20873e5354f92d3743
000000000208,robot_state.q,phail/v1.0/dataset/rollouts/000000000000/000000000208/robot_state.q.parquet,33d3382ba7cc7f4f0d886678487affa0,2523280,2523280,529df880e948f67ba23e69ba5e81daf969aa161828a12e3e8fec74a394c31268,65219,9e13c431dee7465558b1feeef41eef2ad7319759af69cafa198766c393e70521
000000000209,robot_state.error,phail/v1.0/dataset/rollouts/000000000000/000000000209/robot_state.error.parquet,86cd6f8e77767c0734df8d14baa42393,655264,655264,855f59ba428d9b981be240f429c28365a81e04e22b4c659c187e5447968eb5f2,82187,d853e68515397e9949f0cd49d1291a712ed3bafaa71afb20873e5354f92d3743
000000000209,robot_state.q,phail/v1.0/dataset/rollouts/000000000000/000000000209/robot_state.q.parquet,e73c5f7cf4b4837bce901e63ad0cd916,3447583,3447583,e557acda87890ef49521f6ff43fe7c77724dc17a92cebc305acbb14dc8c05b6f,82187,9e13c431dee7465558b1feeef41eef2ad7319759af69cafa198766c393e70521
000000000210,robot_state.error,phail/v1.0/dataset/rollouts/000000000000/000000000210/robot_state.error.parquet,d68e4470d5ce45f3ff8e6f029dc1c77c,617464,617464,1fe84b6b19757a8f5f661a54d9522d5fe49bdcb46b16a93d36630714ef843069,77454,d853e68515397e9949f0cd49d1291a712ed3bafaa71afb20873e5354f92d3743
000000000210,robot_state.q,phail/v1.0/dataset/rollouts/000000000000/000000000210/robot_state.q.parquet,e3013a985d36ac80c7b5d20fb746d9fe,3813052,3813052,9fb80dad561f3b98f16ac3fcba104728414ace08213f985bc60200d4ad72a4b1,77454,9e13c431dee7465558b1feeef41eef2ad7319759af69cafa198766c393e70521
000000000211,robot_state.error,phail/v1.0/dataset/rollouts/000000000000/000000000211/robot_state.error.parquet,a009573299df46cd6eb7607062a17945,610609,610609,f2f59a8528cf8e6621759ff830fd38bfe6944c0ebf6f892c2d78c2d491d8c418,76557,d853e68515397e9949f0cd49d1291a712ed3bafaa71afb20873e5354f92d3743
000000000211,robot_state.q,phail/v1.0/dataset/rollouts/000000000000/000000000211/robot_state.q.parquet,502b17c0eeee54d9efe8e51c1137ebcf,3770947,3770947,fff31ad9059c2790866a85ee10bc591ee91895acb28c519db4749fea78fe1714,76557,9e13c431dee7465558b1feeef41eef2ad7319759af69cafa198766c393e70521
000000000212,robot_state.error,phail/v1.0/dataset/rollouts/000000000000/000000000212/robot_state.error.parquet,fc193a55e76e3a5eb9f2bd5c087d5814,616280,616280,fe830c2a3e33fb93392114709af84db923f99d877afa08e41e2f7bb1d8cd19a9,77306,d853e68515397e9949f0cd49d1291a712ed3bafaa71afb20873e5354f92d3743
000000000212,robot_state.q,phail/v1.0/dataset/rollouts/000000000000/000000000212/robot_state.q.parquet,8d05670ffe1f51d76594b94549f3d439,3767606,3767606,4a13cce5b5220a542bd503d134d2a658748d526b91c4304d862b2fec0aac08e1,77306,9e13c431dee7465558b1feeef41eef2ad7319759af69cafa198766c393e70521
000000000213,robot_state.error,phail/v1.0/dataset/rollouts/000000000000/000000000213/robot_state.error.parquet,918ff02ef2252c7194f2c3b0a270ba2d,644886,644886,ec7288cb78849226234a6d2585a75283bdd88654471cc97e4485530bd1b29d71,80841,d853e68515397e9949f0cd49d1291a712ed3bafaa71afb20873e5354f92d3743
000000000213,robot_state.q,phail/v1.0/dataset/rollouts/000000000000/000000000213/robot_state.q.parquet,31b59635c25dc0a1ceebebb0600bc52d,3459611,3459611,a2087de5015438b8f946388534ebad05d053fc3c88ab0fe6110e7505bae19f81,80841,9e13c431dee7465558b1feeef41eef2ad7319759af69cafa198766c393e70521
000000000214,robot_state.error,phail/v1.0/dataset/rollouts/000000000000/000000000214/robot_state.error.parquet,fd2b077e8d23d2ac46cef8691f3afe46,630211,630211,a3f7e764bd2575158a745a10681d449ddc935d5450d92e30d91c6ea680ae12ea,78990,d853e68515397e9949f0cd49d1291a712ed3bafaa71afb20873e5354f92d3743
000000000214,robot_state.q,phail/v1.0/dataset/rollouts/000000000000/000000000214/robot_state.q.parquet,8f59641c086302c2b9f519230f2acfc7,3882618,3882618,f1a1d57d00ea812357db5cb751a53464b31f34de9b1ced12367b3f8d3b9d14c3,78990,9e13c431dee7465558b1feeef41eef2ad7319759af69cafa198766c393e70521
000000000215,robot_state.error,phail/v1.0/dataset/rollouts/000000000000/000000000215/robot_state.error.parquet,04afed92f172f4255d046b72d67f50e8,675942,675942,c7b111a482d32f7208a791f53af10893fe6095141e85f1dd9706ba8075c0b0af,84895,d853e68515397e9949f0cd49d1291a712ed3bafaa71afb20873e5354f92d3743
000000000215,robot_state.q,phail/v1.0/dataset/rollouts/000000000000/000000000215/robot_state.q.parquet,c92c9ead140427ed17b26dc76809d416,4067138,4067138,528ce54509a7672ca1dee4e8e9cc398516811205e21473c2d35fff4413a4456d,84895,9e13c431dee7465558b1feeef41eef2ad7319759af69cafa198766c393e70521
000000000216,robot_state.error,phail/v1.0/dataset/rollouts/000000000000/000000000216/robot_state.error.parquet,290297d4154bb769b58fb9960e298866,619571,619571,0988a7f54920228f155dd1736149ddb859325d18426007f8eb9ed454279d3b75,77729,d853e68515397e9949f0cd49d1291a712ed3bafaa71afb20873e5354f92d3743
000000000216,robot_state.q,phail/v1.0/dataset/rollouts/000000000000/000000000216/robot_state.q.parquet,961547af633864452b4a1b9b57ea92f2,3869470,3869470,055342f612f373ceb3d980611d5623f374e04f1b0100e997b4a8861c60259f07,77729,9e13c431dee7465558b1feeef41eef2ad7319759af69cafa198766c393e70521
000000000217,robot_state.error,phail/v1.0/dataset/rollouts/000000000000/000000000217/robot_state.error.parquet,98605d9a1a1d80ecbceb96fe18ce6b77,629012,629012,02a0c52ece926e0bab36827c866183d1f87b474d05f297eaa7f0385b69f16ecc,78816,d853e68515397e9949f0cd49d1291a712ed3bafaa71afb20873e5354f92d3743
000000000217,robot_state.q,phail/v1.0/dataset/rollouts/000000000000/000000000217/robot_state.q.parquet,2239633a3196a31c597ccf1c6a58cb44,3527198,3527198,9d08d52ed2728d5d8ad513d979dafcd9ca4181a3c7da789e04e475aab379fdba,78816,9e13c431dee7465558b1feeef41eef2ad7319759af69cafa198766c393e70521
000000000218,robot_state.error,phail/v1.0/dataset/rollouts/000000000000/000000000218/robot_state.error.parquet,c3f47416e4807a2a98599a4a939d73ce,644603,644603,a813ea16ba4020e8c2f486041751123192de741f26458f58ff7152f2481c0a7e,80817,d853e68515397e9949f0cd49d1291a712ed3bafaa71afb20873e5354f92d3743
000000000218,robot_state.q,phail/v1.0/dataset/rollouts/000000000000/000000000218/robot_state.q.parquet,de4e21df617e5e28ac946d5b6eadddbf,3453628,3453628,352fdefb1d80d0b13138528074bd79fb323e1dccc37b0eeeaf717c0a45310514,80817,9e13c431dee7465558b1feeef41eef2ad7319759af69cafa198766c393e70521
000000000219,robot_state.error,phail/v1.0/dataset/rollouts/000000000000/000000000219/robot_state.error.parquet,016421a5e2c87d1289e7334fc6ea6695,459944,459944,e568790f6a5d91cd8fa9fff9d7bea487c4272ebae1b732174c93d5b5caca310c,57577,d853e68515397e9949f0cd49d1291a712ed3bafaa71afb20873e5354f92d3743
000000000219,robot_state.q,phail/v1.0/dataset/rollouts/000000000000/000000000219/robot_state.q.parquet,ead064b013fc3537f9e3dcb80d8414d5,2793413,2793413,51af6c04d3568c97135926650b1bf2845340fcf81dbd9e1e98cbb05055c975c3,57577,9e13c431dee7465558b1feeef41eef2ad7319759af69cafa198766c393e70521
000000000220,robot_state.error,phail/v1.0/dataset/rollouts/000000000000/000000000220/robot_state.error.parquet,619c0be6ce93a347a33d59b038f1eafa,598347,598347,167d4eabb6fa1a107715300fa1473aa20e0769ab0a0263b179f40d0426df38cf,74952,d853e68515397e9949f0cd49d1291a712ed3bafaa71afb20873e5354f92d3743
000000000220,robot_state.q,phail/v1.0/dataset/rollouts/000000000000/000000000220/robot_state.q.parquet,5ba1b9012bfa8d88b524c97aa1e13b50,3669338,3669338,e34d04c4a911c46d17c4572323418ec84b6177dd1057e6641181d434d6e868b3,74952,9e13c431dee7465558b1feeef41eef2ad7319759af69cafa198766c393e70521
000000000221,robot_state.error,phail/v1.0/dataset/rollouts/000000000000/000000000221/robot_state.error.parquet,2f6ea3ff19ad1d58d2910867ed6094a7,604040,604040,325d0db46ed0140013e230e3a1ab679e679df011c382941ac85432451046545f,75693,d853e68515397e9949f0cd49d1291a712ed3bafaa71afb20873e5354f92d3743
000000000221,robot_state.q,phail/v1.0/dataset/rollouts/000000000000/000000000221/robot_state.q.parquet,dd9d5ae1b7a687e91ecd8161c036cf71,3502236,3502236,0fabc8fec3eb90774f2aabf24cc2a46e8461602a56a0ad3dfb6cc431fe2cfbc9,75693,9e13c431dee7465558b1feeef41eef2ad7319759af69cafa198766c393e70521
000000000222,robot_state.error,phail/v1.0/dataset/rollouts/000000000000/000000000222/robot_state.error.parquet,f1ba7e512fe65d00d70454fcd93d7458,620112,620112,30438d2c358dabefdf94550b1d7c9e2bf26cb477786962b9f6173dcaf4d5d1be,77793,d853e68515397e9949f0cd49d1291a712ed3bafaa71afb20873e5354f92d3743
000000000222,robot_state.q,phail/v1.0/dataset/rollouts/000000000000/000000000222/robot_state.q.parquet,971e0bd9022fae4a52beac96197fe875,3587273,3587273,3e8e92bbda36b4bdac42d92f84f1d8503e9f3b4a4d7e47a139cd55cf8cc299a0,77793,9e13c431dee7465558b1feeef41eef2ad7319759af69cafa198766c393e70521
000000000223,robot_state.error,phail/v1.0/dataset/rollouts/000000000000/000000000223/robot_state.error.parquet,fddee3cf797510e230a0fefbe56dba86,482969,482969,05a385bf1f23c92a23473b6ccf28c980a031bf15091979e44970c592bb7e9b03,60062,d853e68515397e9949f0cd49d1291a712ed3bafaa71afb20873e5354f92d3743
000000000223,robot_state.q,phail/v1.0/dataset/rollouts/000000000000/000000000223/robot_state.q.parquet,26f223a03b20b377a14ec18b6e503d4c,2830405,2830405,9136f1f351ce9785289b8b3ac7d569933ffff9edc217d2fbdff619fe4bafd95e,60062,9e13c431dee7465558b1feeef41eef2ad7319759af69cafa198766c393e70521
000000000224,robot_state.error,phail/v1.0/dataset/rollouts/000000000000/000000000224/robot_state.error.parquet,3c14ec2a3bcc294e616e8e66f4de3951,662183,662183,265b2902e086e020a3edab736b9f2a9d079c7898524d6c9ef177a0200ef89aef,83029,d853e68515397e9949f0cd49d1291a712ed3bafaa71afb20873e5354f92d3743
000000000224,robot_state.q,phail/v1.0/dataset/rollouts/000000000000/000000000224/robot_state.q.parquet,0ffed3891ce5a8f635f93851210d6cd2,1806246,1806246,d8b4743c2cf221654abefbda9906bd152d301046f9ea52c3c3e829d71b059072,83029,9e13c431dee7465558b1feeef41eef2ad7319759af69cafa198766c393e70521
000000000225,robot_state.error,phail/v1.0/dataset/rollouts/000000000000/000000000225/robot_state.error.parquet,59d18297254b75f17cac99dced2ce7b7,258872,258872,794baf6c3104f133e8664c90e22dde463680ca151fd0586fe89a27b4d3752b1b,32205,d853e68515397e9949f0cd49d1291a712ed3bafaa71afb20873e5354f92d3743
000000000225,robot_state.q,phail/v1.0/dataset/rollouts/000000000000/000000000225/robot_state.q.parquet,83d1297ce15dffa5bac4400fea07e75f,1502835,1502835,28f3be24afa8d39dd249a2528c9152014bb56c520eb9ddfa340819c401070421,32205,9e13c431dee7465558b1feeef41eef2ad7319759af69cafa198766c393e70521
000000000226,robot_state.error,phail/v1.0/dataset/rollouts/000000000000/000000000226/robot_state.error.parquet,3bf6b268f0834f621cf7b5623b23e7b7,642120,642120,a1578a9c7782bd45082323a8844f7fa22b8e54cebeae777f73ef3edf21872877,80440,d853e68515397e9949f0cd49d1291a712ed3bafaa71afb20873e5354f92d3743
000000000226,robot_state.q,phail/v1.0/dataset/rollouts/000000000000/000000000226/robot_state.q.parquet,5c9377d40e45d7bef0758ded7279fd5f,2829655,2829655,6a561e5030f1da45d36bb8705c6c080a1df154df17645cdf1840ad43946b611c,80440,9e13c431dee7465558b1feeef41eef2ad7319759af69cafa198766c393e70521
000000000227,robot_state.error,phail/v1.0/dataset/rollouts/000000000000/000000000227/robot_state.error.parquet,299e573d0e351f2e3aa7b52429fc10e5,574769,574769,66f027737cd40a8c2ec0acce7264cf3d12b9d5850f56044ee910222fb576595f,71937,d853e68515397e9949f0cd49d1291a712ed3bafaa71afb20873e5354f92d3743
000000000227,robot_state.q,phail/v1.0/dataset/rollouts/000000000000/000000000227/robot_state.q.parquet,412caac1f856e5d23de57f44bd0e5518,3588615,3588615,d5fd65acc8776be85bc8e95252fff19347b0d6fb3a40f692ee566324ee68d4d9,71937,9e13c431dee7465558b1feeef41eef2ad7319759af69cafa198766c393e70521
000000000228,robot_state.error,phail/v1.0/dataset/rollouts/000000000000/000000000228/robot_state.error.parquet,1905abb5b14ec648552017c869ac1062,405197,405197,eff68dac05f1cc0d77e25562a308913f8c9bbca97b6a5e03a7d964045fe786fe,50708,d853e68515397e9949f0cd49d1291a712ed3bafaa71afb20873e5354f92d3743
000000000228,robot_state.q,phail/v1.0/dataset/rollouts/000000000000/000000000228/robot_state.q.parquet,4c20db11baa28fedde700a6628083da9,1080508,1080508,167d83be7c87264e482ce9a1d74c04a33174e0478f6732af42ac912b03abc80e,50708,9e13c431dee7465558b1feeef41eef2ad7319759af69cafa198766c393e70521
000000000229,robot_state.error,phail/v1.0/dataset/rollouts/000000000000/000000000229/robot_state.error.parquet,7ccda54e86fccdc01e253b33e8ae8b91,499025,499025,bdd0706e18fe5c04f13d0693a9c0514f2cead4b0e49e40bfdf06dd56e2e45365,62151,d853e68515397e9949f0cd49d1291a712ed3bafaa71afb20873e5354f92d3743
000000000229,robot_state.q,phail/v1.0/dataset/rollouts/000000000000/000000000229/robot_state.q.parquet,faa5574b0bc4d5af44fb5b5efe852441,2424952,2424952,7720644858455432b755ce779a2dff8aab8403df3c249b3a42350ccd64ce482e,62151,9e13c431dee7465558b1feeef41eef2ad7319759af69cafa198766c393e70521
000000000230,robot_state.error,phail/v1.0/dataset/rollouts/000000000000/000000000230/robot_state.error.parquet,d7df1cef77d03bb64e20af33f636f083,46641,46641,91916bdd0df175b1054e397d9339e950f97438c241e9c643f829d2e611da8ebc,5833,d853e68515397e9949f0cd49d1291a712ed3bafaa71afb20873e5354f92d3743
000000000230,robot_state.q,phail/v1.0/dataset/rollouts/000000000000/000000000230/robot_state.q.parquet,d6063cca7055d66adbec3574809b6ebb,206747,206747,75ca474d1bd81fe92b09489db654315341cdac67a71e8a43e6d31a11788e0277,5833,9e13c431dee7465558b1feeef41eef2ad7319759af69cafa198766c393e70521
000000000231,robot_state.error,phail/v1.0/dataset/rollouts/000000000000/000000000231/robot_state.error.parquet,a81f2499e69ef0005e5faf9c04b86a7a,485024,485024,6b5a6b0f6717f26f5ffc68670f8f0c4597c4411d7544f3daaa44fdfae0748826,60359,d853e68515397e9949f0cd49d1291a712ed3bafaa71afb20873e5354f92d3743
000000000231,robot_state.q,phail/v1.0/dataset/rollouts/000000000000/000000000231/robot_state.q.parquet,d2641bb51b42acdd20d51e2f372c9939,2921413,2921413,7f9968967759062c65a9ab5cf3b25b1d752c3d970af88b793e84863831674b1d,60359,9e13c431dee7465558b1feeef41eef2ad7319759af69cafa198766c393e70521
000000000232,robot_state.error,phail/v1.0/dataset/rollouts/000000000000/000000000232/robot_state.error.parquet,aa54a26a91a0008c77385449f4159359,484975,484975,c292249025403b89ea0c0076d82c23ef14496354f68aa40bee83c45122e68af4,60613,d853e68515397e9949f0cd49d1291a712ed3bafaa71afb20873e5354f92d3743
000000000232,robot_state.q,phail/v1.0/dataset/rollouts/000000000000/000000000232/robot_state.q.parquet,faa5b5248b11d7825d0c1a96449a179c,3029227,3029227,14aa8cfd6910b8b243b31f950904b50f125ba514879693ef977f5fc6e1023df5,60613,9e13c431dee7465558b1feeef41eef2ad7319759af69cafa198766c393e70521
000000000233,robot_state.error,phail/v1.0/dataset/rollouts/000000000000/000000000233/robot_state.error.parquet,47c394b115402454fa942d5a01314e1e,502348,502348,7505059c6186b2503c23452732e5cee9f11231be94e83a093e168468838a67b5,62610,d853e68515397e9949f0cd49d1291a712ed3bafaa71afb20873e5354f92d3743
000000000233,robot_state.q,phail/v1.0/dataset/rollouts/000000000000/000000000233/robot_state.q.parquet,b88e58512c24e71d2c17ae4fa39f2356,2791905,2791905,0baf5f0a307df5b788522657a2962e5662e5e68811a8a1b1da4d1367474be04e,62610,9e13c431dee7465558b1feeef41eef2ad7319759af69cafa198766c393e70521
000000000234,robot_state.error,phail/v1.0/dataset/rollouts/000000000000/000000000234/robot_state.error.parquet,d383f55ed55f4b806fd6c63524ebf65a,570918,570918,725a48bada1adff8e8c5ccee442e14ec0df34cdd0d52b3dce50ea119357244a8,71414,d853e68515397e9949f0cd49d1291a712ed3bafaa71afb20873e5354f92d3743
000000000234,robot_state.q,phail/v1.0/dataset/rollouts/000000000000/000000000234/robot_state.q.parquet,0aa9ec047d612f3397bfd930c8f540fe,3560946,3560946,251279509d19d9a673e9fbc3e60d72d599e3b240138630d0ed47ebb9ecf1dbac,71414,9e13c431dee7465558b1feeef41eef2ad7319759af69cafa198766c393e70521
000000000235,robot_state.error,phail/v1.0/dataset/rollouts/000000000000/000000000235/robot_state.error.parquet,680520dec5d163886793fa8922689b5b,25533,25533,e57b5e47c0bc1ecbd8fb77003bac241b6e0eb0f78f910da1dd322c9f1a21fa8c,3196,d853e68515397e9949f0cd49d1291a712ed3bafaa71afb20873e5354f92d3743
000000000235,robot_state.q,phail/v1.0/dataset/rollouts/000000000000/000000000235/robot_state.q.parquet,33c2778849944b46790cc16cc1e09ff0,130231,130231,3bac5a68b0bec57dc079f1ae683d900e9083c0e4451b1548d696852b4874591e,3196,9e13c431dee7465558b1feeef41eef2ad7319759af69cafa198766c393e70521
000000000236,robot_state.error,phail/v1.0/dataset/rollouts/000000000000/000000000236/robot_state.error.parquet,5e72788090a239b1b579706aacea3ecc,606247,606247,b86b788421c4814efbefcefc9b76663b9723870c66db100a3c1e335843cb8620,75965,d853e68515397e9949f0cd49d1291a712ed3bafaa71afb20873e5354f92d3743
000000000236,robot_state.q,phail/v1.0/dataset/rollouts/000000000000/000000000236/robot_state.q.parquet,f215a503af21bd7d9323d352b37acd4a,3237902,3237902,040ba12a05287791b1bc50473732e16a3d7802bcafd686c3c944ccb4e4f8743a,75965,9e13c431dee7465558b1feeef41eef2ad7319759af69cafa198766c393e70521
000000000237,robot_state.error,phail/v1.0/dataset/rollouts/000000000000/000000000237/robot_state.error.parquet,09f3205239d38f5b098359b3eaa77e64,182316,182316,69d348fea3bc3ac6b42031695c6480464ef97a571de46e2bedb45eb86756289a,22804,d853e68515397e9949f0cd49d1291a712ed3bafaa71afb20873e5354f92d3743
000000000237,robot_state.q,phail/v1.0/dataset/rollouts/000000000000/000000000237/robot_state.q.parquet,cc90d506ad8e1d5561c1461f5b4ff123,1055507,1055507,dbebdccdbe2ac846f2d9a7fc912b0006778f0d4b64b935c8b5316211b843d761,22804,9e13c431dee7465558b1feeef41eef2ad7319759af69cafa198766c393e70521
000000000238,robot_state.error,phail/v1.0/dataset/rollouts/000000000000/000000000238/robot_state.error.parquet,a94f52857bc06d21b8e036ba66cce3db,577963,577963,5ef33556d8ff5a4b1b48e23e58ca24dfab4574b6feb0a77c9bf572631a5e6237,72319,d853e68515397e9949f0cd49d1291a712ed3bafaa71afb20873e5354f92d3743
000000000238,robot_state.q,phail/v1.0/dataset/rollouts/000000000000/000000000238/robot_state.q.parquet,39d6ad8e044818a315b4fcd8f09e51df,3499269,3499269,202aa2d89e4c84093cfc8c4ef48b9b52851c8b55665d7f22df0b2a400908da17,72319,9e13c431dee7465558b1feeef41eef2ad7319759af69cafa198766c393e70521
000000000239,robot_state.error,phail/v1.0/dataset/rollouts/000000000000/000000000239/robot_state.error.parquet,5b12ebd9eccc2fd6b9187337ee7b58cb,619437,619437,9351d7cbfbf5c2610a4d72055781b896d138d750bfd9fc7514e62eed29ef1a97,77679,d853e68515397e9949f0cd49d1291a712ed3bafaa71afb20873e5354f92d3743
000000000239,robot_state.q,phail/v1.0/dataset/rollouts/000000000000/000000000239/robot_state.q.parquet,5df55668286b423a52db24ae7381437b,3049737,3049737,f5d9d8451b6f9804c42649ed78c5b23d338de5a99cdddd2db9fe09464f5e5c2b,77679,9e13c431dee7465558b1feeef41eef2ad7319759af69cafa198766c393e70521
000000000240,robot_state.error,phail/v1.0/dataset/rollouts/000000000000/000000000240/robot_state.error.parquet,fdd1d36d79bf148b1303a65ca6178a95,561070,561070,a8481a2d12c87b9b44d27ab0227d62f20cd511bc3d5212c4c9f57f81f27905f4,70087,d853e68515397e9949f0cd49d1291a712ed3bafaa71afb20873e5354f92d3743
000000000240,robot_state.q,phail/v1.0/dataset/rollouts/000000000000/000000000240/robot_state.q.parquet,781c713ed9a049c679668ee852e5d965,3408196,3408196,693b64f82fa80b78b538f1965f157722588d5c6f144af927be39fc6d8fd76314,70087,9e13c431dee7465558b1feeef41eef2ad7319759af69cafa198766c393e70521
000000000241,robot_state.error,phail/v1.0/dataset/rollouts/000000000000/000000000241/robot_state.error.parquet,f24b5752b0c106a343e46c6ca5c92c2a,579361,579361,7983129ea80f079359f9da0550d6902cdb3ddb542baf99aa3cfdaa52970b463b,72510,d853e68515397e9949f0cd49d1291a712ed3bafaa71afb20873e5354f92d3743
000000000241,robot_state.q,phail/v1.0/dataset/rollouts/000000000000/000000000241/robot_state.q.parquet,aeccebddbd21e3b7ccb26715dc1e6857,3644245,3644245,e592c3f168dcd3017afcffdc23e3f1f21b684766964b7fe042467f8a850f3374,72510,9e13c431dee7465558b1feeef41eef2ad7319759af69cafa198766c393e70521
000000000242,robot_state.error,phail/v1.0/dataset/rollouts/000000000000/000000000242/robot_state.error.parquet,60a966a2b985e9d3fb83c0540264c09b,460769,460769,df0f634cc282559dba5eb331e1420656688c7686368445ed5a59f710f921619e,57756,d853e68515397e9949f0cd49d1291a712ed3bafaa71afb20873e5354f92d3743
000000000242,robot_state.q,phail/v1.0/dataset/rollouts/000000000000/000000000242/robot_state.q.parquet,d3ee66fb2fac0777a92de022a63569bf,2571510,2571510,68aeb8a632daf28e4187ae9532d56dee75784261ffd4ddb8a1069508bd4005a2,57756,9e13c431dee7465558b1feeef41eef2ad7319759af69cafa198766c393e70521
000000000243,robot_state.error,phail/v1.0/dataset/rollouts/000000000000/000000000243/robot_state.error.parquet,4f7976592a03036992c57b409d4c811a,456820,456820,da1564bc463487246780319b40ef347f404451418cc88ce9c6d4fc37c34f129f,56885,d853e68515397e9949f0cd49d1291a712ed3bafaa71afb20873e5354f92d3743
000000000243,robot_state.q,phail/v1.0/dataset/rollouts/000000000000/000000000243/robot_state.q.parquet,f172afae80feee4083f00ba55fa90947,2854954,2854954,417fe054e844c76e0e37bab0997334485adcc0b6eac4600fc54667004c3ed879,56885,9e13c431dee7465558b1feeef41eef2ad7319759af69cafa198766c393e70521
000000000244,robot_state.error,phail/v1.0/dataset/rollouts/000000000000/000000000244/robot_state.error.parquet,57ba4bb3f02985f530fbe114d9c2b668,471562,471562,cec455fab5ca0117597d5a0cb254094048c5d57a33ec9f462ce55e858defa80c,58886,d853e68515397e9949f0cd49d1291a712ed3bafaa71afb20873e5354f92d3743
000000000244,robot_state.q,phail/v1.0/dataset/rollouts/000000000000/000000000244/robot_state.q.parquet,5a0f5c2735ed00ab8413650cdbf74cf7,2780322,2780322,1d2348cb4ca7324b32fb036ada87a94055981f7740c44ca33bdb8852a6d53726,58886,9e13c431dee7465558b1feeef41eef2ad7319759af69cafa198766c393e70521
000000000245,robot_state.error,phail/v1.0/dataset/rollouts/000000000000/000000000245/robot_state.error.parquet,738d2afc7ad4fef048509d6233fd6716,450848,450848,1b0ffeaefb659a6f7db91540751117b49a51aeb6f24cd14f5e24e0af925f475e,56092,d853e68515397e9949f0cd49d1291a712ed3bafaa71afb20873e5354f92d3743
000000000245,robot_state.q,phail/v1.0/dataset/rollouts/000000000000/000000000245/robot_state.q.parquet,c096ee82a0be924f682d79af65d1e173,2781057,2781057,1a866330b1239f3abb872b4a8ca0693db76ae52b56b743e88c2bb0ac5fc73611,56092,9e13c431dee7465558b1feeef41eef2ad7319759af69cafa198766c393e70521
000000000246,robot_state.error,phail/v1.0/dataset/rollouts/000000000000/000000000246/robot_state.error.parquet,d2ee4fb51467a0f7d4aec3b143de9876,567205,567205,7ce72e1e9330a816f56aabb08f8945a752080e590fb2c3a717b40d9ed0636295,70910,d853e68515397e9949f0cd49d1291a712ed3bafaa71afb20873e5354f92d3743
000000000246,robot_state.q,phail/v1.0/dataset/rollouts/000000000000/000000000246/robot_state.q.parquet,973628af3362d05bf72aada11e4eae49,3544067,3544067,7684fed3e0d698ebf3c7dc66abec5062b406f06e04d0a9e88d61a495e4ceb3c0,70910,9e13c431dee7465558b1feeef41eef2ad7319759af69cafa198766c393e70521
000000000247,robot_state.error,phail/v1.0/dataset/rollouts/000000000000/000000000247/robot_state.error.parquet,c82cb798428316e0a4d838d30cdaa995,547686,547686,b1563e22608b57c209882bdb759cafd1a672dc56107af968acf50e21300d3324,68425,d853e68515397e9949f0cd49d1291a712ed3bafaa71afb20873e5354f92d3743
000000000247,robot_state.q,phail/v1.0/dataset/rollouts/000000000000/000000000247/robot_state.q.parquet,b901bf7490208b857f4042518755ad47,3323148,3323148,9e649f7f179399d610323e7797441fd408ea23e02bbf051125108e2be514b301,68425,9e13c431dee7465558b1feeef41eef2ad7319759af69cafa198766c393e70521
000000000248,robot_state.error,phail/v1.0/dataset/rollouts/000000000000/000000000248/robot_state.error.parquet,fd25afa65db59aaa4691f6525fb539cc,549231,549231,ddcae6944ef5b7ca90d096ba8f1e864fe0a3ff858abb0435942136a953ce7a79,68644,d853e68515397e9949f0cd49d1291a712ed3bafaa71afb20873e5354f92d3743
000000000248,robot_state.q,phail/v1.0/dataset/rollouts/000000000000/000000000248/robot_state.q.parquet,7ff5d21017caac8dbfa9d7a4bc546919,3430503,3430503,e0a45a02cd2cfdfe3a368bd950f1b894608f33ea19b9b65ea879faf079562397,68644,9e13c431dee7465558b1feeef41eef2ad7319759af69cafa198766c393e70521
000000000249,robot_state.error,phail/v1.0/dataset/rollouts/000000000000/000000000249/robot_state.error.parquet,c633c2c442506377aeb5f03afe308ad0,563633,563633,3f6a7f71c6232c5b3c2a5048905c8cf49bcfd7b799683cce306748ab0600284c,70470,d853e68515397e9949f0cd49d1291a712ed3bafaa71afb20873e5354f92d3743
000000000249,robot_state.q,phail/v1.0/dataset/rollouts/000000000000/000000000249/robot_state.q.parquet,35e8e0b2dd004e60bb17280b3b17280b,3514732,3514732,d8236e448d4982824735d6200b4a53f6a77fec4360b108176f5b5accab4610d9,70470,9e13c431dee7465558b1feeef41eef2ad7319759af69cafa198766c393e70521
000000000250,robot_state.error,phail/v1.0/dataset/rollouts/000000000000/000000000250/robot_state.error.parquet,1076107548dfa1cf7d9073eed6ef1056,454261,454261,e7773f57204afe57b2c02ff6452f4b1ef7573faccbb4ec9c9857bfc9ce5777be,56578,d853e68515397e9949f0cd49d1291a712ed3bafaa71afb20873e5354f92d3743
000000000250,robot_state.q,phail/v1.0/dataset/rollouts/000000000000/000000000250/robot_state.q.parquet,baae74f8f36f2f6f61e5ceda14049b50,2831105,2831105,101972f38dd22dd4a192983c6afe55bb44364bd306ee68cdc2181292b154f06e,56578,9e13c431dee7465558b1feeef41eef2ad7319759af69cafa198766c393e70521
000000000251,robot_state.error,phail/v1.0/dataset/rollouts/000000000000/000000000251/robot_state.error.parquet,2110078e238782b6b8df64f3365095b1,559843,559843,32b495b44e83b15e1d6f35703bd9757a69cc93efac28c3ac36f208b3b5999012,69993,d853e68515397e9949f0cd49d1291a712ed3bafaa71afb20873e5354f92d3743
000000000251,robot_state.q,phail/v1.0/dataset/rollouts/000000000000/000000000251/robot_state.q.parquet,5c54c7612d38010b7bb3cf8a1797a57e,3419921,3419921,f0723bab277ec79f67aa7f7b3a282b8c49b6a562d9f2e38f9e9af69d7b7e5c59,69993,9e13c431dee7465558b1feeef41eef2ad7319759af69cafa198766c393e70521
000000000252,robot_state.error,phail/v1.0/dataset/rollouts/000000000000/000000000252/robot_state.error.parquet,7b7af8bdd05ed2365875ad1ac9e000bd,477125,477125,034d2f0096f7cecaedf73979964b2cc4d24d35f9b88d6b7ee84fb331e8b1cb8c,59362,d853e68515397e9949f0cd49d1291a712ed3bafaa71afb20873e5354f92d3743
000000000252,robot_state.q,phail/v1.0/dataset/rollouts/000000000000/000000000252/robot_state.q.parquet,5593ff713e76a9b3dff4221206f4c35a,2559247,2559247,3e8e295e8cc236d95aed28a7cf1211d8dd1603af4dbcb4ccb561ee8db5714865,59362,9e13c431dee7465558b1feeef41eef2ad7319759af69cafa198766c393e70521
000000000253,robot_state.error,phail/v1.0/dataset/rollouts/000000000000/000000000253/robot_state.error.parquet,35a30044db8bb430c29e48f8f4ef4b68,582112,582112,bffe922d79052ac9a34071805009931ccf748c4bbb96099879ae5491c3b44698,72871,d853e68515397e9949f0cd49d1291a712ed3bafaa71afb20873e5354f92d3743
000000000253,robot_state.q,phail/v1.0/dataset/rollouts/000000000000/000000000253/robot_state.q.parquet,e0686a776c3d926a01b49bf7b1cc5559,3186141,3186141,aaf31707a19955c72bb1cbd55c4ebdbf1384f2e607f0644f1e97aa757a2d7258,72871,9e13c431dee7465558b1feeef41eef2ad7319759af69cafa198766c393e70521
000000000254,robot_state.error,phail/v1.0/dataset/rollouts/000000000000/000000000254/robot_state.error.parquet,198b3411666514ab86196033162fcda7,562426,562426,8031bc95ed6320411deb1af9944777529114d923bea1bc22ed854a56652df53f,70311,d853e68515397e9949f0cd49d1291a712ed3bafaa71afb20873e5354f92d3743
000000000254,robot_state.q,phail/v1.0/dataset/rollouts/000000000000/000000000254/robot_state.q.parquet,514de9f3e4bdea61db9e2cd39ec31303,3535679,3535679,d3c79d538808bb1197d6083d914dd6d70d468d798cf0f4058445c01fedaddd82,70311,9e13c431dee7465558b1feeef41eef2ad7319759af69cafa198766c393e70521
000000000255,robot_state.error,phail/v1.0/dataset/rollouts/000000000000/000000000255/robot_state.error.parquet,daac7cf36e1cb765f7eefc92b883887c,559143,559143,4ce09e9f08da5ac52c9acc5b142a7f6edd2caca985b54c93eff75423c6812b41,69906,d853e68515397e9949f0cd49d1291a712ed3bafaa71afb20873e5354f92d3743
000000000255,robot_state.q,phail/v1.0/dataset/rollouts/000000000000/000000000255/robot_state.q.parquet,8a538c03123ab1fcde459c1a33fa5c19,3499504,3499504,9a87b732aebe1dca4a783f045760765470101e94b3430c72bd5c27a6830a2ec8,69906,9e13c431dee7465558b1feeef41eef2ad7319759af69cafa198766c393e70521
000000000256,robot_state.error,phail/v1.0/dataset/rollouts/000000000000/000000000256/robot_state.error.parquet,4d644977f8d211efbdf589b5ecd9d090,76639,76639,8235013a4992fea4b74745cbbb9ca9f682723eecf11fe7b67c3055b21930c20a,9497,d853e68515397e9949f0cd49d1291a712ed3bafaa71afb20873e5354f92d3743
000000000256,robot_state.q,phail/v1.0/dataset/rollouts/000000000000/000000000256/robot_state.q.parquet,0b896d34d04158a1827cbec72f971281,306834,306834,213123e92680b8bea433e1e498c5c31d3b703d0cdc4b15e6a8e032f75a09dbab,9497,9e13c431dee7465558b1feeef41eef2ad7319759af69cafa198766c393e70521
000000000257,robot_state.error,phail/v1.0/dataset/rollouts/000000000000/000000000257/robot_state.error.parquet,74a836406ba503658734a4a25eac6c97,516100,516100,65cae8fcbba4cd8303553ed7b899719f81f426540465752f663eca3f12f077fe,64430,d853e68515397e9949f0cd49d1291a712ed3bafaa71afb20873e5354f92d3743
000000000257,robot_state.q,phail/v1.0/dataset/rollouts/000000000000/000000000257/robot_state.q.parquet,cba992df448fb7282e3f0341f501360f,3221439,3221439,54e7d3d18e022bbe906f77f3068f284daa551677889967dbe6ab942a8901915b,64430,9e13c431dee7465558b1feeef41eef2ad7319759af69cafa198766c393e70521
000000000258,robot_state.error,phail/v1.0/dataset/rollouts/000000000000/000000000258/robot_state.error.parquet,30338ecb3e069cc18036eae33ba74c5f,568350,568350,d24220770ef4c4b33e36d562858bc3ca32f8cfb11ee5f6adfd49f2bb35e581f7,71099,d853e68515397e9949f0cd49d1291a712ed3bafaa71afb20873e5354f92d3743
000000000258,robot_state.q,phail/v1.0/dataset/rollouts/000000000000/000000000258/robot_state.q.parquet,c695ad4e373adc28ff98072a3f41dec2,3550233,3550233,5b8e0a364b78473077ea616b32c01af75f7156bdffc3a85e9dc6cbf00bbe925c,71099,9e13c431dee7465558b1feeef41eef2ad7319759af69cafa198766c393e70521
000000000259,robot_state.error,phail/v1.0/dataset/rollouts/000000000000/000000000259/robot_state.error.parquet,edfda7e11e228f1c9dbfdba60d52cd15,475811,475811,cd46308d7e4723b8e19f8e53d8443a3504c26ce99dbe35f3f7b33dd58f78a749,59247,d853e68515397e9949f0cd49d1291a712ed3bafaa71afb20873e5354f92d3743
000000000259,robot_state.q,phail/v1.0/dataset/rollouts/000000000000/000000000259/robot_state.q.parquet,c1dde2d4070e16aa7d27a26097e7031c,2980355,2980355,f861481a264f3fc3a77a6a37f17bdb244c548367c6d42d995dcba2ee1b9657a2,59247,9e13c431dee7465558b1feeef41eef2ad7319759af69cafa198766c393e70521
000000000260,robot_state.error,phail/v1.0/dataset/rollouts/000000000000/000000000260/robot_state.error.parquet,f5f7944b9b781fdcc22978b9472b2346,602715,602715,a2ad189db4296678831a70f734da4a5e2ffe76552af1a290a52d6c4258a10234,75508,d853e68515397e9949f0cd49d1291a712ed3bafaa71afb20873e5354f92d3743
000000000260,robot_state.q,phail/v1.0/dataset/rollouts/000000000000/000000000260/robot_state.q.parquet,ac014c0e1805405620f8a9dba5ba7ef1,2966699,2966699,e32ac1312eacc03eaacb81a14d02224a1576576f9f3f5023b7e3da49a7014ddf,75508,9e13c431dee7465558b1feeef41eef2ad7319759af69cafa198766c393e70521
000000000261,robot_state.error,phail/v1.0/dataset/rollouts/000000000000/000000000261/robot_state.error.parquet,bc0aeff9b764b82c77e60dc1f0e5b724,611553,611553,5549a3317a5b99d27ff5937007a881e93501319479dbab11274b71396afbbd75,76687,d853e68515397e9949f0cd49d1291a712ed3bafaa71afb20873e5354f92d3743
000000000261,robot_state.q,phail/v1.0/dataset/rollouts/000000000000/000000000261/robot_state.q.parquet,288f8ce7ba980df247991c71f58c3df2,3307802,3307802,815689ad69fe1fc30c98ba9c4fea8dad6f74c1610c20b08099a9441608669d60,76687,9e13c431dee7465558b1feeef41eef2ad7319759af69cafa198766c393e70521
000000000262,robot_state.error,phail/v1.0/dataset/rollouts/000000000000/000000000262/robot_state.error.parquet,fe8e1c69d323ccca9576568266da7608,433951,433951,887d1a12472cd29f68f69f3ffbed443d437e469bee78c68af662ef692b83070c,54078,d853e68515397e9949f0cd49d1291a712ed3bafaa71afb20873e5354f92d3743
000000000262,robot_state.q,phail/v1.0/dataset/rollouts/000000000000/000000000262/robot_state.q.parquet,09206e963e70d10d8743e397dcf8fea8,2587475,2587475,34f77f961811eee5c6ed5b95a27d3380c5621e2217572a465620a7fb39251ae5,54078,9e13c431dee7465558b1feeef41eef2ad7319759af69cafa198766c393e70521
000000000263,robot_state.error,phail/v1.0/dataset/rollouts/000000000000/000000000263/robot_state.error.parquet,ce1fbe61ec5d7befc7b78f08da2ec966,452490,452490,f7695d1ee17b075c1d8c8788e716e89924d4ccc9280be779b4a76e14c31b0e58,56342,d853e68515397e9949f0cd49d1291a712ed3bafaa71afb20873e5354f92d3743
000000000263,robot_state.q,phail/v1.0/dataset/rollouts/000000000000/000000000263/robot_state.q.parquet,abcb46e2bcd5f39d1d752a04b24299e4,2495134,2495134,4c6e173db1778fe1f360dea08a3a04b7cf6706325869458f95ac7231cf772b58,56342,9e13c431dee7465558b1feeef41eef2ad7319759af69cafa198766c393e70521
000000000264,robot_state.error,phail/v1.0/dataset/rollouts/000000000000/000000000264/robot_state.error.parquet,178ff0cf5860e141ef1fec58d0b8946a,288869,288869,11e80bd3b7bb344a57b8f3eb1b3a587bf5818833ef602c7a6efd4725e653ef23,36240,d853e68515397e9949f0cd49d1291a712ed3bafaa71afb20873e5354f92d3743
000000000264,robot_state.q,phail/v1.0/dataset/rollouts/000000000000/000000000264/robot_state.q.parquet,f7983d48a5470aef6ce9a0e5664fa5ff,1425229,1425229,3e42bf7d14c316bf32ce10430b493865632108e14f60215954f4a822171ed17e,36240,9e13c431dee7465558b1feeef41eef2ad7319759af69cafa198766c393e70521
000000000265,robot_state.error,phail/v1.0/dataset/rollouts/000000000000/000000000265/robot_state.error.parquet,4df2a324ced23a4885691a10d0075b8a,585031,585031,91ecaa59257b068012ff89ff50a4d7768a954e30e935a89180fbbdc76ab28c41,73289,d853e68515397e9949f0cd49d1291a712ed3bafaa71afb20873e5354f92d3743
000000000265,robot_state.q,phail/v1.0/dataset/rollouts/000000000000/000000000265/robot_state.q.parquet,be46f17cb076c8926c0dca3fd97a4683,3543236,3543236,e27adbe8aa1354fcbfd7c1b62d97ccf13f2c41e478e7025d16015595ee5c7516,73289,9e13c431dee7465558b1feeef41eef2ad7319759af69cafa198766c393e70521
000000000266,robot_state.error,phail/v1.0/dataset/rollouts/000000000000/000000000266/robot_state.error.parquet,cded04945ac9df4a250aac189c223d21,35045,35045,b1d963eb47148b834fe978d722041721bfde22854e6e5e5a3dd97236c8d31379,4361,d853e68515397e9949f0cd49d1291a712ed3bafaa71afb20873e5354f92d3743
000000000266,robot_state.q,phail/v1.0/dataset/rollouts/000000000000/000000000266/robot_state.q.parquet,6518393b18bca9d727ece36621730846,180134,180134,57e98c50a6ec398e297ffa8ca03d2e45621823a42c412fab787442af2af1fc76,4361,9e13c431dee7465558b1feeef41eef2ad7319759af69cafa198766c393e70521
000000000267,robot_state.error,phail/v1.0/dataset/rollouts/000000000000/000000000267/robot_state.error.parquet,757dfc8afff0cbcfe09fed5bfb017690,470007,470007,fa605b79ce678db06c7f92a56f5195bd60ff277c53d280f709c8f1fd72370618,58530,d853e68515397e9949f0cd49d1291a712ed3bafaa71afb20873e5354f92d3743
000000000267,robot_state.q,phail/v1.0/dataset/rollouts/000000000000/000000000267/robot_state.q.parquet,fbf46d6115eb66e77feb4e1af2abd95c,2851097,2851097,63c503ee787a5251cd4270a019bc6350b16ff682fabfa6f98a038c95e0410018,58530,9e13c431dee7465558b1feeef41eef2ad7319759af69cafa198766c393e70521
000000000268,robot_state.error,phail/v1.0/dataset/rollouts/000000000000/000000000268/robot_state.error.parquet,e4581a7bed0f7cfd952ef29fc59b9bf1,551360,551360,e3fdb3a31b932ce82261e9befa0c9cd4be64638e195f7dd5ee86b363a2609c3a,68965,d853e68515397e9949f0cd49d1291a712ed3bafaa71afb20873e5354f92d3743
000000000268,robot_state.q,phail/v1.0/dataset/rollouts/000000000000/000000000268/robot_state.q.parquet,b0db6a94e69fe17f8ca51ce4ceb4e6f1,3440186,3440186,6ffcdceb7f572ef55a298170668cd5147b4a0780b9c33448a2dfc80501b94924,68965,9e13c431dee7465558b1feeef41eef2ad7319759af69cafa198766c393e70521
000000000269,robot_state.error,phail/v1.0/dataset/rollouts/000000000000/000000000269/robot_state.error.parquet,64973a8b8873580fe29a5846cdf329b8,627244,627244,c502750b814fbb60154003ef76eac58e6d83d0ca5df977ec624f276d19a2704e,78541,d853e68515397e9949f0cd49d1291a712ed3bafaa71afb20873e5354f92d3743
000000000269,robot_state.q,phail/v1.0/dataset/rollouts/000000000000/000000000269/robot_state.q.parquet,f030954a0a076cb76c2ed802201cfd5f,2303074,2303074,654b5bf2d609c54261d8f11b7c9301720048ef81a58621345f9900bae389f6d2,78541,9e13c431dee7465558b1feeef41eef2ad7319759af69cafa198766c393e70521
000000000270,robot_state.error,phail/v1.0/dataset/rollouts/000000000000/000000000270/robot_state.error.parquet,53c7a72b77d8ad0d201d6353e9fa8039,435547,435547,4607e512a93d554002b76527d6c3934a07b38c62c44b64f6c5bb2615e4817b56,54512,d853e68515397e9949f0cd49d1291a712ed3bafaa71afb20873e5354f92d3743
000000000270,robot_state.q,phail/v1.0/dataset/rollouts/000000000000/000000000270/robot_state.q.parquet,498f638c1ed64a5d118ceaf8a1067f79,2650476,2650476,e5676c9486e481e78196b58b05ebeded031333663a71bd111a418d2516ee0b01,54512,9e13c431dee7465558b1feeef41eef2ad7319759af69cafa198766c393e70521
000000000271,robot_state.error,phail/v1.0/dataset/rollouts/000000000000/000000000271/robot_state.error.parquet,ed3a2c16355c89fb747c7e8db9a34c94,582624,582624,eaca7e7cdd0801258b433a4ad1ace3da0db86b0e5e4a7056ab2ac1078ea374ee,73011,d853e68515397e9949f0cd49d1291a712ed3bafaa71afb20873e5354f92d3743
000000000271,robot_state.q,phail/v1.0/dataset/rollouts/000000000000/000000000271/robot_state.q.parquet,f9f9328ee9aa145254633fca2dfef43f,3310204,3310204,b452b0e9dbf5f136b8fecf672c1c02010db6b5ea8f431d066b857d218dac0fdf,73011,9e13c431dee7465558b1feeef41eef2ad7319759af69cafa198766c393e70521
000000000272,robot_state.error,phail/v1.0/dataset/rollouts/000000000000/000000000272/robot_state.error.parquet,b94411e16bcb83f70704267fe3c30e3e,280681,280681,069e0694e2c5efb860267543b5da3b504f5f0869421dce3e24184d87668bef58,35016,d853e68515397e9949f0cd49d1291a712ed3bafaa71afb20873e5354f92d3743
000000000272,robot_state.q,phail/v1.0/dataset/rollouts/000000000000/000000000272/robot_state.q.parquet,1d4a3dedda783a8efc28b80fbcb0fb75,1292033,1292033,58d4175909c3993788d5637be59440a5c78d789f62db3579e3d478fc84357c5c,35016,9e13c431dee7465558b1feeef41eef2ad7319759af69cafa198766c393e70521
000000000273,robot_state.error,phail/v1.0/dataset/rollouts/000000000000/000000000273/robot_state.error.parquet,dc8cbe617007bd8933fd528f042d7ef0,556459,556459,2f0ee3f2c040cb916c966eaa70b4fc789a0b6451ec78bfaebc17b968da7c6d2f,69602,d853e68515397e9949f0cd49d1291a712ed3bafaa71afb20873e5354f92d3743
000000000273,robot_state.q,phail/v1.0/dataset/rollouts/000000000000/000000000273/robot_state.q.parquet,575a3f7cb2a322710d557fe2414b0398,3482816,3482816,af64812676a01843e44f62f742075704747a31f78d77ca232ef941e5ed9b727a,69602,9e13c431dee7465558b1feeef41eef2ad7319759af69cafa198766c393e70521
000000000274,robot_state.error,phail/v1.0/dataset/rollouts/000000000000/000000000274/robot_state.error.parquet,aef313063d0fef0f233a5e23c349de3a,357811,357811,276b0673ba584523c1c72db20adc34ff81976173d57d4dacc12fedb1057e75af,44756,d853e68515397e9949f0cd49d1291a712ed3bafaa71afb20873e5354f92d3743
000000000274,robot_state.q,phail/v1.0/dataset/rollouts/000000000000/000000000274/robot_state.q.parquet,ac2fab64b86a04776d3b36fecad8c00f,2163677,2163677,6eaa91186fc585aa073c541954f59907a84da32f149150bc005683fd4eec1ee5,44756,9e13c431dee7465558b1feeef41eef2ad7319759af69cafa198766c393e70521
000000000275,robot_state.error,phail/v1.0/dataset/rollouts/000000000000/000000000275/robot_state.error.parquet,83c4c938dce466f206b597bad623dea2,229352,229352,5b80916198bc7341b19dcc03e6a153e5b3d80905a28430fe0a90dd11ac738819,28614,d853e68515397e9949f0cd49d1291a712ed3bafaa71afb20873e5354f92d3743
000000000275,robot_state.q,phail/v1.0/dataset/rollouts/000000000000/000000000275/robot_state.q.parquet,e3800a76807210ea4a91a617372c9cdb,1377677,1377677,72f8d2383787285d1928c05082c5ec3dc14c0b005b2230dda0e4e2472f37bbed,28614,9e13c431dee7465558b1feeef41eef2ad7319759af69cafa198766c393e70521
000000000276,robot_state.error,phail/v1.0/dataset/rollouts/000000000000/000000000276/robot_state.error.parquet,6fd5e9d116dacdd434bfba50c8b8b7f8,530955,530955,3a494b2a76ae5a0fe11da8709110c8b297c21d5070770f9d7b0fd26c3c5832d4,66340,d853e68515397e9949f0cd49d1291a712ed3bafaa71afb20873e5354f92d3743
000000000276,robot_state.q,phail/v1.0/dataset/rollouts/000000000000/000000000276/robot_state.q.parquet,b34ab078dc405b54ddc67b6ad6907775,3244906,3244906,806c902902bfd905fa76b02aaeac8ede100a65767057204b771d41e4bf3ebf6b,66340,9e13c431dee7465558b1feeef41eef2ad7319759af69cafa198766c393e70521
000000000277,robot_state.error,phail/v1.0/dataset/rollouts/000000000000/000000000277/robot_state.error.parquet,24a0cbfc7a3da0bf6124156874912847,273730,273730,9e86908f03b6cc44c574cd85b03a66e97cc19b4644e8abfbc28c238afc50ea69,34176,d853e68515397e9949f0cd49d1291a712ed3bafaa71afb20873e5354f92d3743
000000000277,robot_state.q,phail/v1.0/dataset/rollouts/000000000000/000000000277/robot_state.q.parquet,36cc979860ba093d4b9647933ce92020,1650086,1650086,3f17414554e39452634a73d6fb6360dac64021c3702f9bfbe655094f7ebe8522,34176,9e13c431dee7465558b1feeef41eef2ad7319759af69cafa198766c393e70521
000000000278,robot_state.error,phail/v1.0/dataset/rollouts/000000000000/000000000278/robot_state.error.parquet,e6298b485ec7fa601b44ffbff83801bf,305052,305052,88e380f345fba0ccea035acb5cb99b480eefc9d0691813162318fe1f63059a9e,38047,d853e68515397e9949f0cd49d1291a712ed3bafaa71afb20873e5354f92d3743
000000000278,robot_state.q,phail/v1.0/dataset/rollouts/000000000000/000000000278/robot_state.q.parquet,24d39261f6620ec9be76168704c4436d,1350966,1350966,b5518b0ad35d01e831d978d3fc48e9034ff76e98254c358e13fe14ed790a32d6,38047,9e13c431dee7465558b1feeef41eef2ad7319759af69cafa198766c393e70521
000000000279,robot_state.error,phail/v1.0/dataset/rollouts/000000000000/000000000279/robot_state.error.parquet,87bd640b0198ee66fc954abc0a2b5987,489574,489574,0e3c70b5355f144c7fb336b383c597f2b9280e9ff489847c1a69600fb8f15cfb,61271,d853e68515397e9949f0cd49d1291a712ed3bafaa71afb20873e5354f92d3743
000000000279,robot_state.q,phail/v1.0/dataset/rollouts/000000000000/000000000279/robot_state.q.parquet,4929b185e2f6347267c95aa3c0fb12f7,3076964,3076964,423612076a35a93bfd440f058d2caa274eba29064b8ba629ea56ae8fe34a8d59,61271,9e13c431dee7465558b1feeef41eef2ad7319759af69cafa198766c393e70521
000000000280,robot_state.error,phail/v1.0/dataset/rollouts/000000000000/000000000280/robot_state.error.parquet,9cc32ffc419d8d2a10214cbcdc0ee406,448401,448401,de6de11a85382a24ce14e638afc9bfabb3d602ba51ec2bf73adc04f58323dd22,56226,d853e68515397e9949f0cd49d1291a712ed3bafaa71afb20873e5354f92d3743
000000000280,robot_state.q,phail/v1.0/dataset/rollouts/000000000000/000000000280/robot_state.q.parquet,4718e42365dc26b3a0f33cbb13562532,2672508,2672508,271391a9cd8c8f64e7a19d429d068817c5a20a96479a06898904df7919214372,56226,9e13c431dee7465558b1feeef41eef2ad7319759af69cafa198766c393e70521
000000000281,robot_state.error,phail/v1.0/dataset/rollouts/000000000000/000000000281/robot_state.error.parquet,0d16c6f69cf82aeca2b098152834fa24,76283,76283,8dfda77ea76e992cbcb48be0722315cfafbd77e70dcaaf23a5c44616effdec1f,9487,d853e68515397e9949f0cd49d1291a712ed3bafaa71afb20873e5354f92d3743
000000000281,robot_state.q,phail/v1.0/dataset/rollouts/000000000000/000000000281/robot_state.q.parquet,af7ff5ab6976b5e605cc4ed01ad193e1,470902,470902,00e0e2699435f8fc057ac8aa6557ffeafc874d2566922bde8d1cc7811b6f29ad,9487,9e13c431dee7465558b1feeef41eef2ad7319759af69cafa198766c393e70521
000000000282,robot_state.error,phail/v1.0/dataset/rollouts/000000000000/000000000282/robot_state.error.parquet,e2f3197d116dd918eb67eb4ce9e4eb27,474437,474437,6a1492287ab12cf46d35586be269739c3118924d8d75c5551ce150e018031b71,59177,d853e68515397e9949f0cd49d1291a712ed3bafaa71afb20873e5354f92d3743
000000000282,robot_state.q,phail/v1.0/dataset/rollouts/000000000000/000000000282/robot_state.q.parquet,255e680cab5e0720db736a11d80aebca,2971646,2971646,28b89e05759e92b874cbab97258571941e7b68f39d0bebf65e0cc59f779e83ca,59177,9e13c431dee7465558b1feeef41eef2ad7319759af69cafa198766c393e70521
000000000283,robot_state.error,phail/v1.0/dataset/rollouts/000000000000/000000000283/robot_state.error.parquet,8d35f6a90b22b1d37c7b1031b3c14b33,322484,322484,d2e4c8b4253f0236ba6d9808d2b3db544542f2f13ba2c6efa27dd53fc6054237,40314,d853e68515397e9949f0cd49d1291a712ed3bafaa71afb20873e5354f92d3743
000000000283,robot_state.q,phail/v1.0/dataset/rollouts/000000000000/000000000283/robot_state.q.parquet,61186355259c4831d17a228220b451fc,1939239,1939239,74648822a34bdcf67af17b7e4c35af534390e731d61f5e593a68b810550bd312,40314,9e13c431dee7465558b1feeef41eef2ad7319759af69cafa198766c393e70521
000000000284,robot_state.error,phail/v1.0/dataset/rollouts/000000000000/000000000284/robot_state.error.parquet,5139f873cb6ac2bbe72938b058ca2a85,478571,478571,78607d668b7bcd1c62c67868cd8cba2bd95083d2f916cb596a83054f9b811a39,59721,d853e68515397e9949f0cd49d1291a712ed3bafaa71afb20873e5354f92d3743
000000000284,robot_state.q,phail/v1.0/dataset/rollouts/000000000000/000000000284/robot_state.q.parquet,21a9764d5dd0a6af2935b8db2e6a4133,3012457,3012457,edf9ad3d7c1a71909e23164c8a56a3d4c86e93de974d471e7b2203a70838a862,59721,9e13c431dee7465558b1feeef41eef2ad7319759af69cafa198766c393e70521
000000000285,robot_state.error,phail/v1.0/dataset/rollouts/000000000000/000000000285/robot_state.error.parquet,3d20f1d0c45233b794551c0e80c75e02,516405,516405,18a40c3bd9816474f386180ae64f9503e6a2ee8d163a7eca4b0a31b74ae11d2a,64576,d853e68515397e9949f0cd49d1291a712ed3bafaa71afb20873e5354f92d3743
000000000285,robot_state.q,phail/v1.0/dataset/rollouts/000000000000/000000000285/robot_state.q.parquet,e7cef5cbdd0ae22346d9d02ece949c6a,3252400,3252400,f58ebf03f1bc6db6407276ad683a311fae9bd3682d3b0cf736686a40879fac18,64576,9e13c431dee7465558b1feeef41eef2ad7319759af69cafa198766c393e70521
000000000286,robot_state.error,phail/v1.0/dataset/rollouts/000000000000/000000000286/robot_state.error.parquet,425761d3e0cbfb36eeb6783758a224e6,269920,269920,28278189713176842fcc5d9961387116c79983a5489f7d38168d2f7bc0cb7edc,33740,d853e68515397e9949f0cd49d1291a712ed3bafaa71afb20873e5354f92d3743
000000000286,robot_state.q,phail/v1.0/dataset/rollouts/000000000000/000000000286/robot_state.q.parquet,0a20cfd45c55b336ae2c8558415a0a39,1700557,1700557,dba380b5a4dbcc61cf1ec979893d42dfcb3d8e9a3163684eb9a407352ccf085a,33740,9e13c431dee7465558b1feeef41eef2ad7319759af69cafa198766c393e70521
000000000287,robot_state.error,phail/v1.0/dataset/rollouts/000000000000/000000000287/robot_state.error.parquet,058ea5a30f2c97b844d88c38a85b51a8,178508,178508,03af0c9e1b9e39b461488ba0fbd0b4502376082242f6a2849f3a15e995830bb1,22269,d853e68515397e9949f0cd49d1291a712ed3bafaa71afb20873e5354f92d3743
000000000287,robot_state.q,phail/v1.0/dataset/rollouts/000000000000/000000000287/robot_state.q.parquet,f9e3cf6ec45423cbede59b59386f6e31,1121617,1121617,3f317ef70c827aeb648a7d8f7728a632e7c12f631a50cf7bec818dc0f1ee38e3,22269,9e13c431dee7465558b1feeef41eef2ad7319759af69cafa198766c393e70521
000000000288,robot_state.error,phail/v1.0/dataset/rollouts/000000000000/000000000288/robot_state.error.parquet,e32679a193ca6cb446983fd903db2be2,409609,409609,b6a34bec35fc82536cef81d019a5768f6af683302e659b14d5ddbe85dfdf5280,51303,d853e68515397e9949f0cd49d1291a712ed3bafaa71afb20873e5354f92d3743
000000000288,robot_state.q,phail/v1.0/dataset/rollouts/000000000000/000000000288/robot_state.q.parquet,7ab3674c19a503e8cc43094a2dac9f12,2471499,2471499,4acfd91f38f0852753e01f3976597ebbea7f25cc10f8c90e98097c4d04419515,51303,9e13c431dee7465558b1feeef41eef2ad7319759af69cafa198766c393e70521
000000000289,robot_state.error,phail/v1.0/dataset/rollouts/000000000000/000000000289/robot_state.error.parquet,5549e3289734a9a8e792d5ada82276e3,402756,402756,b4f66884da6ae6843affbc4d70fe92b896b1fd6fa3f85d49ba3c2a3d55f2006d,50411,d853e68515397e9949f0cd49d1291a712ed3bafaa71afb20873e5354f92d3743
000000000289,robot_state.q,phail/v1.0/dataset/rollouts/000000000000/000000000289/robot_state.q.parquet,7538f7a704b21fb239e9d6852570177b,2431953,2431953,1da7fa5769ba4280f9d28de72cf301762ddd4bba1d2a7ad46aaac75587fc76cc,50411,9e13c431dee7465558b1feeef41eef2ad7319759af69cafa198766c393e70521
000000000290,robot_state.error,phail/v1.0/dataset/rollouts/000000000000/000000000290/robot_state.error.parquet,fbc0aa09fab384694b669116438e2879,504359,504359,34d61187590129f91c1fa5b87accd87679cbab6303c41efb7c2aeb8132f2208c,63044,d853e68515397e9949f0cd49d1291a712ed3bafaa71afb20873e5354f92d3743
000000000290,robot_state.q,phail/v1.0/dataset/rollouts/000000000000/000000000290/robot_state.q.parquet,8ef91f0e1e43948e0504fd17ca3c2b06,3157802,3157802,4eb0bd94f06cf20a1233ee9960f2e2794d4422790c926c3e3133c03ab6121442,63044,9e13c431dee7465558b1feeef41eef2ad7319759af69cafa198766c393e70521
000000000291,robot_state.error,phail/v1.0/dataset/rollouts/000000000000/000000000291/robot_state.error.parquet,3b672f4d638b9cc35a8bab45e37d3b99,589355,589355,84c4b0839a88999911404d9bffdc43920354103f3b2f350c45d97fc24be1eb99,73948,d853e68515397e9949f0cd49d1291a712ed3bafaa71afb20873e5354f92d3743
000000000291,robot_state.q,phail/v1.0/dataset/rollouts/000000000000/000000000291/robot_state.q.parquet,3524fbe8fec2dd18a4470caf2b3fc8eb,3550286,3550286,fb7a7a01c4945cc91b4dfa5f2b5a96356e0a6baee021ac673b7b9ebf73debe0e,73948,9e13c431dee7465558b1feeef41eef2ad7319759af69cafa198766c393e70521
000000000292,robot_state.error,phail/v1.0/dataset/rollouts/000000000000/000000000292/robot_state.error.parquet,1e31dcacfbe71633b605c1f88bb841e3,432968,432968,c2e260745465dd2b1e9d3d13501d163390f4d5f8971f78c6a1d69f97341ea3fe,54229,d853e68515397e9949f0cd49d1291a712ed3bafaa71afb20873e5354f92d3743
000000000292,robot_state.q,phail/v1.0/dataset/rollouts/000000000000/000000000292/robot_state.q.parquet,f9efaeb34ce1c6dd5fc6f78a8518ffc5,2617796,2617796,a0e1cdedbc2f10c4bbcb304c02fd5ed08ef8b55b26f5567d6d92de40ac0c6e6c,54229,9e13c431dee7465558b1feeef41eef2ad7319759af69cafa198766c393e70521
000000000293,robot_state.error,phail/v1.0/dataset/rollouts/000000000000/000000000293/robot_state.error.parquet,9d0929961e31e6e38d55c07717566cf9,499696,499696,81f51ba26408301b5c2b3f309904d4455af821017b43d7d8fddf279778ee3605,62426,d853e68515397e9949f0cd49d1291a712ed3bafaa71afb20873e5354f92d3743
000000000293,robot_state.q,phail/v1.0/dataset/rollouts/000000000000/000000000293/robot_state.q.parquet,e66d038e9f14d55de75ff6767ae5611e,3152349,3152349,a87fe025ab9ef305299ab3e08c1b7ca1651937acd161542e9b6457addf282a1b,62426,9e13c431dee7465558b1feeef41eef2ad7319759af69cafa198766c393e70521
000000000294,robot_state.error,phail/v1.0/dataset/rollouts/000000000000/000000000294/robot_state.error.parquet,a0f0454b910ba1c043df1f02dbb3e816,628035,628035,334af5b1477f99e98deeec3f99c079cb5f4202b325e20b66e6482bebe42f76a8,78816,d853e68515397e9949f0cd49d1291a712ed3bafaa71afb20873e5354f92d3743
000000000294,robot_state.q,phail/v1.0/dataset/rollouts/000000000000/000000000294/robot_state.q.parquet,315d65890680c589b8179f2a8ae08d27,3779375,3779375,a6db9aba99ce203b024679ee168d8f1598cc2c5e0c27c603e33241c8a125d542,78816,9e13c431dee7465558b1feeef41eef2ad7319759af69cafa198766c393e70521
000000000295,robot_state.error,phail/v1.0/dataset/rollouts/000000000000/000000000295/robot_state.error.parquet,54539624e9ffb38ddab58dab3ddf7d26,593412,593412,126d4cd2911b20fd353c9c8b0050bfc4ff9d7921d8f50eb7f66ddae43ea927b9,74414,d853e68515397e9949f0cd49d1291a712ed3bafaa71afb20873e5354f92d3743
000000000295,robot_state.q,phail/v1.0/dataset/rollouts/000000000000/000000000295/robot_state.q.parquet,05577189ba46f0004536cf08b51c2991,3452923,3452923,c872a7aaccf4cf5e26b47bc477083fde4f3f3f94eca9bc9a2cb812106053bf2d,74414,9e13c431dee7465558b1feeef41eef2ad7319759af69cafa198766c393e70521
000000000296,robot_state.error,phail/v1.0/dataset/rollouts/000000000000/000000000296/robot_state.error.parquet,e6e9810a5b94b5f9c6ca53c3e1bc4209,559986,559986,bcdad19649ac1466372d3fac6a6ccd4b2910093c75e77c335335f2e79e0c9949,70060,d853e68515397e9949f0cd49d1291a712ed3bafaa71afb20873e5354f92d3743
000000000296,robot_state.q,phail/v1.0/dataset/rollouts/000000000000/000000000296/robot_state.q.parquet,bf29235829e379cf31fe215dad597b47,3327080,3327080,d4796f87432977a0c47618cf090f1636e4e2e531cd231a9591b057e7742bfcb4,70060,9e13c431dee7465558b1feeef41eef2ad7319759af69cafa198766c393e70521
000000000297,robot_state.error,phail/v1.0/dataset/rollouts/000000000000/000000000297/robot_state.error.parquet,69a690a0863eb9db30db2f9ce5d4e4f4,581071,581071,32b282c8f26b1836538a71d3c4577036c3aef91640d785ab76aa07945dca2675,72846,d853e68515397e9949f0cd49d1291a712ed3bafaa71afb20873e5354f92d3743
000000000297,robot_state.q,phail/v1.0/dataset/rollouts/000000000000/000000000297/robot_state.q.parquet,6179f91a28bd6b74f8f7f5b67b855e2c,3482070,3482070,fbf563deef54dd49c85b0211c63aaca5e30dfa94e290ec078a4dc9503017355c,72846,9e13c431dee7465558b1feeef41eef2ad7319759af69cafa198766c393e70521
000000000298,robot_state.error,phail/v1.0/dataset/rollouts/000000000000/000000000298/robot_state.error.parquet,9c19fabfcba6b483c6788e34f31aca51,601798,601798,721e962ec51882ce559b44142a24e498560c43b16628d8f48376ea276063aff5,75489,d853e68515397e9949f0cd49d1291a712ed3bafaa71afb20873e5354f92d3743
000000000298,robot_state.q,phail/v1.0/dataset/rollouts/000000000000/000000000298/robot_state.q.parquet,42e7112d6af4b3a5278c76b34b28c923,3529633,3529633,9f70fff35862279ae6313de7fd2e682997c87f3a8edd0ccb2dcb2949a05e6fc9,75489,9e13c431dee7465558b1feeef41eef2ad7319759af69cafa198766c393e70521
000000000299,robot_state.error,phail/v1.0/dataset/rollouts/000000000000/000000000299/robot_state.error.parquet,cd444dd3c079b6027485aab4f354656c,338915,338915,0112390efee9fab3d5eaf18c265c4f9f3602787a597003ebb6d8a837dce371d1,42449,d853e68515397e9949f0cd49d1291a712ed3bafaa71afb20873e5354f92d3743
000000000299,robot_state.q,phail/v1.0/dataset/rollouts/000000000000/000000000299/robot_state.q.parquet,ecda64c1e9a84f2b7da55fb6f6374803,2042714,2042714,ad82f6fea92d89585230053ee06f32cce30ca10b692cdbde4ca282415658d364,42449,9e13c431dee7465558b1feeef41eef2ad7319759af69cafa198766c393e70521
000000000300,robot_state.error,phail/v1.0/dataset/rollouts/000000000000/000000000300/robot_state.error.parquet,adcd621d7656a997b812f9495bbc4c5a,368974,368974,7c7ddb35cd7ffd29ee0a1c0b0687e125c5707848ff09b99b4a33a2c7c4d90f6b,45898,d853e68515397e9949f0cd49d1291a712ed3bafaa71afb20873e5354f92d3743
000000000300,robot_state.q,phail/v1.0/dataset/rollouts/000000000000/000000000300/robot_state.q.parquet,ed6f41d8a5d7fc5e79968f0ec2996a9b,2158837,2158837,c80697c20e6cad4fba7ac8dea98b8fdac559b05cb95fc49a6f15d0b6582438be,45898,9e13c431dee7465558b1feeef41eef2ad7319759af69cafa198766c393e70521
000000000301,robot_state.error,phail/v1.0/dataset/rollouts/000000000000/000000000301/robot_state.error.parquet,ed738c70e7050275ff51d25c268a9cd6,510305,510305,a264f99712ba1271173827949da031bdcf392f5bf0f4cf2cfab84b79eba8687f,63807,d853e68515397e9949f0cd49d1291a712ed3bafaa71afb20873e5354f92d3743
000000000301,robot_state.q,phail/v1.0/dataset/rollouts/000000000000/000000000301/robot_state.q.parquet,c9c6bfe1edf6499349ef61d2b659f782,3195715,3195715,9c7b3122c49270eb9f0bf0a52d1d7ce6ab1fb3f657f6012849e8e194b6b54def,63807,9e13c431dee7465558b1feeef41eef2ad7319759af69cafa198766c393e70521
000000000302,robot_state.error,phail/v1.0/dataset/rollouts/000000000000/000000000302/robot_state.error.parquet,3a19e7ae1b4da27a032e4d410489672c,482705,482705,c4aa4ef95ab63a64b1eaac022c9d3ef8f2e7602500787f5d77b743c77dfec8e3,60150,d853e68515397e9949f0cd49d1291a712ed3bafaa71afb20873e5354f92d3743
000000000302,robot_state.q,phail/v1.0/dataset/rollouts/000000000000/000000000302/robot_state.q.parquet,0c7bc0ec5fb0056c3267eb9b3629f6c7,3043733,3043733,7f6f9ab2bb5471e452718df3c079265a0b3ec8b6b3153f14f911b4a9b7c04af2,60150,9e13c431dee7465558b1feeef41eef2ad7319759af69cafa198766c393e70521
000000000303,robot_state.error,phail/v1.0/dataset/rollouts/000000000000/000000000303/robot_state.error.parquet,f6fbd1d223cd74394c4f3c5c9f333093,565830,565830,a336e85f1e2d24bad68b9dd0704c274c427e1523c036643c3c6de0153955fbca,70817,d853e68515397e9949f0cd49d1291a712ed3bafaa71afb20873e5354f92d3743
000000000303,robot_state.q,phail/v1.0/dataset/rollouts/000000000000/000000000303/robot_state.q.parquet,43e100ce31ae8d70399bea66c59147d3,3390240,3390240,5b8ba1f56cc389479ed12f37e6e433ab280aa00eb478c3108d3c9779f4beaa2b,70817,9e13c431dee7465558b1feeef41eef2ad7319759af69cafa198766c393e70521
000000000304,robot_state.error,phail/v1.0/dataset/rollouts/000000000000/000000000304/robot_state.error.parquet,81ee5014581101dc29dc606c5ed3a5fa,556116,556116,d29b2cbe64f52f1edea9328ca4418384c91f5af0706fb5b35f614a2c77deca0f,69601,d853e68515397e9949f0cd49d1291a712ed3bafaa71afb20873e5354f92d3743
000000000304,robot_state.q,phail/v1.0/dataset/rollouts/000000000000/000000000304/robot_state.q.parquet,7984ac98c5912eb9cc617a5fe64224bd,3398697,3398697,24d9b6d4ef9320a9e8beca760e9a8843d08f538c89405a4ca6f2226ed7594216,69601,9e13c431dee7465558b1feeef41eef2ad7319759af69cafa198766c393e70521
000000000305,robot_state.error,phail/v1.0/dataset/rollouts/000000000000/000000000305/robot_state.error.parquet,e4727300db269644865568043d972f3d,553503,553503,25102c18d20d35970a88428367860548555bcecf8a138c223f414d02a3673985,69210,d853e68515397e9949f0cd49d1291a712ed3bafaa71afb20873e5354f92d3743
000000000305,robot_state.q,phail/v1.0/dataset/rollouts/000000000000/000000000305/robot_state.q.parquet,27200a3bd816de1df1af4db35b934035,3476870,3476870,310a9586ee34ec0766c901942a45893eef4da545f512d00299b245c26f7f7784,69210,9e13c431dee7465558b1feeef41eef2ad7319759af69cafa198766c393e70521
000000000306,robot_state.error,phail/v1.0/dataset/rollouts/000000000000/000000000306/robot_state.error.parquet,71dcd409ce3783be918b8664617f75fd,545513,545513,a3cfdf8815813392802e5cdd553fdc6cfb786cf1129f202ad01c2be37b5c914b,68235,d853e68515397e9949f0cd49d1291a712ed3bafaa71afb20873e5354f92d3743
000000000306,robot_state.q,phail/v1.0/dataset/rollouts/000000000000/000000000306/robot_state.q.parquet,db2a42bfce748aabcf0f346ccc701e16,3260567,3260567,888b80ec8e8eacb8d0a0d05598b491a735cfeb0ef8fcc013be5ea4601b3a0e13,68235,9e13c431dee7465558b1feeef41eef2ad7319759af69cafa198766c393e70521
000000000307,robot_state.error,phail/v1.0/dataset/rollouts/000000000000/000000000307/robot_state.error.parquet,a618a7ab2c1fea17ea5dbdf8f1357182,495732,495732,533a07b75a231f5b2055f1cdee858e7a48a6148e2c8b282f473b2b8315a2d91e,61925,d853e68515397e9949f0cd49d1291a712ed3bafaa71afb20873e5354f92d3743
000000000307,robot_state.q,phail/v1.0/dataset/rollouts/000000000000/000000000307/robot_state.q.parquet,1c6c4d3f776652ef9bdbc0753364ab26,3008472,3008472,5011616d99e8c1a0d68db3c2863c688e5e2620837e1c9ac804e8850ed95cf999,61925,9e13c431dee7465558b1feeef41eef2ad7319759af69cafa198766c393e70521
000000000308,robot_state.error,phail/v1.0/dataset/rollouts/000000000000/000000000308/robot_state.error.parquet,245163c0a5c23a45297759a067f5fd66,414633,414633,2332472614e0706321d206afe6e1ebefa8c1761e5adfd508cf7cbca5761ddb8d,51966,d853e68515397e9949f0cd49d1291a712ed3bafaa71afb20873e5354f92d3743
000000000308,robot_state.q,phail/v1.0/dataset/rollouts/000000000000/000000000308/robot_state.q.parquet,147500402ad8a2f2b8078557899e35cd,2298858,2298858,f81638974b09054fc8e2e9deb10060f2b59ef85d3616af872b205fb5a0316ce6,51966,9e13c431dee7465558b1feeef41eef2ad7319759af69cafa198766c393e70521
000000000309,robot_state.error,phail/v1.0/dataset/rollouts/000000000000/000000000309/robot_state.error.parquet,88494198125d3aa87e3b8d5ac97b0551,532374,532374,ffe4805410f1b2da3a16c3c883c13399078ccbf3eb0fc27d53be8f1b19a022af,66640,d853e68515397e9949f0cd49d1291a712ed3bafaa71afb20873e5354f92d3743
000000000309,robot_state.q,phail/v1.0/dataset/rollouts/000000000000/000000000309/robot_state.q.parquet,8bc7edffaf07d2a4b2b332db747d76d5,3359390,3359390,3d86b0decc50335dad8a72c1c87c44b72dc8d95e0ad50e8f9dd41d2f8d1b0d05,66640,9e13c431dee7465558b1feeef41eef2ad7319759af69cafa198766c393e70521
000000000310,robot_state.error,phail/v1.0/dataset/rollouts/000000000000/000000000310/robot_state.error.parquet,7557ce732794b91b23294c7a02588ff7,627944,627944,dfb3d0837eb6230d6108111c0d263d19111abb52ae5a4538c5bcba89fee1fced,78770,d853e68515397e9949f0cd49d1291a712ed3bafaa71afb20873e5354f92d3743
000000000310,robot_state.q,phail/v1.0/dataset/rollouts/000000000000/000000000310/robot_state.q.parquet,9f1d2a016b8aec58febf7a57b4ec09ce,3720905,3720905,a213bee0abf5c944f8a4b6ed856439a963a11ba074582f9e113a377984e74632,78770,9e13c431dee7465558b1feeef41eef2ad7319759af69cafa198766c393e70521
000000000311,robot_state.error,phail/v1.0/dataset/rollouts/000000000000/000000000311/robot_state.error.parquet,1ea03de58a80b2adfd61f3f2538ae3a5,563387,563387,6917598c2252c1e80a32c542d5e363462c890c642de933f2571e743627578ceb,70503,d853e68515397e9949f0cd49d1291a712ed3bafaa71afb20873e5354f92d3743
000000000311,robot_state.q,phail/v1.0/dataset/rollouts/000000000000/000000000311/robot_state.q.parquet,bb18da39484e4668acb27e5a2804f7b6,3550280,3550280,470ed51f98e45a67e87788e10f75cdda61cd161cfb2397caea7886b68b953eee,70503,9e13c431dee7465558b1feeef41eef2ad7319759af69cafa198766c393e70521
000000000312,robot_state.error,phail/v1.0/dataset/rollouts/000000000000/000000000312/robot_state.error.parquet,76bc1f2219cf99cd8956154988596078,613308,613308,af1dd53b4dc6559ab893add7b3bb8584b3471028b0f8498d16b105bd5dd6f878,77012,d853e68515397e9949f0cd49d1291a712ed3bafaa71afb20873e5354f92d3743
000000000312,robot_state.q,phail/v1.0/dataset/rollouts/000000000000/000000000312/robot_state.q.parquet,7a1ba3a9cf48329bedf55ed4107cfc9b,3656093,3656093,8335a5f4bd448713f79c6f3fe27207a25e472bdaf47f2b846e123b0f89f176d1,77012,9e13c431dee7465558b1feeef41eef2ad7319759af69cafa198766c393e70521
000000000313,robot_state.error,phail/v1.0/dataset/rollouts/000000000000/000000000313/robot_state.error.parquet,445187868ed40d6ab065500ea4267795,661427,661427,a88799779817d42ad672b708ca22595e7f10ccf18b110014fbaeb1185944cb36,83140,d853e68515397e9949f0cd49d1291a712ed3bafaa71afb20873e5354f92d3743
000000000313,robot_state.q,phail/v1.0/dataset/rollouts/000000000000/000000000313/robot_state.q.parquet,a6d786079f6407a888905b068b693b05,3886864,3886864,4130ab0e4ec0e63c459a709a94ba9d0e712560fdb2f2eedfaf41317820276a15,83140,9e13c431dee7465558b1feeef41eef2ad7319759af69cafa198766c393e70521
000000000314,robot_state.error,phail/v1.0/dataset/rollouts/000000000000/000000000314/robot_state.error.parquet,d5cdb65c9e5ddf53652d71427bbb1163,637771,637771,6d3174b85829fd35254a7af5dd649dca0ca3ea1d966cc18bd594381c3e235873,80001,d853e68515397e9949f0cd49d1291a712ed3bafaa71afb20873e5354f92d3743
000000000314,robot_state.q,phail/v1.0/dataset/rollouts/000000000000/000000000314/robot_state.q.parquet,28a164ab26184be3a688b239c1d6d43e,3737803,3737803,3a517dd4679e5cb94b3f19a92677cf75a675462af032d23455ccf5695c9347ec,80001,9e13c431dee7465558b1feeef41eef2ad7319759af69cafa198766c393e70521
000000000315,robot_state.error,phail/v1.0/dataset/rollouts/000000000000/000000000315/robot_state.error.parquet,c80e33c67a50a456ea991b4ba0a0c08a,597925,597925,a92289ef7690cf70437bed350d5221750d036bc5ee0d134dff72519997e1678b,75030,d853e68515397e9949f0cd49d1291a712ed3bafaa71afb20873e5354f92d3743
000000000315,robot_state.q,phail/v1.0/dataset/rollouts/000000000000/000000000315/robot_state.q.parquet,6fe4e73190f443bd110b2c916456bdce,3579603,3579603,639c418e609448a08f899849de3094e1590b1c6a305bbb48d66bb9b44016e673,75030,9e13c431dee7465558b1feeef41eef2ad7319759af69cafa198766c393e70521
000000000316,robot_state.error,phail/v1.0/dataset/rollouts/000000000000/000000000316/robot_state.error.parquet,12fa95537253d57c52b9f0f316b8d715,628892,628892,56ebd07efa52781ef966972c2127fd5a3f98aa59293b67e57832086336f88c57,78920,d853e68515397e9949f0cd49d1291a712ed3bafaa71afb20873e5354f92d3743
000000000316,robot_state.q,phail/v1.0/dataset/rollouts/000000000000/000000000316/robot_state.q.parquet,0da325979a609fee6693f0ea74e80845,3775987,3775987,8c100006a2be93493a065fc4927b59cb70b8f203c34c9b736922e81dfdfb6cc1,78920,9e13c431dee7465558b1feeef41eef2ad7319759af69cafa198766c393e70521
000000000317,robot_state.error,phail/v1.0/dataset/rollouts/000000000000/000000000317/robot_state.error.parquet,b28c4f6afc12445f62753ba185494961,532031,532031,340ee0fcd96f9f4ed26f27e016ba9fe98872205e424715b1814a030664f6a72f,66625,d853e68515397e9949f0cd49d1291a712ed3bafaa71afb20873e5354f92d3743
000000000317,robot_state.q,phail/v1.0/dataset/rollouts/000000000000/000000000317/robot_state.q.parquet,af28badc1b16c95f2c3422bf25035971,3313292,3313292,0bcdb3d2d604c68fcb45ab2e7d71d70746969d658fdac5961f7821c1cc6df313,66625,9e13c431dee7465558b1feeef41eef2ad7319759af69cafa198766c393e70521
000000000318,robot_state.error,phail/v1.0/dataset/rollouts/000000000000/000000000318/robot_state.error.parquet,61a9b7133a341271c4d8b5cd77e5246f,522899,522899,c895bb2e54445282c7c3b857267111dcf37480503188ac6fa13529610326846f,65419,d853e68515397e9949f0cd49d1291a712ed3bafaa71afb20873e5354f92d3743
000000000318,robot_state.q,phail/v1.0/dataset/rollouts/000000000000/000000000318/robot_state.q.parquet,ff9ab19c75a81b5fe26f30b58e4cad29,2952557,2952557,e2a4e686286c3184bee5e294a0044b53cef9325ecc076f34f0f215bc21fd803a,65419,9e13c431dee7465558b1feeef41eef2ad7319759af69cafa198766c393e70521
000000000319,robot_state.error,phail/v1.0/dataset/rollouts/000000000000/000000000319/robot_state.error.parquet,e17b8b95d7b337d80af20f8597bead5c,539442,539442,d34567327059b58d6338e9424013d65b7597840f64e930a2fa34e23b495f97c8,67585,d853e68515397e9949f0cd49d1291a712ed3bafaa71afb20873e5354f92d3743
000000000319,robot_state.q,phail/v1.0/dataset/rollouts/000000000000/000000000319/robot_state.q.parquet,aea1f9b997298bba278f97ef894fbff1,3306336,3306336,48566ae25d9d937ae7e39d779f7ae6914868f17f039005e0cb81653b12b74ebd,67585,9e13c431dee7465558b1feeef41eef2ad7319759af69cafa198766c393e70521
000000000320,robot_state.error,phail/v1.0/dataset/rollouts/000000000000/000000000320/robot_state.error.parquet,900cd5e899a2e86e352931b75800d58f,539239,539239,80f30a4e4b513e6a05b73b50d87b3fa11fc843beb09452ad909fa0c1d1f5d8c8,67558,d853e68515397e9949f0cd49d1291a712ed3bafaa71afb20873e5354f92d3743
000000000320,robot_state.q,phail/v1.0/dataset/rollouts/000000000000/000000000320/robot_state.q.parquet,9ed196987a3ce19f89db7d619f185c2e,3258208,3258208,b3ecb985a27025b3ca8a3d2668cbab44e5fdfa5658882c696d0ea289256ad7a9,67558,9e13c431dee7465558b1feeef41eef2ad7319759af69cafa198766c393e70521
000000000321,robot_state.error,phail/v1.0/dataset/rollouts/000000000000/000000000321/robot_state.error.parquet,7108c6dbddd02b8ae8a65075a41479c8,527658,527658,5950e02ba3401f0753bd2b350add57d318f56c0626da0d0fb0a501073f08b19c,66060,d853e68515397e9949f0cd49d1291a712ed3bafaa71afb20873e5354f92d3743
000000000321,robot_state.q,phail/v1.0/dataset/rollouts/000000000000/000000000321/robot_state.q.parquet,adef35de3c3c543d28fddd5994f2aa24,3289945,3289945,d81715f3405e9ab704f9a8d88204fd37515380878f522dd10a9e38d6290920c6,66060,9e13c431dee7465558b1feeef41eef2ad7319759af69cafa198766c393e70521
000000000322,robot_state.error,phail/v1.0/dataset/rollouts/000000000000/000000000322/robot_state.error.parquet,54f2e88bc18acda4fb50e1347314be7f,610403,610403,e822e00bfc5dd3cdda7026d0f6936d5756b0e615cce13733b117220d22a8c262,76666,d853e68515397e9949f0cd49d1291a712ed3bafaa71afb20873e5354f92d3743
000000000322,robot_state.q,phail/v1.0/dataset/rollouts/000000000000/000000000322/robot_state.q.parquet,07cdc96d8055d9e09036db2b71372d74,3715605,3715605,5ddbd2eb14985eb466d3e7131c1545f24c46f40f4ac0d03c13033a1c5919f4ea,76666,9e13c431dee7465558b1feeef41eef2ad7319759af69cafa198766c393e70521
000000000323,robot_state.error,phail/v1.0/dataset/rollouts/000000000000/000000000323/robot_state.error.parquet,79efbddcbe69fe8786fa35abbb017be7,540197,540197,65823281a64482466969e68af63bc6f6e6099a4a4ca49314bc98534d1b392293,67682,d853e68515397e9949f0cd49d1291a712ed3bafaa71afb20873e5354f92d3743
000000000323,robot_state.q,phail/v1.0/dataset/rollouts/000000000000/000000000323/robot_state.q.parquet,ee76eed120ed68365fd9d5a9544ce707,3336749,3336749,f3a91159be3d0f890831f4fa9321afc5c51e29035d6395de940603e6c945723a,67682,9e13c431dee7465558b1feeef41eef2ad7319759af69cafa198766c393e70521
000000000324,robot_state.error,phail/v1.0/dataset/rollouts/000000000000/000000000324/robot_state.error.parquet,6c93c2edde4c1b2529cdb95521c5548f,506938,506938,4028ecc77808293e5c789342e1aab7ce93b056c7a67048b3baeecaf6a91d3018,63391,d853e68515397e9949f0cd49d1291a712ed3bafaa71afb20873e5354f92d3743
000000000324,robot_state.q,phail/v1.0/dataset/rollouts/000000000000/000000000324/robot_state.q.parquet,68edc59d402e4966a98cd8e008b50017,3161426,3161426,e000dfc06dcdac133145bfe1010a4f234ba02ed6cf1fcf2e57633312d4f2aa6b,63391,9e13c431dee7465558b1feeef41eef2ad7319759af69cafa198766c393e70521
000000000325,robot_state.error,phail/v1.0/dataset/rollouts/000000000000/000000000325/robot_state.error.parquet,81c3cbea0ac5720a2a296e045459d628,528517,528517,9ab171d905de26a6edc1b2274bd11a5c47b8af6e26857c16664516e962f25861,66147,d853e68515397e9949f0cd49d1291a712ed3bafaa71afb20873e5354f92d3743
000000000325,robot_state.q,phail/v1.0/dataset/rollouts/000000000000/000000000325/robot_state.q.parquet,e92063c6560afe59fd182c432b0dfcb6,3332225,3332225,718ee71753e5e37aa100b5dcb0a295f654ad81c89edebaa95b9e9ef7932aefaf,66147,9e13c431dee7465558b1feeef41eef2ad7319759af69cafa198766c393e70521
000000000326,robot_state.error,phail/v1.0/dataset/rollouts/000000000000/000000000326/robot_state.error.parquet,b3908f26ca73608b4825969f7d0c85b9,587218,587218,dd71424d10ad1176bdafb107cc48812744c3bce82e8a0864fd3c44b1e7150a04,73686,d853e68515397e9949f0cd49d1291a712ed3bafaa71afb20873e5354f92d3743
000000000326,robot_state.q,phail/v1.0/dataset/rollouts/000000000000/000000000326/robot_state.q.parquet,bba860cb8df87335462f27c4341acaeb,3575234,3575234,d657cbd578c52bc4e9261a14999702afe57fecf66b95df4aa2c6fcefc36a9e54,73686,9e13c431dee7465558b1feeef41eef2ad7319759af69cafa198766c393e70521
000000000327,robot_state.error,phail/v1.0/dataset/rollouts/000000000000/000000000327/robot_state.error.parquet,115ee04e89588e1cff99916a21914495,604115,604115,3d90504ff084504e34234f58fc5cd78179177466c8b879abe9e160db3587ba2c,75821,d853e68515397e9949f0cd49d1291a712ed3bafaa71afb20873e5354f92d3743
000000000327,robot_state.q,phail/v1.0/dataset/rollouts/000000000000/000000000327/robot_state.q.parquet,61c636ffdaa72a317906fa67201fdd7b,3634304,3634304,a055cd591963c9e4c24665a2b0f3987785e971d117c8f9d69365dd41a0110971,75821,9e13c431dee7465558b1feeef41eef2ad7319759af69cafa198766c393e70521
000000000328,robot_state.error,phail/v1.0/dataset/rollouts/000000000000/000000000328/robot_state.error.parquet,bab32480062f995c2fccf671c8d29005,512118,512118,681d0d4eda62f0b226a1e0d7b512c948fd6b37e1653b764b7449b8dfd3b17ffe,64088,d853e68515397e9949f0cd49d1291a712ed3bafaa71afb20873e5354f92d3743
000000000328,robot_state.q,phail/v1.0/dataset/rollouts/000000000000/000000000328/robot_state.q.parquet,9417804da6de6fb3a8b8f88bd5e81254,3215057,3215057,cd688de3ff734eb2189d79ddd88a68c8afef5af5dbfed2de1fb2130410d10011,64088,9e13c431dee7465558b1feeef41eef2ad7319759af69cafa198766c393e70521
000000000329,robot_state.error,phail/v1.0/dataset/rollouts/000000000000/000000000329/robot_state.error.parquet,9d60d2db13f355fdb4c024635d0b5e52,524413,524413,f79d0adb779f3d68499e8e239613b8a512d6277477e331fbd19ab6203d6ef558,65624,d853e68515397e9949f0cd49d1291a712ed3bafaa71afb20873e5354f92d3743
000000000329,robot_state.q,phail/v1.0/dataset/rollouts/000000000000/000000000329/robot_state.q.parquet,c91f7551f4a0aa3d797f4fed49ba4cb9,3295959,3295959,dd0679c20317c0c8ac09858c39cc92ecff28379502c6ff5aeaa9a10ff30bbbca,65624,9e13c431dee7465558b1feeef41eef2ad7319759af69cafa198766c393e70521
000000000330,robot_state.error,phail/v1.0/dataset/rollouts/000000000000/000000000330/robot_state.error.parquet,14f1b30ec2447d819e30307253888b6c,516514,516514,b17989d6cc1e984e6d241c4a7e299a6d9eb6d30204bce89924a1a63fa4951e95,64582,d853e68515397e9949f0cd49d1291a712ed3bafaa71afb20873e5354f92d3743
000000000330,robot_state.q,phail/v1.0/dataset/rollouts/000000000000/000000000330/robot_state.q.parquet,0b937411dabbac4728851fb4bf71de06,3254974,3254974,1c9f897b21cff61a9105a865e3345adcac9eaa7fd01df44c99df3ffd38cd0d6d,64582,9e13c431dee7465558b1feeef41eef2ad7319759af69cafa198766c393e70521
000000000331,robot_state.error,phail/v1.0/dataset/rollouts/000000000000/000000000331/robot_state.error.parquet,e2ccbecfdae158214bc36537100efdd1,515677,515677,5551058e9188308d5a8663659b64190899873dfaa7b89b3fca774abd43f54f5b,64472,d853e68515397e9949f0cd49d1291a712ed3bafaa71afb20873e5354f92d3743
000000000331,robot_state.q,phail/v1.0/dataset/rollouts/000000000000/000000000331/robot_state.q.parquet,2e50f35cf508846d043444ec25cdf98c,3232007,3232007,d19ca1793d59204194d95f04b9d555491be16e8c37eeb36dda621b32147a8b90,64472,9e13c431dee7465558b1feeef41eef2ad7319759af69cafa198766c393e70521
000000000332,robot_state.error,phail/v1.0/dataset/rollouts/000000000000/000000000332/robot_state.error.parquet,a6ecc6c1578d7f9ca7ed212c0e03fd30,487683,487683,7073bbfc51e02b32c0de04a25285081fa6bdbb7f87473d189fad4c483ba7fcb9,60848,d853e68515397e9949f0cd49d1291a712ed3bafaa71afb20873e5354f92d3743
000000000332,robot_state.q,phail/v1.0/dataset/rollouts/000000000000/000000000332/robot_state.q.parquet,5bbe5bdf34e67526cf30a7ce2c802587,3021495,3021495,a199da9d4af9e40a35f35fd02bcd29a9deda794d3666d1345950004545be9a7d,60848,9e13c431dee7465558b1feeef41eef2ad7319759af69cafa198766c393e70521
000000000333,robot_state.error,phail/v1.0/dataset/rollouts/000000000000/000000000333/robot_state.error.parquet,b6349cf662dec5683834fe0ef94885a3,574493,574493,58772a41a40f589c295395453edeac6696f9e857d0733641eacb32317fa00186,72005,d853e68515397e9949f0cd49d1291a712ed3bafaa71afb20873e5354f92d3743
000000000333,robot_state.q,phail/v1.0/dataset/rollouts/000000000000/000000000333/robot_state.q.parquet,05c6cf1d63cbc854dd5949f59eb8dbed,3446968,3446968,dbf13e3b055caf2226bd5b351efae2864c9bcc7cdcc57134bc02281108405e20,72005,9e13c431dee7465558b1feeef41eef2ad7319759af69cafa198766c393e70521
000000000334,robot_state.error,phail/v1.0/dataset/rollouts/000000000000/000000000334/robot_state.error.parquet,a6b17c5d824c7a633bb67e1b42a4da63,600179,600179,c4c4a46a948b555ae901581f44acffa7aef068a0ded442807d65af72146d3259,75302,d853e68515397e9949f0cd49d1291a712ed3bafaa71afb20873e5354f92d3743
000000000334,robot_state.q,phail/v1.0/dataset/rollouts/000000000000/000000000334/robot_state.q.parquet,0d34a08bf8680aa417df0632f942c8fb,3620909,3620909,0ef3a0a8c862e9eb1a71a0eba0cf036b2255c39d9c4e3339e2f55c7a25866f09,75302,9e13c431dee7465558b1feeef41eef2ad7319759af69cafa198766c393e70521
000000000335,robot_state.error,phail/v1.0/dataset/rollouts/000000000000/000000000335/robot_state.error.parquet,643a6e38043d4e48cc3a5a8e5dd842cd,598100,598100,1b1db2bcb620bde3ae11c9d48c52f46bf652b71f3c1e321bde2296dc3e77432a,75023,d853e68515397e9949f0cd49d1291a712ed3bafaa71afb20873e5354f92d3743
000000000335,robot_state.q,phail/v1.0/dataset/rollouts/000000000000/000000000335/robot_state.q.parquet,634dc2b87d7f63a6acd7aa2f3e61f11a,3590536,3590536,89b5dfed397b9fb1186045fc0968813d31085679c8d752ad501ac40771ee761b,75023,9e13c431dee7465558b1feeef41eef2ad7319759af69cafa198766c393e70521
000000000336,robot_state.error,phail/v1.0/dataset/rollouts/000000000000/000000000336/robot_state.error.parquet,063176ee58a702f056b7880a7b155717,291731,291731,9d5bf2dd2701b408f3954a199c3446007a02d6c92250e43e2c629cedee48aa21,36587,d853e68515397e9949f0cd49d1291a712ed3bafaa71afb20873e5354f92d3743
000000000336,robot_state.q,phail/v1.0/dataset/rollouts/000000000000/000000000336/robot_state.q.parquet,367b235c585858e471520870de4833a6,1694229,1694229,3f35dfd89a9e3f406e5ae5ab9f58036f547fc990c12ec01af065e8292533b08e,36587,9e13c431dee7465558b1feeef41eef2ad7319759af69cafa198766c393e70521
000000000337,robot_state.error,phail/v1.0/dataset/rollouts/000000000000/000000000337/robot_state.error.parquet,a8d04367acfa0a8110ec9721c8bdbea0,518564,518564,7beab30bcb8044e48b3d702a1828cb0f6195143284aa98bc2910e0c66e08d383,64845,d853e68515397e9949f0cd49d1291a712ed3bafaa71afb20873e5354f92d3743
000000000337,robot_state.q,phail/v1.0/dataset/rollouts/000000000000/000000000337/robot_state.q.parquet,3d77b5e1461bb3c4c1d57df7419f5fed,3269120,3269120,4ea7e0de1b4c51723c29e57a800a0684c7bddc49cd261f2376683b30f6e5dcb0,64845,9e13c431dee7465558b1feeef41eef2ad7319759af69cafa198766c393e70521
000000000338,robot_state.error,phail/v1.0/dataset/rollouts/000000000000/000000000338/robot_state.error.parquet,9a068a8310194bf383755f364b117e1e,520671,520671,d1493625659f242ccd1f63409f1f77fb561c5787d29f6217cff3cf79f7bd3c40,65091,d853e68515397e9949f0cd49d1291a712ed3bafaa71afb20873e5354f92d3743
000000000338,robot_state.q,phail/v1.0/dataset/rollouts/000000000000/000000000338/robot_state.q.parquet,18d3c1e87388a5354844ff88df8f30a4,3086160,3086160,1dd0f5768d8574d4511d4128e59662341c59118b3d65b5a22891635db59d6672,65091,9e13c431dee7465558b1feeef41eef2ad7319759af69cafa198766c393e70521
000000000339,robot_state.error,phail/v1.0/dataset/rollouts/000000000000/000000000339/robot_state.error.parquet,ddcf71690b317c6cc5fa2c67cecedf41,619960,619960,5a00a10a7781af65054d45e05ca93328320521a465b57be732105362a1a88912,77859,d853e68515397e9949f0cd49d1291a712ed3bafaa71afb20873e5354f92d3743
000000000339,robot_state.q,phail/v1.0/dataset/rollouts/000000000000/000000000339/robot_state.q.parquet,e90dc6a15c48519f662c4fee4998d5d1,3691785,3691785,2c85072a07c5f98359b03265182d3609773a5cb08577becdff1053117d7ec91d,77859,9e13c431dee7465558b1feeef41eef2ad7319759af69cafa198766c393e70521
000000000340,robot_state.error,phail/v1.0/dataset/rollouts/000000000000/000000000340/robot_state.error.parquet,f5792610916a91b4ba4a6cda675ad316,607129,607129,cf01e208aa619f8eae4f11b10efde947a71c6340947940e1ad342d73de1d5841,76185,d853e68515397e9949f0cd49d1291a712ed3bafaa71afb20873e5354f92d3743
000000000340,robot_state.q,phail/v1.0/dataset/rollouts/000000000000/000000000340/robot_state.q.parquet,36c7a83d1b446f5541f36170e1dffd5b,3603734,3603734,86c0e537b14dfbed3434589f20229c962ba42392143319726236cde3c0c88289,76185,9e13c431dee7465558b1feeef41eef2ad7319759af69cafa198766c393e70521
000000000341,robot_state.error,phail/v1.0/dataset/rollouts/000000000000/000000000341/robot_state.error.parquet,71e8254c684187d547affd83329e6580,634189,634189,874660edcabf99a9d9f6735ca53356218e6b5065734e18c715d86e4704cde164,79546,d853e68515397e9949f0cd49d1291a712ed3bafaa71afb20873e5354f92d3743
000000000341,robot_state.q,phail/v1.0/dataset/rollouts/000000000000/000000000341/robot_state.q.parquet,3a72634408596c7197d4107bbdbbc085,3757510,3757510,360e117dbe71e44248bcbaa1cf02db8d45543a1b58aa27824697cb6f65f6de58,79546,9e13c431dee7465558b1feeef41eef2ad7319759af69cafa198766c393e70521
000000000342,robot_state.error,phail/v1.0/dataset/rollouts/000000000000/000000000342/robot_state.error.parquet,fb46f7e6f7057cb5a833de8e643cebff,569178,569178,3d3e5b39583947aa1eb7d52dbd223f7bdb79bebdb143ef1a3f3d9c4372719b8c,71222,d853e68515397e9949f0cd49d1291a712ed3bafaa71afb20873e5354f92d3743
000000000342,robot_state.q,phail/v1.0/dataset/rollouts/000000000000/000000000342/robot_state.q.parquet,8e92a62c1ef4fad133013c4e154c2ff4,3577694,3577694,6d38dc255d78d0dcfc0047fbd4ed22d9ac65f37746f5d0b74e059be3757d80a8,71222,9e13c431dee7465558b1feeef41eef2ad7319759af69cafa198766c393e70521
000000000343,robot_state.error,phail/v1.0/dataset/rollouts/000000000000/000000000343/robot_state.error.parquet,45e907df6096bfd44bdcd0b2a658a096,608257,608257,f1932bfe92eb350df94d22dbacda1eb4043efb2a5bfd1cb1338c677a25906f0c,76300,d853e68515397e9949f0cd49d1291a712ed3bafaa71afb20873e5354f92d3743
000000000343,robot_state.q,phail/v1.0/dataset/rollouts/000000000000/000000000343/robot_state.q.parquet,0c46631b5cde793a3d459e91c9bf9025,3680850,3680850,24a6ea43a4ef2270b5aaa0db020e0a08e5dedff56300522b7a3bf0c66d54ff9b,76300,9e13c431dee7465558b1feeef41eef2ad7319759af69cafa198766c393e70521
000000000344,robot_state.error,phail/v1.0/dataset/rollouts/000000000000/000000000344/robot_state.error.parquet,f2fe9da695d916100dcc94ddc26becd4,600158,600158,71c291f98ef75e71a63f552042282fd962363935ab5b50149f66337df3f646ff,75218,d853e68515397e9949f0cd49d1291a712ed3bafaa71afb20873e5354f92d3743
000000000344,robot_state.q,phail/v1.0/dataset/rollouts/000000000000/000000000344/robot_state.q.parquet,f9fbef0a90be21e59789457e5b050370,3586125,3586125,c085f79b9f1a195c18ea4fc41183d6265c480676485fc7f8d3135d7e644397e7,75218,9e13c431dee7465558b1feeef41eef2ad7319759af69cafa198766c393e70521
000000000345,robot_state.error,phail/v1.0/dataset/rollouts/000000000000/000000000345/robot_state.error.parquet,25b33b34bef4d3e5ccb4d7cdbe9f8571,599874,599874,3ad1ba6bf41b67aef984801946411f758eb94da0c9e1aa81c8fa245ea3d8c135,75178,d853e68515397e9949f0cd49d1291a712ed3bafaa71afb20873e5354f92d3743
000000000345,robot_state.q,phail/v1.0/dataset/rollouts/000000000000/000000000345/robot_state.q.parquet,87086b1a8c581f6432d0395f004b28a8,3542024,3542024,94fcac6b1dfdbc510635562351ff3a9a0c97090822c79c4cf3f9b0e5760ba7aa,75178,9e13c431dee7465558b1feeef41eef2ad7319759af69cafa198766c393e70521
000000000346,robot_state.error,phail/v1.0/dataset/rollouts/000000000000/000000000346/robot_state.error.parquet,40ceb55d8e0accf50a7b87284c0f63fa,503091,503091,877dbbb83a67f04c673d87d2cbc906ca952f952464cdd08299ff806731503b91,62776,d853e68515397e9949f0cd49d1291a712ed3bafaa71afb20873e5354f92d3743
000000000346,robot_state.q,phail/v1.0/dataset/rollouts/000000000000/000000000346/robot_state.q.parquet,8646e08b9be94a687a8938f259af9b07,3167220,3167220,8f6395b950360e7aeb640e1b74713d83ed6f8f2c5ef131f50517ee581312cc24,62776,9e13c431dee7465558b1feeef41eef2ad7319759af69cafa198766c393e70521
000000000347,robot_state.error,phail/v1.0/dataset/rollouts/000000000000/000000000347/robot_state.error.parquet,12a694ecf7ba9029723c91b647011887,532825,532825,bd43547fd682fe8786a706ff1074926d070637b0f93bf9bcf2d560d799b26298,66602,d853e68515397e9949f0cd49d1291a712ed3bafaa71afb20873e5354f92d3743
000000000347,robot_state.q,phail/v1.0/dataset/rollouts/000000000000/000000000347/robot_state.q.parquet,6f90818932fbc703da47aca545bd8dc3,3350773,3350773,dbe718bb0fbf69018a9df83167b045e36651b8321eb7dad47cebaa3511a56dec,66602,9e13c431dee7465558b1feeef41eef2ad7319759af69cafa198766c393e70521
000000000348,robot_state.error,phail/v1.0/dataset/rollouts/000000000000/000000000348/robot_state.error.parquet,11316d6073fa9310d3be69cb4c9c3d59,605568,605568,3305dfc464fb2b40a935f385121a7a4c7c2ecd591b2313e6de889368175f729c,75927,d853e68515397e9949f0cd49d1291a712ed3bafaa71afb20873e5354f92d3743
000000000348,robot_state.q,phail/v1.0/dataset/rollouts/000000000000/000000000348/robot_state.q.parquet,1a494f1f386d4f52f8c7c1bf4e4246ae,3587042,3587042,0f405fd4cd028b98208b8af801e5af538d051194e6e1b9a69cfbc562bcf101a1,75927,9e13c431dee7465558b1feeef41eef2ad7319759af69cafa198766c393e70521
000000000349,robot_state.error,phail/v1.0/dataset/rollouts/000000000000/000000000349/robot_state.error.parquet,cb9b2005b88175f2abd1ffaf14a330c4,578771,578771,9de166a87a58d0d6220c7182c35bd0d6094857a62a3d64b4b42c5ef0e1ed5636,72462,d853e68515397e9949f0cd49d1291a712ed3bafaa71afb20873e5354f92d3743
000000000349,robot_state.q,phail/v1.0/dataset/rollouts/000000000000/000000000349/robot_state.q.parquet,f612839bdbf804ddf7d5752d55474a84,3535163,3535163,efcd016030e81174480161015fdf3d1dd00302ae4d4d6ef1e97e925025b26772,72462,9e13c431dee7465558b1feeef41eef2ad7319759af69cafa198766c393e70521
000000000350,robot_state.error,phail/v1.0/dataset/rollouts/000000000000/000000000350/robot_state.error.parquet,68fdfce557573de7fa1912677e988c52,628709,628709,9681eeb4b077712b31a6d93ced13a1fc0bc5a399c8a36db9384742b7d919066f,78788,d853e68515397e9949f0cd49d1291a712ed3bafaa71afb20873e5354f92d3743
000000000350,robot_state.q,phail/v1.0/dataset/rollouts/000000000000/000000000350/robot_state.q.parquet,711336839b5de1d4837eb38e83cab2f3,3714690,3714690,166872698f2b1a3cae83f8d03ada08aa812a02f13bac18736d0488becfc4a411,78788,9e13c431dee7465558b1feeef41eef2ad7319759af69cafa198766c393e70521
000000000351,robot_state.error,phail/v1.0/dataset/rollouts/000000000000/000000000351/robot_state.error.parquet,1851a1ed8c3518aa66ee41198895dfb3,515671,515671,2d3810a586002bdb040ef76b8e209b0a838597c6a5e4e600cf9c8759ea718ed9,64360,d853e68515397e9949f0cd49d1291a712ed3bafaa71afb20873e5354f92d3743
000000000351,robot_state.q,phail/v1.0/dataset/rollouts/000000000000/000000000351/robot_state.q.parquet,6910362a8983130114b0f51708c98e2a,3233438,3233438,d32a0ad1589c823d14bfed6a0fc422312e71b2b0411cdc1c4ba7bd3ad49cf82b,64360,9e13c431dee7465558b1feeef41eef2ad7319759af69cafa198766c393e70521
000000000352,robot_state.error,phail/v1.0/dataset/rollouts/000000000000/000000000352/robot_state.error.parquet,f85fb3507dd73966455ec65d0059d715,508853,508853,94568ccdee172d35b82259507e5ff52f42a729404ba22f8faeb11c339a93c0c2,63517,d853e68515397e9949f0cd49d1291a712ed3bafaa71afb20873e5354f92d3743
000000000352,robot_state.q,phail/v1.0/dataset/rollouts/000000000000/000000000352/robot_state.q.parquet,f5b53e709ba5ea1dfe7cef2f36c0e8ea,3165229,3165229,f164bdcbc536da2d68ba15a264b40863bf7221b57378584a9bacdb339ef35a8e,63517,9e13c431dee7465558b1feeef41eef2ad7319759af69cafa198766c393e70521
000000000353,robot_state.error,phail/v1.0/dataset/rollouts/000000000000/000000000353/robot_state.error.parquet,3669bc5074692b82aae26e987c94577f,578471,578471,cef51473446a6fe9f8edf3b2676aee6b66e840318b982e8b25f0bd143f59c4cc,72403,d853e68515397e9949f0cd49d1291a712ed3bafaa71afb20873e5354f92d3743
000000000353,robot_state.q,phail/v1.0/dataset/rollouts/000000000000/000000000353/robot_state.q.parquet,6c10f6ebd7c0ec8771c104fc26e41639,3468658,3468658,aa77b8ee55e00ee09007572cf8861a606e4690deb3ad8250caf427cdbad84075,72403,9e13c431dee7465558b1feeef41eef2ad7319759af69cafa198766c393e70521
000000000354,robot_state.error,phail/v1.0/dataset/rollouts/000000000000/000000000354/robot_state.error.parquet,9311d9a343a1c12293ed1cb00250adc3,501415,501415,f0e0e42b257f835d8e2f2f4708501d99395cbdf2056663f5b7e72e8a9d0a4c32,62492,d853e68515397e9949f0cd49d1291a712ed3bafaa71afb20873e5354f92d3743
000000000354,robot_state.q,phail/v1.0/dataset/rollouts/000000000000/000000000354/robot_state.q.parquet,000b6c6faa6baf1660e2e419657a71d3,2896439,2896439,cb6d45ca8d8ddf406ac8894071ca505ac273ccb8410a7c7223bb4dd36689e739,62492,9e13c431dee7465558b1feeef41eef2ad7319759af69cafa198766c393e70521
000000000355,robot_state.error,phail/v1.0/dataset/rollouts/000000000000/000000000355/robot_state.error.parquet,0f2192ce0d61d7f9826f37603fc1469d,506809,506809,64427b546a0609c8f09ac0e0e4603957fcdcbfdbf90906dfc3f425d0a611875e,63226,d853e68515397e9949f0cd49d1291a712ed3bafaa71afb20873e5354f92d3743
000000000355,robot_state.q,phail/v1.0/dataset/rollouts/000000000000/000000000355/robot_state.q.parquet,4e6126282c1babb8efa89f1367b0a761,3141186,3141186,0c552f3a412bc72d8da9c24044511b36792d9c53b85fb9061f58cc2f6bb6b67f,63226,9e13c431dee7465558b1feeef41eef2ad7319759af69cafa198766c393e70521
000000000356,robot_state.error,phail/v1.0/dataset/rollouts/000000000000/000000000356/robot_state.error.parquet,8f1f74eed0d4489d6bd923a8e27215cd,471012,471012,d3930f682227207aa157bc08c38f68e288cb6627481a843350af1fe7de44df8f,58571,d853e68515397e9949f0cd49d1291a712ed3bafaa71afb20873e5354f92d3743
000000000356,robot_state.q,phail/v1.0/dataset/rollouts/000000000000/000000000356/robot_state.q.parquet,da8a73331cc0dc6267e649d1d69b438b,2952903,2952903,7f2a7038aff2cb503437a6e9e574f226d8c780632b1508bc077e47ad4049c4a4,58571,9e13c431dee7465558b1feeef41eef2ad7319759af69cafa198766c393e70521
000000000357,robot_state.error,phail/v1.0/dataset/rollouts/000000000000/000000000357/robot_state.error.parquet,7f73e7c7b729a25a6a588ba10f7f3e34,346239,346239,8838007fd64f29684d222696db8a8e708e6395fb55cc28af3c6e18d6ef4fc894,43163,d853e68515397e9949f0cd49d1291a712ed3bafaa71afb20873e5354f92d3743
000000000357,robot_state.q,phail/v1.0/dataset/rollouts/000000000000/000000000357/robot_state.q.parquet,04e98d29fcd618af2fa0204f207bf8cb,1461253,1461253,96992e48edd941b564c6fcf564a3838e7d9504686081bc3b6a22d422ed0db383,43163,9e13c431dee7465558b1feeef41eef2ad7319759af69cafa198766c393e70521
000000000358,robot_state.error,phail/v1.0/dataset/rollouts/000000000000/000000000358/robot_state.error.parquet,fb49096721ce730001521cd74e93fb99,567290,567290,2675e08ef1a502d7618b7469a76e655e43c46ecd954aafd5052852a57e454c47,70919,d853e68515397e9949f0cd49d1291a712ed3bafaa71afb20873e5354f92d3743
000000000358,robot_state.q,phail/v1.0/dataset/rollouts/000000000000/000000000358/robot_state.q.parquet,cd60081324c1d671c912bd3c83e11be4,3414330,3414330,544dbcc554711882d379ec73c1712742c007a260e086d8cf85f79bdd22321ec4,70919,9e13c431dee7465558b1feeef41eef2ad7319759af69cafa198766c393e70521
000000000359,robot_state.error,phail/v1.0/dataset/rollouts/000000000000/000000000359/robot_state.error.parquet,b4f04c9c2ba28787f1c1576189b63a49,592215,592215,ef8ee35c9ba781cff28f8034076b7561e513ea8ff8b1cc92099ee2f32e06e780,74245,d853e68515397e9949f0cd49d1291a712ed3bafaa71afb20873e5354f92d3743
000000000359,robot_state.q,phail/v1.0/dataset/rollouts/000000000000/000000000359/robot_state.q.parquet,3e4d1c6a9e26c1df71fddc64b96f9dfe,3502233,3502233,88c3893d1345bce076cd72e6bc18357f1d9a9fa82bc0275402d75ee0ad4f3fe5,74245,9e13c431dee7465558b1feeef41eef2ad7319759af69cafa198766c393e70521
000000000360,robot_state.error,phail/v1.0/dataset/rollouts/000000000000/000000000360/robot_state.error.parquet,9f64a0dd9092c8f36b16e716a52909a2,528049,528049,f0c83bd48d08bb0255849df5a76f9619c704147e7c27e7be0fc80aaa01322dbf,66084,d853e68515397e9949f0cd49d1291a712ed3bafaa71afb20873e5354f92d3743
000000000360,robot_state.q,phail/v1.0/dataset/rollouts/000000000000/000000000360/robot_state.q.parquet,060b2a580777088029a209ed132f9247,3164459,3164459,3031c06d4f7af43954f362c7a1847d2f98d460cbabe1c045edc36d29ef0f0012,66084,9e13c431dee7465558b1feeef41eef2ad7319759af69cafa198766c393e70521
000000000361,robot_state.error,phail/v1.0/dataset/rollouts/000000000000/000000000361/robot_state.error.parquet,f2870b41742ef572d3e6f6ffa176e417,576564,576564,766718c51ab3deead165f9826f4ab0946c8f4bfd1645e8c763161be8a847e625,72260,d853e68515397e9949f0cd49d1291a712ed3bafaa71afb20873e5354f92d3743
000000000361,robot_state.q,phail/v1.0/dataset/rollouts/000000000000/000000000361/robot_state.q.parquet,401f602183bbd9c4849897d05f3fde2b,3430117,3430117,c27f9bbb99e2581f7b8a611c99e070d6c59bf9a21f465dbdaa9dfd7c85d47e41,72260,9e13c431dee7465558b1feeef41eef2ad7319759af69cafa198766c393e70521
000000000362,robot_state.error,phail/v1.0/dataset/rollouts/000000000000/000000000362/robot_state.error.parquet,982d8d85a45834d5d0ef7e93a36908c3,532015,532015,401a012fea7be74b1ed2e50e0a5b1a94d1dd6501be0ad5289cd6b7b893012139,66621,d853e68515397e9949f0cd49d1291a712ed3bafaa71afb20873e5354f92d3743
000000000362,robot_state.q,phail/v1.0/dataset/rollouts/000000000000/000000000362/robot_state.q.parquet,af27050e8eb7acff27c4f51981fda4cd,3255650,3255650,834b3b6bfcdd1277add956df76b384967a9bec0a16bd15299248e6e7132dbf43,66621,9e13c431dee7465558b1feeef41eef2ad7319759af69cafa198766c393e70521
000000000363,robot_state.error,phail/v1.0/dataset/rollouts/000000000000/000000000363/robot_state.error.parquet,ac9b708031c2a8d22beb896ddaadc6e6,526135,526135,6030c9cbda18525d60606318f1aca159ace66386b468b9d7b0d49634c27b5059,65847,d853e68515397e9949f0cd49d1291a712ed3bafaa71afb20873e5354f92d3743
000000000363,robot_state.q,phail/v1.0/dataset/rollouts/000000000000/000000000363/robot_state.q.parquet,0df8322991a6afa4372d894cd1149335,3176168,3176168,44dab22e5292ff984a52dd1814a4681172d50fc548db6d92c7a6c28bd501d4a2,65847,9e13c431dee7465558b1feeef41eef2ad7319759af69cafa198766c393e70521
000000000364,robot_state.error,phail/v1.0/dataset/rollouts/000000000000/000000000364/robot_state.error.parquet,9943de458af5ca0739ea1db779006e34,580118,580118,953f121889ba3c40e6b4640dfbee38ec97de2d3360cd9c5b2f3db3c2d7b41309,72725,d853e68515397e9949f0cd49d1291a712ed3bafaa71afb20873e5354f92d3743
000000000364,robot_state.q,phail/v1.0/dataset/rollouts/000000000000/000000000364/robot_state.q.parquet,933c86f3a2e44a109664e79e7da04e92,3400673,3400673,40005b6de17056945d1b83329ea915e976342b4df357ab8ca03825eb66af2a98,72725,9e13c431dee7465558b1feeef41eef2ad7319759af69cafa198766c393e70521
000000000365,robot_state.error,phail/v1.0/dataset/rollouts/000000000000/000000000365/robot_state.error.parquet,ceb1a1a877792e24f71d0a2f6070cd4b,527616,527616,ce2bf0b5ac3620968e93765fdb5343637f1b93f0eebfefda6fe801e63b28ef22,66050,d853e68515397e9949f0cd49d1291a712ed3bafaa71afb20873e5354f92d3743
000000000365,robot_state.q,phail/v1.0/dataset/rollouts/000000000000/000000000365/robot_state.q.parquet,2b775b3f93da8db2f142827e16c1b9c5,3152228,3152228,f1004258b8c09403a8bd20873f31276261b2501b1ff4594a94cc82ccb98acd38,66050,9e13c431dee7465558b1feeef41eef2ad7319759af69cafa198766c393e70521
000000000366,robot_state.error,phail/v1.0/dataset/rollouts/000000000000/000000000366/robot_state.error.parquet,73e3ead93779dffc90befb7b29aa64e6,507241,507241,019b19a6133d7fc926b8b264f650e3ea3fa910170b01a180ef41d5d30179779a,63457,d853e68515397e9949f0cd49d1291a712ed3bafaa71afb20873e5354f92d3743
000000000366,robot_state.q,phail/v1.0/dataset/rollouts/000000000000/000000000366/robot_state.q.parquet,0579a03f8d6da2ed78e1e28359ab6f9b,3153295,3153295,79f657dc3278ca845158d7f297dc0ad4c028de01f6bb269f0080248ba4fafdbf,63457,9e13c431dee7465558b1feeef41eef2ad7319759af69cafa198766c393e70521
000000000367,robot_state.error,phail/v1.0/dataset/rollouts/000000000000/000000000367/robot_state.error.parquet,e0c14fbf3d83b6cef0c1da9502ff16d9,570102,570102,ed5664f12edbac54e3efec96a9a84ad7e6849d79dcdef91e75d5b2f512c6d568,71396,d853e68515397e9949f0cd49d1291a712ed3bafaa71afb20873e5354f92d3743
000000000367,robot_state.q,phail/v1.0/dataset/rollouts/000000000000/000000000367/robot_state.q.parquet,7b5d0a83cf270f913a5644ebcf2de1fa,3480758,3480758,ab8cd8d2c9c97dd1136a9b9f794b967353f66efffa5c4743e33a5a02d62888f2,71396,9e13c431dee7465558b1feeef41eef2ad7319759af69cafa198766c393e70521
000000000368,robot_state.error,phail/v1.0/dataset/rollouts/000000000000/000000000368/robot_state.error.parquet,f429a17af0e3450b34996b9bc316c437,527636,527636,3d54fbbc10fb8d3ea1b1edabe2e2827c59e24ab7cf9b8412bc6433d904058c70,66050,d853e68515397e9949f0cd49d1291a712ed3bafaa71afb20873e5354f92d3743
000000000368,robot_state.q,phail/v1.0/dataset/rollouts/000000000000/000000000368/robot_state.q.parquet,7e5b249f52e6faa0f1219ffe49db23ee,3176102,3176102,01963db014162c498f03e9e85860a809a52f1a1fe7e1f1c0d9564f966f4ca47f,66050,9e13c431dee7465558b1feeef41eef2ad7319759af69cafa198766c393e70521
000000000369,robot_state.error,phail/v1.0/dataset/rollouts/000000000000/000000000369/robot_state.error.parquet,396e20cf98dfa510fc8c055a8ab3e7d7,573407,573407,df71f3674c731fdb46f08bd8a1a7d5e0cc29d43ba16ae58074c85139e02644fc,71850,d853e68515397e9949f0cd49d1291a712ed3bafaa71afb20873e5354f92d3743
000000000369,robot_state.q,phail/v1.0/dataset/rollouts/000000000000/000000000369/robot_state.q.parquet,8a5cf49dfe3cd64a2c46b70638bdf68b,3505003,3505003,3ab428d502297165b8ee403194e472a41f0884aa52107416f4b1a18dbc61c682,71850,9e13c431dee7465558b1feeef41eef2ad7319759af69cafa198766c393e70521
000000000370,robot_state.error,phail/v1.0/dataset/rollouts/000000000000/000000000370/robot_state.error.parquet,556122deb9410a87797167e2c485dff7,197656,197656,79e6474bd1e455e5f4f52b13018235032c2f40cb0954d6a7352ba70d12a2b1d7,24750,d853e68515397e9949f0cd49d1291a712ed3bafaa71afb20873e5354f92d3743
000000000370,robot_state.q,phail/v1.0/dataset/rollouts/000000000000/000000000370/robot_state.q.parquet,9e5de02c1383b259d11a4706df600438,1189704,1189704,0d7e8d0f5cf22530c7005e16fdd9fc0b0339c6ad36d029d4954a47a9ff4be389,24750,9e13c431dee7465558b1feeef41eef2ad7319759af69cafa198766c393e70521
000000000371,robot_state.error,phail/v1.0/dataset/rollouts/000000000000/000000000371/robot_state.error.parquet,706a1ab9cf359cf3e6950d2b953a3124,412462,412462,cf000fa7d4119943915dfa88abc8177b53130a928a63002077cb8692604e151e,51754,d853e68515397e9949f0cd49d1291a712ed3bafaa71afb20873e5354f92d3743
000000000371,robot_state.q,phail/v1.0/dataset/rollouts/000000000000/000000000371/robot_state.q.parquet,f10f5bccb17176869c6213bd63c367aa,2474976,2474976,d46e225f8688fbc6a32e4cea4657bfab820ad33b4913279d7c69719e11aacf9a,51754,9e13c431dee7465558b1feeef41eef2ad7319759af69cafa198766c393e70521
000000000372,robot_state.error,phail/v1.0/dataset/rollouts/000000000000/000000000372/robot_state.error.parquet,1305a43a481605d681cad4d947b89460,323122,323122,635cec0df57512e27f22a21560ff889ba35a4fb5d43cd8321f5f51e2653cb27e,40378,d853e68515397e9949f0cd49d1291a712ed3bafaa71afb20873e5354f92d3743
000000000372,robot_state.q,phail/v1.0/dataset/rollouts/000000000000/000000000372/robot_state.q.parquet,8d61b57b9d1628326d52353ad89c96d9,1997358,1997358,07c9a450504837aa6c5090460c4751d4eeb56316e0ab5b3406f3ef1b8146ad58,40378,9e13c431dee7465558b1feeef41eef2ad7319759af69cafa198766c393e70521
000000000373,robot_state.error,phail/v1.0/dataset/rollouts/000000000000/000000000373/robot_state.error.parquet,9b061078518d1278debbe55488d4161a,535179,535179,802277a0a80c77fe311e43af5d93a412f0979c8fb1d3a111a81e9d4cf6f89d71,67038,d853e68515397e9949f0cd49d1291a712ed3bafaa71afb20873e5354f92d3743
000000000373,robot_state.q,phail/v1.0/dataset/rollouts/000000000000/000000000373/robot_state.q.parquet,f651eca60f8444d39c0c2cf253880e54,3186815,3186815,7e97601ae0e9bd3d0e009047ac9e34264073bc8d743b768eb3fcbeb9ce54b7f2,67038,9e13c431dee7465558b1feeef41eef2ad7319759af69cafa198766c393e70521
000000000374,robot_state.error,phail/v1.0/dataset/rollouts/000000000000/000000000374/robot_state.error.parquet,167150b55cddf63de2b3336442d6386f,512690,512690,7826de2832803a35a5e857840c428665fc672c166199f4e9b20fd5395e234317,64105,d853e68515397e9949f0cd49d1291a712ed3bafaa71afb20873e5354f92d3743
000000000374,robot_state.q,phail/v1.0/dataset/rollouts/000000000000/000000000374/robot_state.q.parquet,bf0526620e81263504da64b6de19bf97,3192626,3192626,b8373c5a5e0754b35b66efc52417a754de8cbc98527f4ca38e0954028dcf29a6,64105,9e13c431dee7465558b1feeef41eef2ad7319759af69cafa198766c393e70521
000000000375,robot_state.error,phail/v1.0/dataset/rollouts/000000000000/000000000375/robot_state.error.parquet,031c2ceed81996e45db6066159aef9fd,513433,513433,2d1a74acc63f826cb45cb2af714c1efabccc3d30043a2ca8c78b86d8659924c2,64200,d853e68515397e9949f0cd49d1291a712ed3bafaa71afb20873e5354f92d3743
000000000375,robot_state.q,phail/v1.0/dataset/rollouts/000000000000/000000000375/robot_state.q.parquet,ee6246dc3c1881cf6005e9be624fd5cd,3168557,3168557,cef28761e4d25d102949b76b05b616207ab6b474f603699108828d5edc565022,64200,9e13c431dee7465558b1feeef41eef2ad7319759af69cafa198766c393e70521
000000000376,robot_state.error,phail/v1.0/dataset/rollouts/000000000000/000000000376/robot_state.error.parquet,25d1f319328e197a67bd2bf09832534e,519333,519333,7bc8ab3f1275f4cf6873dcb87a9583bffd071834fff5cfbb0e6992938375ef33,64976,d853e68515397e9949f0cd49d1291a712ed3bafaa71afb20873e5354f92d3743
000000000376,robot_state.q,phail/v1.0/dataset/rollouts/000000000000/000000000376/robot_state.q.parquet,8f34796779fa1ba223e8958b17e024cb,3194330,3194330,33de60fb76e3122e856dc14b3dbb23690715a35afe573944afc5edf33a39ba6c,64976,9e13c431dee7465558b1feeef41eef2ad7319759af69cafa198766c393e70521
000000000377,robot_state.error,phail/v1.0/dataset/rollouts/000000000000/000000000377/robot_state.error.parquet,7ee509557234864e78d9895e560ff6f7,574275,574275,a75f8a83b02ea83aed3fa298e59eac61df81ef3238e38e831ff3bc13253456ad,71965,d853e68515397e9949f0cd49d1291a712ed3bafaa71afb20873e5354f92d3743
000000000377,robot_state.q,phail/v1.0/dataset/rollouts/000000000000/000000000377/robot_state.q.parquet,78c83416103fc6c604793fd8ec61607a,3173523,3173523,436dc6d302201580ae2cf7af4809270e692d3a16e3d00814fe30bf87dd9ef4fe,71965,9e13c431dee7465558b1feeef41eef2ad7319759af69cafa198766c393e70521
000000000378,robot_state.error,phail/v1.0/dataset/rollouts/000000000000/000000000378/robot_state.error.parquet,33b564026093aa33d7dee36420189033,523816,523816,c1da50a432c0e99dbf0cef822b81142757df6b7682dae466e9d8d9a61c656a6c,65557,d853e68515397e9949f0cd49d1291a712ed3bafaa71afb20873e5354f92d3743
000000000378,robot_state.q,phail/v1.0/dataset/rollouts/000000000000/000000000378/robot_state.q.parquet,ae4022d8621d2a2806a73f56a000b1f1,3227567,3227567,864a61eb0284cbce48983c99bded2280bd0a9903bb1fe4a24cfbcc54dfe23483,65557,9e13c431dee7465558b1feeef41eef2ad7319759af69cafa198766c393e70521
000000000379,robot_state.error,phail/v1.0/dataset/rollouts/000000000000/000000000379/robot_state.error.parquet,78e242196f5286a926373726ff55141c,539143,539143,5a8fce2beb78f83f74c72cd17f06062266dcca6ad72e3bd607a534dae7dc3b20,67547,d853e68515397e9949f0cd49d1291a712ed3bafaa71afb20873e5354f92d3743
000000000379,robot_state.q,phail/v1.0/dataset/rollouts/000000000000/000000000379/robot_state.q.parquet,4de58009126c91d1a98a71a03ed693bd,3211286,3211286,b26830958f3ecd44992b93ccdbc251127c531591a13eef383e24ba0a0a50c14c,67547,9e13c431dee7465558b1feeef41eef2ad7319759af69cafa198766c393e70521
000000000380,robot_state.error,phail/v1.0/dataset/rollouts/000000000000/000000000380/robot_state.error.parquet,9cd8a1ce3d2e5fef837f82c83a31a945,564500,564500,b6a54b6212f4ce693ef9cece11fc9ae86fecd8e8e2fa0cfc596e7c15df749b7b,70665,d853e68515397e9949f0cd49d1291a712ed3bafaa71afb20873e5354f92d3743
000000000380,robot_state.q,phail/v1.0/dataset/rollouts/000000000000/000000000380/robot_state.q.parquet,47bbf59829092645b55d504e495a82a1,3412789,3412789,b98e88ba5d2da4a5a33b454ec86c49e4d31e7a5817b04d6b7ed6044c9559bab2,70665,9e13c431dee7465558b1feeef41eef2ad7319759af69cafa198766c393e70521
000000000381,robot_state.error,phail/v1.0/dataset/rollouts/000000000000/000000000381/robot_state.error.parquet,be9481f372c81e57dc88f5279640a35e,615733,615733,f98364cd8b7b2f0c704dea96dec5b3cec14b37fc4b68e7e898a2e445f6554412,77325,d853e68515397e9949f0cd49d1291a712ed3bafaa71afb20873e5354f92d3743
000000000381,robot_state.q,phail/v1.0/dataset/rollouts/000000000000/000000000381/robot_state.q.parquet,d2501c872368d9d88cdf2867ca42af76,3714369,3714369,71ff6e2a9472d42c8f033789e3dc51279f9640c84172979229a7debeae10539e,77325,9e13c431dee7465558b1feeef41eef2ad7319759af69cafa198766c393e70521
000000000382,robot_state.error,phail/v1.0/dataset/rollouts/000000000000/000000000382/robot_state.error.parquet,5105d3307b16f4c6153855147ffd69cf,522326,522326,69c6fd5840826a80155587b4343ff382bdbae10640248fd4404fd6f17a5e53e0,65335,d853e68515397e9949f0cd49d1291a712ed3bafaa71afb20873e5354f92d3743
000000000382,robot_state.q,phail/v1.0/dataset/rollouts/000000000000/000000000382/robot_state.q.parquet,1f584109fa91997667f3e472aec10704,3144443,3144443,ea92e77917c92644eece04aa457ef493526035c7d8a134ad07dda6212c8508f0,65335,9e13c431dee7465558b1feeef41eef2ad7319759af69cafa198766c393e70521
000000000383,robot_state.error,phail/v1.0/dataset/rollouts/000000000000/000000000383/robot_state.error.parquet,59580e598f929255ec7b787a0540ada2,553857,553857,694ae6456016655ab23625840aaa7110b52f744b3c5587d4daaa14d34411ab72,69296,d853e68515397e9949f0cd49d1291a712ed3bafaa71afb20873e5354f92d3743
000000000383,robot_state.q,phail/v1.0/dataset/rollouts/000000000000/000000000383/robot_state.q.parquet,c02031a1f46a9c440e6d3c3abd4960b1,3309438,3309438,620e694fa6222d02f12b53308915f09a0ee8d5448dc201f2380b33cd9f73a86e,69296,9e13c431dee7465558b1feeef41eef2ad7319759af69cafa198766c393e70521
000000000384,robot_state.error,phail/v1.0/dataset/rollouts/000000000000/000000000384/robot_state.error.parquet,7b3148a0a5a257f017c74d3c9365fc61,541311,541311,467696397ae8f5bec18feba3536a2933b6843861d592aace1b35e11fa5893510,67830,d853e68515397e9949f0cd49d1291a712ed3bafaa71afb20873e5354f92d3743
000000000384,robot_state.q,phail/v1.0/dataset/rollouts/000000000000/000000000384/robot_state.q.parquet,9c9b65d042839626cb419ccc101d362d,3267010,3267010,c5aaa3c518fc4e4c3ad0623eb12e9b985ffb4e6e8b82d97dbe68d4d938e63338,67830,9e13c431dee7465558b1feeef41eef2ad7319759af69cafa198766c393e70521
000000000385,robot_state.error,phail/v1.0/dataset/rollouts/000000000000/000000000385/robot_state.error.parquet,f2a8d8f8241f3fe2cfcd60af66052dd0,496947,496947,af7f5fb32f3a830194194268090799b0250ec879127a05dcc7d9970d10caa529,62055,d853e68515397e9949f0cd49d1291a712ed3bafaa71afb20873e5354f92d3743
000000000385,robot_state.q,phail/v1.0/dataset/rollouts/000000000000/000000000385/robot_state.q.parquet,3b09389e2064fa384b5f55a58aa390a8,3104209,3104209,27e61a2c57c86aa69630a88351a1b626c668926b4e19dc5297ff5919e83c9144,62055,9e13c431dee7465558b1feeef41eef2ad7319759af69cafa198766c393e70521
000000000386,robot_state.error,phail/v1.0/dataset/rollouts/000000000000/000000000386/robot_state.error.parquet,d96edd417c89f11f18c5ee28d22394b6,567151,567151,0a751db26bb411bddb1fed0ed76a33d87389ab424ae82a951efa675c835dae23,71001,d853e68515397e9949f0cd49d1291a712ed3bafaa71afb20873e5354f92d3743
000000000386,robot_state.q,phail/v1.0/dataset/rollouts/000000000000/000000000386/robot_state.q.parquet,30aeedb9064438afc351c69042b1074c,3437661,3437661,972108919a516c348ff09b6262e1d2e856407677fc69b23bf5609e944c2b0573,71001,9e13c431dee7465558b1feeef41eef2ad7319759af69cafa198766c393e70521
000000000387,robot_state.error,phail/v1.0/dataset/rollouts/000000000000/000000000387/robot_state.error.parquet,6ed8dabe621ce0abe6b7d84c3cde6fdf,202012,202012,111bae9026694a4791c0414136d735176df4a1d06ed162841ce654cecc8e408a,25226,d853e68515397e9949f0cd49d1291a712ed3bafaa71afb20873e5354f92d3743
000000000387,robot_state.q,phail/v1.0/dataset/rollouts/000000000000/000000000387/robot_state.q.parquet,91738f0863eb11c5aa83a8cbeec611b6,1230175,1230175,8182ab4c75a913a115cc7ecf41aae441c4e7d5fcf4153c222bf2b9c6875069a4,25226,9e13c431dee7465558b1feeef41eef2ad7319759af69cafa198766c393e70521
000000000388,robot_state.error,phail/v1.0/dataset/rollouts/000000000000/000000000388/robot_state.error.parquet,81c955f012970674942a95cd01425d7c,271680,271680,f2a73af2c82e00eb06df2913fe1c366b2b692719c79ea20d308daa4ba98ba0d5,34005,d853e68515397e9949f0cd49d1291a712ed3bafaa71afb20873e5354f92d3743
000000000388,robot_state.q,phail/v1.0/dataset/rollouts/000000000000/000000000388/robot_state.q.parquet,c1b2fa47a4623f8248598d9296b00c7c,1606322,1606322,602d2a0e60677b9ed33d192c9ae614459f471d3ffa15895fee42a1ba2a9f3d07,34005,9e13c431dee7465558b1feeef41eef2ad7319759af69cafa198766c393e70521
000000000389,robot_state.error,phail/v1.0/dataset/rollouts/000000000000/000000000389/robot_state.error.parquet,a623be2dc9dc78e5c02315df20241d9f,504229,504229,49a10d26b95e19b989cfd3c48fe7cbe9aca95f389413fa31dc19d2f5af238f31,63002,d853e68515397e9949f0cd49d1291a712ed3bafaa71afb20873e5354f92d3743
000000000389,robot_state.q,phail/v1.0/dataset/rollouts/000000000000/000000000389/robot_state.q.parquet,5676fee661767cfb45007204fbf335a6,3029164,3029164,5d47b7cdc8a262b8230e6b3012e1f9bd797c394d2544efc7b51f78f80a1ea03d,63002,9e13c431dee7465558b1feeef41eef2ad7319759af69cafa198766c393e70521
000000000390,robot_state.error,phail/v1.0/dataset/rollouts/000000000000/000000000390/robot_state.error.parquet,ace61b3e8132404fb84dbb579a67599e,499582,499582,e5ca1539998ec950ac64253af98b013ec2ee74f091b89977ea489ca162f60c70,62380,d853e68515397e9949f0cd49d1291a712ed3bafaa71afb20873e5354f92d3743
000000000390,robot_state.q,phail/v1.0/dataset/rollouts/000000000000/000000000390/robot_state.q.parquet,7ac83a0b19f487a80bdbe1486a26a75c,3120886,3120886,6e01d828f4ccbe9f486c489edcd4bbd58e4fe763ebcbcca08a7c6867f30fc253,62380,9e13c431dee7465558b1feeef41eef2ad7319759af69cafa198766c393e70521
000000000391,robot_state.error,phail/v1.0/dataset/rollouts/000000000000/000000000391/robot_state.error.parquet,6c3a750d14c1a489088132798a41945f,543499,543499,7fd9f0a832cfce57e74bd02c268d65c59482f46f6c21e70e4ba15d8b57f5cf12,68070,d853e68515397e9949f0cd49d1291a712ed3bafaa71afb20873e5354f92d3743
000000000391,robot_state.q,phail/v1.0/dataset/rollouts/000000000000/000000000391/robot_state.q.parquet,9d26a2514d7d57ea12b3a40a69b8aeef,3265390,3265390,4732e6073927d933b43ea33b15df53fca960f10e6cf760b99b76f735da892532,68070,9e13c431dee7465558b1feeef41eef2ad7319759af69cafa198766c393e70521
000000000392,robot_state.error,phail/v1.0/dataset/rollouts/000000000000/000000000392/robot_state.error.parquet,543f053f3c72fcb50799272a53b9f780,498562,498562,22974082c5b71b8cd9783bf7eb4d400fd2237fb5f2e57dc0bfacba7b20a3c32f,62284,d853e68515397e9949f0cd49d1291a712ed3bafaa71afb20873e5354f92d3743
000000000392,robot_state.q,phail/v1.0/dataset/rollouts/000000000000/000000000392/robot_state.q.parquet,54fe756ba6689a746a2ab7541a26adb7,3032311,3032311,5ffd86f53406812558ef48fc40a9f4c8abd0d8673323da65d98e587409ba7b4b,62284,9e13c431dee7465558b1feeef41eef2ad7319759af69cafa198766c393e70521
000000000393,robot_state.error,phail/v1.0/dataset/rollouts/000000000000/000000000393/robot_state.error.parquet,1b4dc224d3ac4a45071791566d126049,258860,258860,3dbb11f9e8d2473484e0a61d47ab97684319c1360510677777429c1a31b139c4,32359,d853e68515397e9949f0cd49d1291a712ed3bafaa71afb20873e5354f92d3743
000000000393,robot_state.q,phail/v1.0/dataset/rollouts/000000000000/000000000393/robot_state.q.parquet,09068eab28ef4369a6e4da3ba42c9a04,1033893,1033893,870c52a212a2543747f1f5339f5dc630b5fe7e63149ff8a5956846c014607d6b,32359,9e13c431dee7465558b1feeef41eef2ad7319759af69cafa198766c393e70521
000000000394,robot_state.error,phail/v1.0/dataset/rollouts/000000000000/000000000394/robot_state.error.parquet,9273a3b5c9e624ca3aec64e6e4d053a8,516702,516702,13b1bcce85e6968f44554f47ae29f87adf4737c348db5a901d8a62a103b6c6f1,64648,d853e68515397e9949f0cd49d1291a712ed3bafaa71afb20873e5354f92d3743
000000000394,robot_state.q,phail/v1.0/dataset/rollouts/000000000000/000000000394/robot_state.q.parquet,3a4027bb4f0f4d9485cab983ff0dda73,3242812,3242812,d48faf22ed62b619feaab9d62dec043380dd4e7eb27172216f158996c1e654aa,64648,9e13c431dee7465558b1feeef41eef2ad7319759af69cafa198766c393e70521
000000000395,robot_state.error,phail/v1.0/dataset/rollouts/000000000000/000000000395/robot_state.error.parquet,7a9d3a14b82209a475a589b7f1f475fe,538777,538777,672b519de89273d3b39a807a8ab4771e3648dede3de319d5335e41dca1d87257,67477,d853e68515397e9949f0cd49d1291a712ed3bafaa71afb20873e5354f92d3743
000000000395,robot_state.q,phail/v1.0/dataset/rollouts/000000000000/000000000395/robot_state.q.parquet,a974b5313265c320b60d3e47b033c7b1,3395389,3395389,d3618c5efc3e8c30388a43f559a43133988862941424925127643841e51e63fe,67477,9e13c431dee7465558b1feeef41eef2ad7319759af69cafa198766c393e70521
000000000396,robot_state.error,phail/v1.0/dataset/rollouts/000000000000/000000000396/robot_state.error.parquet,e7abc6433fe8bc90b6fa4757fa674740,136359,136359,7901643932b3790c5d9cf064d24569feeccdf907290a4f976fbb3345d183a271,17142,d853e68515397e9949f0cd49d1291a712ed3bafaa71afb20873e5354f92d3743
000000000396,robot_state.q,phail/v1.0/dataset/rollouts/000000000000/000000000396/robot_state.q.parquet,806f5645d62c3b7b4a45f103e756efbb,732298,732298,2ab199a8223a71af9edc52a7fdc053cc849c71c93b90b65651e65807f54b2f3a,17142,9e13c431dee7465558b1feeef41eef2ad7319759af69cafa198766c393e70521
000000000397,robot_state.error,phail/v1.0/dataset/rollouts/000000000000/000000000397/robot_state.error.parquet,8b7dfd5c1e258d0a0238770697e975e2,506246,506246,9ac0bd84569668bc1468c3b462a9b77b14b8f4dd8f30ac1e842d01dc21426d81,63290,d853e68515397e9949f0cd49d1291a712ed3bafaa71afb20873e5354f92d3743
000000000397,robot_state.q,phail/v1.0/dataset/rollouts/000000000000/000000000397/robot_state.q.parquet,35a3664b854a466ce320c5ccd4d60afe,3189187,3189187,a3bbcb5825de06f8e952db2947e4baddd6b66df6e7847fee0532a0c3332e78e6,63290,9e13c431dee7465558b1feeef41eef2ad7319759af69cafa198766c393e70521
000000000398,robot_state.error,phail/v1.0/dataset/rollouts/000000000000/000000000398/robot_state.error.parquet,652b3aa2284e62cfa305d8a4ddb3e7cc,894439,894439,8b16dc314ce2b8444dcb94fb298485de49729ede20511c9232e3131d718c4b0b,112006,d853e68515397e9949f0cd49d1291a712ed3bafaa71afb20873e5354f92d3743
000000000398,robot_state.q,phail/v1.0/dataset/rollouts/000000000000/000000000398/robot_state.q.parquet,6a0df2c1cca22f580ea8ea8c6ebbab69,4977178,4977178,1f3f4b3620c0588ac6b4d0eb4a99e4f9d7d95eac140fac54e15c52c4c6a1c6be,112006,9e13c431dee7465558b1feeef41eef2ad7319759af69cafa198766c393e70521
000000000399,robot_state.error,phail/v1.0/dataset/rollouts/000000000000/000000000399/robot_state.error.parquet,b50d13603ee187389fb30c262fe424f8,528385,528385,fde505669f622190cf2d5c5bcb7fb71d8f0e66dcb703c1a2bb7a02ba71fe6342,66117,d853e68515397e9949f0cd49d1291a712ed3bafaa71afb20873e5354f92d3743
000000000399,robot_state.q,phail/v1.0/dataset/rollouts/000000000000/000000000399/robot_state.q.parquet,64ea7c49aaff328834730b0b96a5de75,3329387,3329387,3d13330ccab8f4a6e66e0ec5cd6caea6c9f191467e9b295c34cd266bfb90073b,66117,9e13c431dee7465558b1feeef41eef2ad7319759af69cafa198766c393e70521
000000000400,robot_state.error,phail/v1.0/dataset/rollouts/000000000000/000000000400/robot_state.error.parquet,7a46498b577bdbe40c544edb4f05abb4,496979,496979,0c2604bc6a0ca088250986c06ee10617562c031e2571f1dcf4a1eba08744e753,62084,d853e68515397e9949f0cd49d1291a712ed3bafaa71afb20873e5354f92d3743
000000000400,robot_state.q,phail/v1.0/dataset/rollouts/000000000000/000000000400/robot_state.q.parquet,1533d4296b108643cb9f85e6b3650ea9,3077785,3077785,754d2d9e0b4f96099f238a8062bd18ed2788492fbf5890ab99d01535223effc3,62084,9e13c431dee7465558b1feeef41eef2ad7319759af69cafa198766c393e70521
000000000401,robot_state.error,phail/v1.0/dataset/rollouts/000000000000/000000000401/robot_state.error.parquet,6958d50081cfe5f421b0c2f0acbd568d,278410,278410,d79dfba95d2cfb89816bb7a5920b5e2f3c2e7e992f6e19da9759168c1da24776,34817,d853e68515397e9949f0cd49d1291a712ed3bafaa71afb20873e5354f92d3743
000000000401,robot_state.q,phail/v1.0/dataset/rollouts/000000000000/000000000401/robot_state.q.parquet,6f2e61ef6fb33a30feea652820cb5d9e,1070362,1070362,89a27f6584ea66aef48e0301b565a4978dcf698549734327b37dab12c2592c49,34817,9e13c431dee7465558b1feeef41eef2ad7319759af69cafa198766c393e70521
000000000402,robot_state.error,phail/v1.0/dataset/rollouts/000000000000/000000000402/robot_state.error.parquet,e51778b0d95d20c4dc415e34b8591f77,236534,236534,c995b1989cf6ed6240e3a723e7fa10a48b0011860f40551531479d0fcaf99094,29465,d853e68515397e9949f0cd49d1291a712ed3bafaa71afb20873e5354f92d3743
000000000402,robot_state.q,phail/v1.0/dataset/rollouts/000000000000/000000000402/robot_state.q.parquet,8a0ad813f56963d78f3aa1f998394ab4,1411011,1411011,b20b34af0e67a9d940815747fa1c69b3f04fcf82b499453a661fe4e0c2496f93,29465,9e13c431dee7465558b1feeef41eef2ad7319759af69cafa198766c393e70521
000000000403,robot_state.error,phail/v1.0/dataset/rollouts/000000000000/000000000403/robot_state.error.parquet,45b4d198bd7e6b372b793aa3b07a5bd6,248225,248225,3c569583261050d9fcc3f1edcfc048f64b18a1bce8e96ef89581f1e522265e78,30958,d853e68515397e9949f0cd49d1291a712ed3bafaa71afb20873e5354f92d3743
000000000403,robot_state.q,phail/v1.0/dataset/rollouts/000000000000/000000000403/robot_state.q.parquet,9536364c15cb0b27a71c3bf40de0a4d3,1473929,1473929,78f75138e58f2be9a957300e936d53272039b1108ea5484a5256e9edaa0faa41,30958,9e13c431dee7465558b1feeef41eef2ad7319759af69cafa198766c393e70521
000000000404,robot_state.error,phail/v1.0/dataset/rollouts/000000000000/000000000404/robot_state.error.parquet,cd303737f1f8c1851a2579f17565ef88,264330,264330,525882690575541ab5f85fef3cc4df43a973b8e22047528e1bfb413a23028988,33071,d853e68515397e9949f0cd49d1291a712ed3bafaa71afb20873e5354f92d3743
000000000404,robot_state.q,phail/v1.0/dataset/rollouts/000000000000/000000000404/robot_state.q.parquet,066420eeb9e58158061499c7e168b56e,1654197,1654197,de7c7a80fb40e72e3f2086f81544da2d17a443490cda1fc0d40f3038ce79e30e,33071,9e13c431dee7465558b1feeef41eef2ad7319759af69cafa198766c393e70521
000000000405,robot_state.error,phail/v1.0/dataset/rollouts/000000000000/000000000405/robot_state.error.parquet,31a6203a3f4bfbcfaa037eb58fbcb710,241910,241910,7cf6faa414bbc154bb27732a208eacd16688c12b8055260b38e2f71074954dfc,30108,d853e68515397e9949f0cd49d1291a712ed3bafaa71afb20873e5354f92d3743
000000000405,robot_state.q,phail/v1.0/dataset/rollouts/000000000000/000000000405/robot_state.q.parquet,139f34981ef5adfc8e70fabc4a7a69c6,1523926,1523926,e3e18a0ecd0a8aa5b0c9948dffc4090dfea825d7a85c018939a4a012797386a3,30108,9e13c431dee7465558b1feeef41eef2ad7319759af69cafa198766c393e70521
000000000406,robot_state.error,phail/v1.0/dataset/rollouts/000000000000/000000000406/robot_state.error.parquet,9d02bdd4e6ae8c1bef1414422321c313,257877,257877,19d105bbbe95eeb1349aeb1df9900172dded9e2ada21e47312cf8d8c7bf866eb,32184,d853e68515397e9949f0cd49d1291a712ed3bafaa71afb20873e5354f92d3743
000000000406,robot_state.q,phail/v1.0/dataset/rollouts/000000000000/000000000406/robot_state.q.parquet,6221d311dafb488244e03c6b3fbc53da,1218223,1218223,69a1dbe465528772cfd191cb3d877d7ab2d846e82ecae867905c99dc8927b06a,32184,9e13c431dee7465558b1feeef41eef2ad7319759af69cafa198766c393e70521
000000000407,robot_state.error,phail/v1.0/dataset/rollouts/000000000000/000000000407/robot_state.error.parquet,32d500677bbc79017b10be6aa367e967,254288,254288,39a3b75fb705ad225a9f74e122b3b3e6265cf50df9a74af4b4b08ea31338c60b,31771,d853e68515397e9949f0cd49d1291a712ed3bafaa71afb20873e5354f92d3743
000000000407,robot_state.q,phail/v1.0/dataset/rollouts/000000000000/000000000407/robot_state.q.parquet,b280adaef2855e0b834815cbed992e05,1594494,1594494,946dae07fc2ddae0a7d6557c101fc8c791d04fd15faa70704e3eb3afe22a24eb,31771,9e13c431dee7465558b1feeef41eef2ad7319759af69cafa198766c393e70521
000000000408,robot_state.error,phail/v1.0/dataset/rollouts/000000000000/000000000408/robot_state.error.parquet,b92aa3434cfe87f6e4b54980acc8d243,242482,242482,7d0d31c9e0a879879901457d1fe11a84c9dba1ea778f93f34615738b9a63fb83,30177,d853e68515397e9949f0cd49d1291a712ed3bafaa71afb20873e5354f92d3743
000000000408,robot_state.q,phail/v1.0/dataset/rollouts/000000000000/000000000408/robot_state.q.parquet,b23da8d3de5d1d866c30faaebb91e3f7,1477736,1477736,b96ec484eee9a54f97180bfc3e26f33fe8e557df898684e5a1f8cd7009aa73b0,30177,9e13c431dee7465558b1feeef41eef2ad7319759af69cafa198766c393e70521
000000000409,robot_state.error,phail/v1.0/dataset/rollouts/000000000000/000000000409/robot_state.error.parquet,068640e8359874c5daff6781f1b9a151,251729,251729,a8d98d1e96122c4e7c1d7786e3a4121eafa9d827ed5a53731be26f9be7fef19c,31428,d853e68515397e9949f0cd49d1291a712ed3bafaa71afb20873e5354f92d3743
000000000409,robot_state.q,phail/v1.0/dataset/rollouts/000000000000/000000000409/robot_state.q.parquet,d432ecb2b0b91a3ef47bc76071f1b135,1515760,1515760,26670d886ee2c7ba4b8d545161342c313a8f1844e2e455845db89a1ce9cd9b2c,31428,9e13c431dee7465558b1feeef41eef2ad7319759af69cafa198766c393e70521
000000000410,robot_state.error,phail/v1.0/dataset/rollouts/000000000000/000000000410/robot_state.error.parquet,8ff3d1de0e5b7ee5dbc82329a9452baf,246187,246187,7d8ff28558802c33b1f14f4c3e8a3dd5584bf4265cd92225bf5d6cc36d9bc9cb,30684,d853e68515397e9949f0cd49d1291a712ed3bafaa71afb20873e5354f92d3743
000000000410,robot_state.q,phail/v1.0/dataset/rollouts/000000000000/000000000410/robot_state.q.parquet,5995b189c73a23edbc19438e785e5e99,1506334,1506334,fae8510d1346a951b079de41b9a9c44bc60e83b0230b7293224cd1f030f9fa7e,30684,9e13c431dee7465558b1feeef41eef2ad7319759af69cafa198766c393e70521
000000000411,robot_state.error,phail/v1.0/dataset/rollouts/000000000000/000000000411/robot_state.error.parquet,7bacdde492e5a7f4a1af526c3904eaed,519701,519701,d3d86dd8064152365694e28cd399efc2357ccb7799de69b0c93a6074ef4256cb,64978,d853e68515397e9949f0cd49d1291a712ed3bafaa71afb20873e5354f92d3743
000000000411,robot_state.q,phail/v1.0/dataset/rollouts/000000000000/000000000411/robot_state.q.parquet,1c854b2ae7fb1eca35dd3e2c54d9247c,3275669,3275669,8fa317b4f6605bd103531dff880d4ca548524bf0f51f9bbb32924dba979d1f31,64978,9e13c431dee7465558b1feeef41eef2ad7319759af69cafa198766c393e70521
000000000412,robot_state.error,phail/v1.0/dataset/rollouts/000000000000/000000000412/robot_state.error.parquet,2036e40ed0cab3c9cbe046e5dd774f74,491471,491471,fbd7114ef128097d80d7bb23ea935cf08725eab657eb62b96ab1b0c272f47bab,61332,d853e68515397e9949f0cd49d1291a712ed3bafaa71afb20873e5354f92d3743
000000000412,robot_state.q,phail/v1.0/dataset/rollouts/000000000000/000000000412/robot_state.q.parquet,27c0ac4256ec987e24d43db033200e00,3098017,3098017,7e171b3c66d39beff020dbdda6efc3e92ccba35a05da4d276ace63697f328b70,61332,9e13c431dee7465558b1feeef41eef2ad7319759af69cafa198766c393e70521
000000000413,robot_state.error,phail/v1.0/dataset/rollouts/000000000000/000000000413/robot_state.error.parquet,c7016a580f202762f803d46067282797,523238,523238,cce6b7a2e528ae5127c0205528fe238b6bcd90cc2870bda020775d750d9341b2,65415,d853e68515397e9949f0cd49d1291a712ed3bafaa71afb20873e5354f92d3743
000000000413,robot_state.q,phail/v1.0/dataset/rollouts/000000000000/000000000413/robot_state.q.parquet,9185d7d2288c0def2727ab3d1d5fb91c,3083255,3083255,9c0204a16d7f15fefb97fd97329b22c459f898fcda89864c0a50c363247991eb,65415,9e13c431dee7465558b1feeef41eef2ad7319759af69cafa198766c393e70521
000000000414,robot_state.error,phail/v1.0/dataset/rollouts/000000000000/000000000414/robot_state.error.parquet,ff825a38bfc9276e5d8772d54fdf39db,456859,456859,e0bce9fd83c9ae2c979d6f28a633fe06cec4fe6dff00223b62b35a85a575e6c7,56978,d853e68515397e9949f0cd49d1291a712ed3bafaa71afb20873e5354f92d3743
000000000414,robot_state.q,phail/v1.0/dataset/rollouts/000000000000/000000000414/robot_state.q.parquet,f8fa5fec0d52d265a81c4f095dea0e11,2872128,2872128,0cdf66cdcf05adfa88ee873f3fece3a69708b8a657d5ad0f858d040e4a6f2a46,56978,9e13c431dee7465558b1feeef41eef2ad7319759af69cafa198766c393e70521
000000000415,robot_state.error,phail/v1.0/dataset/rollouts/000000000000/000000000415/robot_state.error.parquet,1fe09b4f51e976213ce2ca95f759b0b0,438772,438772,e576bbbf5e30ecb33e1b1a861c335e0e6c47ebb12c7736237fd0a4f41e6901db,54732,d853e68515397e9949f0cd49d1291a712ed3bafaa71afb20873e5354f92d3743
000000000415,robot_state.q,phail/v1.0/dataset/rollouts/000000000000/000000000415/robot_state.q.parquet,9091d5d0d8b3f908c37e3f6f026b0fd2,2705050,2705050,d2f689d1210570351bf06ad004b6059c7a6b125dc3499e31f81b00e94adcf17c,54732,9e13c431dee7465558b1feeef41eef2ad7319759af69cafa198766c393e70521
000000000416,robot_state.error,phail/v1.0/dataset/rollouts/000000000000/000000000416/robot_state.error.parquet,a3506de0d13f337c90546b74d1fb813e,509278,509278,c223900f4fb532a3174ed3827dd7f20c66d758b16708d94bb29d520a7a749af1,63712,d853e68515397e9949f0cd49d1291a712ed3bafaa71afb20873e5354f92d3743
000000000416,robot_state.q,phail/v1.0/dataset/rollouts/000000000000/000000000416/robot_state.q.parquet,cc7eeb5241f22f330440165ccf1bc7e2,2854096,2854096,d7592a0a18941f5443c6467683aab70af5c9e4759c84b9bf7b2e6dfcc228d4df,63712,9e13c431dee7465558b1feeef41eef2ad7319759af69cafa198766c393e70521
000000000417,robot_state.error,phail/v1.0/dataset/rollouts/000000000000/000000000417/robot_state.error.parquet,e13ddc78dfbf78568bbfa9ec07e9b190,499880,499880,75726031462cdf8f8ceeef98df9d74bbb3001591b27ced3a5d3661e6c67e9f5a,62475,d853e68515397e9949f0cd49d1291a712ed3bafaa71afb20873e5354f92d3743
000000000417,robot_state.q,phail/v1.0/dataset/rollouts/000000000000/000000000417/robot_state.q.parquet,09f3a751485f5ebcbb00dd5ec9250e6c,3122056,3122056,4fc1a97ae7c1298736c88668d867920faeae5c93546393e60f711fd4c630e76f,62475,9e13c431dee7465558b1feeef41eef2ad7319759af69cafa198766c393e70521
000000000418,robot_state.error,phail/v1.0/dataset/rollouts/000000000000/000000000418/robot_state.error.parquet,f6a48dc40feff1e209138d815ef66ffd,500142,500142,4d1ace3ded2ab6200ef6155f5a9c89ad1410de918a0c0fc2ef73eb7a4b8582c2,62492,d853e68515397e9949f0cd49d1291a712ed3bafaa71afb20873e5354f92d3743
000000000418,robot_state.q,phail/v1.0/dataset/rollouts/000000000000/000000000418/robot_state.q.parquet,5c0286d38736ec49b11c5b51e57342a9,3041556,3041556,cecf9166abd87edbcb94e143153c50339ed08a126fcfb6fe24f3681f06fc8234,62492,9e13c431dee7465558b1feeef41eef2ad7319759af69cafa198766c393e70521
000000000419,robot_state.error,phail/v1.0/dataset/rollouts/000000000000/000000000419/robot_state.error.parquet,5e58fedaeafe6a0767f8bb166fee2ff2,472274,472274,d6a5c123212308afd939bd802791e170877ae525d248d50bc326191e05a1fe44,58869,d853e68515397e9949f0cd49d1291a712ed3bafaa71afb20873e5354f92d3743
000000000419,robot_state.q,phail/v1.0/dataset/rollouts/000000000000/000000000419/robot_state.q.parquet,7a222116eb800912efc6b4903fc9df41,2817674,2817674,9e939f5345fff4cb0048da1fd163e6d275d44455c7bf964417906a713c531ba4,58869,9e13c431dee7465558b1feeef41eef2ad7319759af69cafa198766c393e70521
000000000420,robot_state.error,phail/v1.0/dataset/rollouts/000000000000/000000000420/robot_state.error.parquet,cc714d21492a074dab422b5b6c37b574,55400,55400,5932cc8b0db2d51cb092f81e124d6ff2ce3edfb9cf773b941f168f1d3c547443,6997,d853e68515397e9949f0cd49d1291a712ed3bafaa71afb20873e5354f92d3743
000000000420,robot_state.q,phail/v1.0/dataset/rollouts/000000000000/000000000420/robot_state.q.parquet,8644fd058838c7ddfe20f8698555e6e9,234940,234940,9f4374efb20df926ce35add955b30fc417105dd5f9c650ecfc9aac013efbbdd0,6997,9e13c431dee7465558b1feeef41eef2ad7319759af69cafa198766c393e70521
000000000421,robot_state.error,phail/v1.0/dataset/rollouts/000000000000/000000000421/robot_state.error.parquet,ef55030c905148a903be6f5d93088dd0,499466,499466,996814c5d18f2f9f30c9a51933481779b8c8cbd3849f749c25cae042f876e100,62439,d853e68515397e9949f0cd49d1291a712ed3bafaa71afb20873e5354f92d3743
000000000421,robot_state.q,phail/v1.0/dataset/rollouts/000000000000/000000000421/robot_state.q.parquet,8dc85cc24c99a0f7e65b6ee7b2137e80,3126586,3126586,92a489887b43981c60a436cbe27e2dac09d688954786383c7fba1cb0ef9c5bc5,62439,9e13c431dee7465558b1feeef41eef2ad7319759af69cafa198766c393e70521
000000000422,robot_state.error,phail/v1.0/dataset/rollouts/000000000000/000000000422/robot_state.error.parquet,e7ec0baa81445ba2530675e326ad8a0e,39058,39058,739ca72dbfaaead17a7db9726ca79f0585c7a90e2fe1ab89ae5b2e1ab309416a,4904,d853e68515397e9949f0cd49d1291a712ed3bafaa71afb20873e5354f92d3743
000000000422,robot_state.q,phail/v1.0/dataset/rollouts/000000000000/000000000422/robot_state.q.parquet,2e0a83d247c9c30a55d2186aaab70179,181634,181634,243b7eac3f4e60ccb8f4548221ed7977d9f9ad9ee87cb343b6fc1cf0bf5f5f57,4904,9e13c431dee7465558b1feeef41eef2ad7319759af69cafa198766c393e70521
000000000423,robot_state.error,phail/v1.0/dataset/rollouts/000000000000/000000000423/robot_state.error.parquet,5c7a97a2ff00be9bf0d1cb8e61106dc5,505056,505056,8af104d4490a83b82d797e61bbec00aa4f598d250fb8cbe29010231a20e51a65,63176,d853e68515397e9949f0cd49d1291a712ed3bafaa71afb20873e5354f92d3743
000000000423,robot_state.q,phail/v1.0/dataset/rollouts/000000000000/000000000423/robot_state.q.parquet,fd1d8203220bafd60f2977a2b2451cca,3108712,3108712,167b3b92606aa3b28d45c570fe5ba44160dbda58e8fdd6a100f5c96f7d211076,63176,9e13c431dee7465558b1feeef41eef2ad7319759af69cafa198766c393e70521
000000000424,robot_state.error,phail/v1.0/dataset/rollouts/000000000000/000000000424/robot_state.error.parquet,63615ad52f975234459ea18eaca3675a,434354,434354,b5c53c6744e8e0daf68d09684d2fabbcbc94b0398a95c6ed084b1c9d0a84a6b6,54196,d853e68515397e9949f0cd49d1291a712ed3bafaa71afb20873e5354f92d3743
000000000424,robot_state.q,phail/v1.0/dataset/rollouts/000000000000/000000000424/robot_state.q.parquet,79c8b590ef203eca9985fa882edc33c9,2628124,2628124,edc6c93b19ab4a6875f1653fdf7e599fff7922ae4ac3c57031d03a2a7605371f,54196,9e13c431dee7465558b1feeef41eef2ad7319759af69cafa198766c393e70521
000000000425,robot_state.error,phail/v1.0/dataset/rollouts/000000000000/000000000425/robot_state.error.parquet,3c0ee8ad34604211964d67a589928015,582328,582328,1fad02dfbd92cddc7de72edc4cb3ad22932b092e9ab7c6d73589a5641deedfa6,73019,d853e68515397e9949f0cd49d1291a712ed3bafaa71afb20873e5354f92d3743
000000000425,robot_state.q,phail/v1.0/dataset/rollouts/000000000000/000000000425/robot_state.q.parquet,2a18225cd987611e52e57d11d5d7b1a4,3558945,3558945,0e8d4eb268a2cc231087a4df736b2d8f5483f8440e40a9aca2882cac01a95d5a,73019,9e13c431dee7465558b1feeef41eef2ad7319759af69cafa198766c393e70521
000000000426,robot_state.error,phail/v1.0/dataset/rollouts/000000000000/000000000426/robot_state.error.parquet,0eaf0d31129196639c3f61347da84f7e,49816,49816,d4132753cc07af847e3d0655eb0709ac34f981782244a1e7ac1bd1ceb5b546bd,6262,d853e68515397e9949f0cd49d1291a712ed3bafaa71afb20873e5354f92d3743
000000000426,robot_state.q,phail/v1.0/dataset/rollouts/000000000000/000000000426/robot_state.q.parquet,7bad6be2ce13a2cd66d90e116dcf45e0,219976,219976,47532571fc36a81af5efacbec7039aac3932e5e20491a27863047194e11bb536,6262,9e13c431dee7465558b1feeef41eef2ad7319759af69cafa198766c393e70521
000000000427,robot_state.error,phail/v1.0/dataset/rollouts/000000000000/000000000427/robot_state.error.parquet,4235ae2a716253ebcfec3e171211929a,494681,494681,84901a31f82ef5d1d66a518244457ca4185e6ca8ffdaa47aa23d0cb9c3c232cc,61830,d853e68515397e9949f0cd49d1291a712ed3bafaa71afb20873e5354f92d3743
000000000427,robot_state.q,phail/v1.0/dataset/rollouts/000000000000/000000000427/robot_state.q.parquet,47d3457d9a8adfb4d88b222cb46310dc,2666249,2666249,93706bd9ff80ff2498156036793f8dcc43d219ec58e62abe970c6f08aefeaa0f,61830,9e13c431dee7465558b1feeef41eef2ad7319759af69cafa198766c393e70521
000000000428,robot_state.error,phail/v1.0/dataset/rollouts/000000000000/000000000428/robot_state.error.parquet,be8c3ca07dcd77d73ca66a84c76a189e,126499,126499,fd10bea45bfa5d1dd9b3387a3b268297b61ee50f5db22864ea2fed307ba378f2,15840,d853e68515397e9949f0cd49d1291a712ed3bafaa71afb20873e5354f92d3743
000000000428,robot_state.q,phail/v1.0/dataset/rollouts/000000000000/000000000428/robot_state.q.parquet,fd8933fb90feccd68d66e09211bfd99a,478708,478708,c827deb54dadf7f51653c0046f4ce612be047a1d9a061d95af16ed402e44e992,15840,9e13c431dee7465558b1feeef41eef2ad7319759af69cafa198766c393e70521
000000000429,robot_state.error,phail/v1.0/dataset/rollouts/000000000000/000000000429/robot_state.error.parquet,902152eb2b8779e373c48e731d799ab3,539684,539684,51286fb4b5386e79b6b7a6bc093588eb019cb85c16c53f93ac0223d17fe99086,67613,d853e68515397e9949f0cd49d1291a712ed3bafaa71afb20873e5354f92d3743
000000000429,robot_state.q,phail/v1.0/dataset/rollouts/000000000000/000000000429/robot_state.q.parquet,7fa9c220c495ed4d35b6ec7e0d093115,3357323,3357323,d7abf60298e82425c1b48c2a6271bb370225383e23c196dd29d5e0562d0e3b24,67613,9e13c431dee7465558b1feeef41eef2ad7319759af69cafa198766c393e70521
000000000430,robot_state.error,phail/v1.0/dataset/rollouts/000000000000/000000000430/robot_state.error.parquet,aa8565c2aeade41a776f3f29c4f55858,60381,60381,6991f4582b9817c3b8f9fa6a35e6da77de838fc9aa1931bcf3da14b4d61ae873,7604,d853e68515397e9949f0cd49d1291a712ed3bafaa71afb20873e5354f92d3743
000000000430,robot_state.q,phail/v1.0/dataset/rollouts/000000000000/000000000430/robot_state.q.parquet,8d802dbccc29e3a39dfa1e8cb8f01eb2,257994,257994,9777b6a15a34a235a670200d26c82e405384e569d3f5aee49ebf13639e2370ce,7604,9e13c431dee7465558b1feeef41eef2ad7319759af69cafa198766c393e70521
000000000431,robot_state.error,phail/v1.0/dataset/rollouts/000000000000/000000000431/robot_state.error.parquet,42d8b2e54dae59c9d242dbbb9c90e92d,490132,490132,e18fc12bba1583d0b2a6dbd857ebb49ad632cd68ab0f68f46c8546d2b0d4c501,61231,d853e68515397e9949f0cd49d1291a712ed3bafaa71afb20873e5354f92d3743
000000000431,robot_state.q,phail/v1.0/dataset/rollouts/000000000000/000000000431/robot_state.q.parquet,6c65a8d7d48c51dc27811159eafbd190,3031486,3031486,76d22889e15999fc46d33c99cbd4bfb87237e169a4f0a528cbefc4fa7b633b88,61231,9e13c431dee7465558b1feeef41eef2ad7319759af69cafa198766c393e70521
000000000432,robot_state.error,phail/v1.0/dataset/rollouts/000000000000/000000000432/robot_state.error.parquet,f59abb49cede9734c8bf4a7df89ac38e,40213,40213,199a7b082f8bec43a8dfe6efa547839b77ce712063fb284eae68061e1b13e7bc,5029,d853e68515397e9949f0cd49d1291a712ed3bafaa71afb20873e5354f92d3743
000000000432,robot_state.q,phail/v1.0/dataset/rollouts/000000000000/000000000432/robot_state.q.parquet,d9f35de5e9c54969ecbec60d2a1e1944,191485,191485,bc0879eba564398024c7e22e7756a0065ad1143aef407f22e56e4204f03330fb,5029,9e13c431dee7465558b1feeef41eef2ad7319759af69cafa198766c393e70521
000000000433,robot_state.error,phail/v1.0/dataset/rollouts/000000000000/000000000433/robot_state.error.parquet,2822c8ee4dbadc66ebed85c02ba52ce6,263076,263076,7c3f558257420fc34666907c72e390ae0ec290eab5796964aa0e3a13dba2bcd3,32285,d853e68515397e9949f0cd49d1291a712ed3bafaa71afb20873e5354f92d3743
000000000433,robot_state.q,phail/v1.0/dataset/rollouts/000000000000/000000000433/robot_state.q.parquet,ed9819bf86da7ec3c56164365053dbb4,1433510,1433510,4f0b2640b4a9c2a739a67929651d6e923d1969bf54207d213cf9c1ff6065cce5,32285,9e13c431dee7465558b1feeef41eef2ad7319759af69cafa198766c393e70521
000000000434,robot_state.error,phail/v1.0/dataset/rollouts/000000000000/000000000434/robot_state.error.parquet,7f93eda1d8d2d778d6036a2590f1abd9,482018,482018,fc1a0d7f0378268a71538357db33bbf2d66c5c9295e14ccedec1fcc4281c8eb4,60141,d853e68515397e9949f0cd49d1291a712ed3bafaa71afb20873e5354f92d3743
000000000434,robot_state.q,phail/v1.0/dataset/rollouts/000000000000/000000000434/robot_state.q.parquet,d3f2d58de199821be0d98201c83fd5c0,3035173,3035173,cadf3a7605eedd1d11b62d7892dfed4eed2ced8967e37f49d151248390e684c2,60141,9e13c431dee7465558b1feeef41eef2ad7319759af69cafa198766c393e70521
000000000435,robot_state.error,phail/v1.0/dataset/rollouts/000000000000/000000000435/robot_state.error.parquet,1f62d6a539227d36fa296811fc3295b1,300710,300710,40965baf75c4db353249578b5361b19c4f110dcb9b1147858f1abedba663b290,37617,d853e68515397e9949f0cd49d1291a712ed3bafaa71afb20873e5354f92d3743
000000000435,robot_state.q,phail/v1.0/dataset/rollouts/000000000000/000000000435/robot_state.q.parquet,52d49c2f3e624a606ae7e581f9fc899d,1002864,1002864,bc74a013df508dd081175ecdb9aebb2f1cf0d8ab71ac0c4d65566960d822ab14,37617,9e13c431dee7465558b1feeef41eef2ad7319759af69cafa198766c393e70521
000000000436,robot_state.error,phail/v1.0/dataset/rollouts/000000000000/000000000436/robot_state.error.parquet,03e2000b26ef92fed8a1d8c906227444,484727,484727,d889b8f0cf169c9ee7422471abf0ff498083d73c26303c6acaf26d529433f572,60471,d853e68515397e9949f0cd49d1291a712ed3bafaa71afb20873e5354f92d3743
000000000436,robot_state.q,phail/v1.0/dataset/rollouts/000000000000/000000000436/robot_state.q.parquet,da25bc715a2bd34a0a1b819c3d16886a,3053358,3053358,f65fac622a16a5a62ef1b07b174b05dc16dc413a98a24a4851dc043544ca6afb,60471,9e13c431dee7465558b1feeef41eef2ad7319759af69cafa198766c393e70521
000000000437,robot_state.error,phail/v1.0/dataset/rollouts/000000000000/000000000437/robot_state.error.parquet,4925e3c967dc4e11a4ed987b1482bb4c,34856,34856,029f08aa81babc3d55df3a5e2b93b4ebad8be9e7198f288e7d0b43d1a8548c71,4347,d853e68515397e9949f0cd49d1291a712ed3bafaa71afb20873e5354f92d3743
000000000437,robot_state.q,phail/v1.0/dataset/rollouts/000000000000/000000000437/robot_state.q.parquet,54212025808dbffb5f4f5cb6719e79f4,139470,139470,b0f964c7cf207e80e03614e083f67203eebc07d16781174eb759b433f170da9f,4347,9e13c431dee7465558b1feeef41eef2ad7319759af69cafa198766c393e70521
000000000438,robot_state.error,phail/v1.0/dataset/rollouts/000000000000/000000000438/robot_state.error.parquet,c7bd4bf10c42c75cb0bc0eb4b8bc5053,498180,498180,3efb94f9b2a99d448fd61795b0eabac3dfbe9d43310a435e3750cf99313dbb90,62213,d853e68515397e9949f0cd49d1291a712ed3bafaa71afb20873e5354f92d3743
000000000438,robot_state.q,phail/v1.0/dataset/rollouts/000000000000/000000000438/robot_state.q.parquet,d4b3e8cabe96de9cd958443d1c2fc506,3114589,3114589,e631964458dfbe9fd5cae359d6b70b40924e63b4a867c1de3debb087678b7648,62213,9e13c431dee7465558b1feeef41eef2ad7319759af69cafa198766c393e70521
000000000439,robot_state.error,phail/v1.0/dataset/rollouts/000000000000/000000000439/robot_state.error.parquet,d3965e7111d3f41945af73acb290b6d4,502616,502616,c1db7bbdb396f2bc65fbc98d851f2d89362856fc0f112b31e50b885797d8f456,62838,d853e68515397e9949f0cd49d1291a712ed3bafaa71afb20873e5354f92d3743
000000000439,robot_state.q,phail/v1.0/dataset/rollouts/000000000000/000000000439/robot_state.q.parquet,4b86118b74453c256d28580cf2841bfc,3088894,3088894,8f01d2485602ed2fe81f16fc0be23bb57464891ede22127381d7ed85ec24dab6,62838,9e13c431dee7465558b1feeef41eef2ad7319759af69cafa198766c393e70521
000000000440,robot_state.error,phail/v1.0/dataset/rollouts/000000000000/000000000440/robot_state.error.parquet,ea3aefb866fd3fe2982763c7748eca9e,487106,487106,1cb53a68e7cf756fb9159db7c00c6213ad20102432d33a2683c2d73a9c120c84,60782,d853e68515397e9949f0cd49d1291a712ed3bafaa71afb20873e5354f92d3743
000000000440,robot_state.q,phail/v1.0/dataset/rollouts/000000000000/000000000440/robot_state.q.parquet,163b602a405765f0ffe0598703ff536c,3068890,3068890,913ceebd8b7505bb5f86f55bf2ade8e096a0530a031424ebe6ecf65f23d523de,60782,9e13c431dee7465558b1feeef41eef2ad7319759af69cafa198766c393e70521
000000000441,robot_state.error,phail/v1.0/dataset/rollouts/000000000000/000000000441/robot_state.error.parquet,4f2dd6f4f1ff875fd65bd57b5fad9883,194140,194140,001c051250e36fe6e742eb66dfe0c7f56eb737db0c9486042e42114a5810fbf4,24269,d853e68515397e9949f0cd49d1291a712ed3bafaa71afb20873e5354f92d3743
000000000441,robot_state.q,phail/v1.0/dataset/rollouts/000000000000/000000000441/robot_state.q.parquet,be0023ec2bffd30647b93a65bf69ad6f,1168207,1168207,ed89fb55f2b796a17d332fdd919de94a1acfd305b3426607a950dac1cd097d97,24269,9e13c431dee7465558b1feeef41eef2ad7319759af69cafa198766c393e70521
000000000442,robot_state.error,phail/v1.0/dataset/rollouts/000000000000/000000000442/robot_state.error.parquet,4c9d0d29045a103d47d3fb9e472f1020,497862,497862,ff6b1f554365960d4409de39188a60d84b31afb58e3f1b1b6dfaeadabaa6b163,62164,d853e68515397e9949f0cd49d1291a712ed3bafaa71afb20873e5354f92d3743
000000000442,robot_state.q,phail/v1.0/dataset/rollouts/000000000000/000000000442/robot_state.q.parquet,f2392db0d0c56764c25fad9f55079e94,3101531,3101531,552d9bc808678cd5f479405e5acf2aa45d7def57f6752898fbb57026dbe275f8,62164,9e13c431dee7465558b1feeef41eef2ad7319759af69cafa198766c393e70521
000000000443,robot_state.error,phail/v1.0/dataset/rollouts/000000000000/000000000443/robot_state.error.parquet,e4312b542c898376928fd380472f86a5,535755,535755,37c4eb86375413a42e43f09f2dea653ace38c614831ef9b58ec8a290e4cd23e9,67064,d853e68515397e9949f0cd49d1291a712ed3bafaa71afb20873e5354f92d3743
000000000443,robot_state.q,phail/v1.0/dataset/rollouts/000000000000/000000000443/robot_state.q.parquet,42611e03ee46f9d92ae6d92f468cb5b7,2980924,2980924,97df71307fcd824d525c8aeb876c45d6d40c38e115d4c054fd2e93c5889c1090,67064,9e13c431dee7465558b1feeef41eef2ad7319759af69cafa198766c393e70521
000000000444,robot_state.error,phail/v1.0/dataset/rollouts/000000000000/000000000444/robot_state.error.parquet,3b6af2fab499f8a069970ecb6e9aaa9d,500199,500199,03ab4a7db12379e93540b6e4f4b3a51248bf8bab68f1831838a47daca39f317a,62527,d853e68515397e9949f0cd49d1291a712ed3bafaa71afb20873e5354f92d3743
000000000444,robot_state.q,phail/v1.0/dataset/rollouts/000000000000/000000000444/robot_state.q.parquet,5c271bb6cf4b651a513a063d6c1cf82c,3133808,3133808,b34a9adbb128aab67fb8b28d1e46c9faaf0428ba406d99c69a776fc9970a3fcc,62527,9e13c431dee7465558b1feeef41eef2ad7319759af69cafa198766c393e70521
000000000445,robot_state.error,phail/v1.0/dataset/rollouts/000000000000/000000000445/robot_state.error.parquet,2688083be8777b6960076a3018e964a8,519883,519883,0f548af2a6a37a9d441bf0e8d0ac43964d7f428007242f252eb3360ac21774a2,64956,d853e68515397e9949f0cd49d1291a712ed3bafaa71afb20873e5354f92d3743
000000000445,robot_state.q,phail/v1.0/dataset/rollouts/000000000000/000000000445/robot_state.q.parquet,eb51912851b8117b54a66685054f8d48,2736496,2736496,675fd385d2769da0e9e14b9d61df6f50b273d32400e523a9a5a6d15427ce0237,64956,9e13c431dee7465558b1feeef41eef2ad7319759af69cafa198766c393e70521
000000000446,robot_state.error,phail/v1.0/dataset/rollouts/000000000000/000000000446/robot_state.error.parquet,b11f2a33f11c4c89fed6888f0a138bc4,523050,523050,f34d55af12295fe3f8759178db04ec8d25256b12bc1043d6e715815018384b2b,65304,d853e68515397e9949f0cd49d1291a712ed3bafaa71afb20873e5354f92d3743
000000000446,robot_state.q,phail/v1.0/dataset/rollouts/000000000000/000000000446/robot_state.q.parquet,38b1eddf7ca4749d2d476bbb7d867ca8,1881240,1881240,f766fda2dfdb32784cc17a1c7285a64de4a88a32a88cda1bf6978d93905f3ad3,65304,9e13c431dee7465558b1feeef41eef2ad7319759af69cafa198766c393e70521
000000000447,robot_state.error,phail/v1.0/dataset/rollouts/000000000000/000000000447/robot_state.error.parquet,fef2f3162024d555e193b361f4f32d3a,516126,516126,ebf30a3d59a215caec380966ce9b595a37b438131ad4a0bca6a3a5485373afdc,64517,d853e68515397e9949f0cd49d1291a712ed3bafaa71afb20873e5354f92d3743
000000000447,robot_state.q,phail/v1.0/dataset/rollouts/000000000000/000000000447/robot_state.q.parquet,d60b6f00dddabc4c66f2147c6c56ed39,2809986,2809986,d1f913468bd19f0e57c30db3b22330e58d6ec4b513633fc74819ce9ae7e46ff4,64517,9e13c431dee7465558b1feeef41eef2ad7319759af69cafa198766c393e70521
000000000448,robot_state.error,phail/v1.0/dataset/rollouts/000000000000/000000000448/robot_state.error.parquet,364d70edb4250e2e8384485d858535cc,93979,93979,24cfb73fcd53d9b6523df484785207803e912f492ba07096e712272e4d8d5126,11724,d853e68515397e9949f0cd49d1291a712ed3bafaa71afb20873e5354f92d3743
000000000448,robot_state.q,phail/v1.0/dataset/rollouts/000000000000/000000000448/robot_state.q.parquet,1ad5b64a81a9a07c0e429de7d1079ab2,468726,468726,5301a778039341dcb03291c147bc56f2ac24b980e53755f130a1066350356df4,11724,9e13c431dee7465558b1feeef41eef2ad7319759af69cafa198766c393e70521
000000000449,robot_state.error,phail/v1.0/dataset/rollouts/000000000000/000000000449/robot_state.error.parquet,87f270ec49df9e55c2713db5b59ce59d,515434,515434,e8932e89fe0eee6507f10b661028e650b2a76f3f319eaae8e777ab663181ea46,64413,d853e68515397e9949f0cd49d1291a712ed3bafaa71afb20873e5354f92d3743
000000000449,robot_state.q,phail/v1.0/dataset/rollouts/000000000000/000000000449/robot_state.q.parquet,7c15fe64988edf4142f24f25fe901103,3244290,3244290,a3d05dd41dbb35b1433a3e2a114f1ba9698f6437c7f1746cb056852f1c229f5e,64413,9e13c431dee7465558b1feeef41eef2ad7319759af69cafa198766c393e70521
000000000450,robot_state.error,phail/v1.0/dataset/rollouts/000000000000/000000000450/robot_state.error.parquet,d48e23584ec25a91d1003a834a6ce694,495636,495636,f780b21412eaed2028eae4d658ce6520252f828b7e1ac1d2e3452b730e67acb7,61896,d853e68515397e9949f0cd49d1291a712ed3bafaa71afb20873e5354f92d3743
000000000450,robot_state.q,phail/v1.0/dataset/rollouts/000000000000/000000000450/robot_state.q.parquet,9bae2daf3df20955148189375fa366fe,3003702,3003702,f26448f6afb6e1c33f0dda165d58c77d5680842bed8a8591c200c46009e378ae,61896,9e13c431dee7465558b1feeef41eef2ad7319759af69cafa198766c393e70521
000000000451,robot_state.error,phail/v1.0/dataset/rollouts/000000000000/000000000451/robot_state.error.parquet,260f4fee40fb96d22367e0f54222084c,504038,504038,c454d867edcd9a62324b4454ee19d8a17fec8ac30022b1c97908d372e5689a13,62973,d853e68515397e9949f0cd49d1291a712ed3bafaa71afb20873e5354f92d3743
000000000451,robot_state.q,phail/v1.0/dataset/rollouts/000000000000/000000000451/robot_state.q.parquet,2e7337ec14eea8e15f7c31e0b52fde38,3050291,3050291,3d980fb4785de723ec021969bcd3eb22ca5a5e22268c139d011e62f615acd45e,62973,9e13c431dee7465558b1feeef41eef2ad7319759af69cafa198766c393e70521
000000000452,robot_state.error,phail/v1.0/dataset/rollouts/000000000000/000000000452/robot_state.error.parquet,427f2e5bdde2e8e3bc8c9e7b05bd0955,497307,497307,e7e6bc00754e08404c1516ae196993cbca5834ed9837e4ed3d098b4a0f01f172,62056,d853e68515397e9949f0cd49d1291a712ed3bafaa71afb20873e5354f92d3743
000000000452,robot_state.q,phail/v1.0/dataset/rollouts/000000000000/000000000452/robot_state.q.parquet,123b73ef2136d423599fd568fb0d8df0,3108137,3108137,125c56caf35408de867033830bcb7978d8ff42461e04104aec213fe58655c416,62056,9e13c431dee7465558b1feeef41eef2ad7319759af69cafa198766c393e70521
000000000453,robot_state.error,phail/v1.0/dataset/rollouts/000000000000/000000000453/robot_state.error.parquet,a0e31f90a8483680d1330fe268e4f432,483016,483016,21b8fb2fb90ed8647d57646fb821ea2e1688b1453df401b640507a5645ffff9c,60141,d853e68515397e9949f0cd49d1291a712ed3bafaa71afb20873e5354f92d3743
000000000453,robot_state.q,phail/v1.0/dataset/rollouts/000000000000/000000000453/robot_state.q.parquet,f9b4f9c188e8373b69aa32253d2bed43,3013796,3013796,c767b0f79457548f5f63b129584d3526f8f3143282491f6aadbe6d2be60d9705,60141,9e13c431dee7465558b1feeef41eef2ad7319759af69cafa198766c393e70521
000000000454,robot_state.error,phail/v1.0/dataset/rollouts/000000000000/000000000454/robot_state.error.parquet,295ae0e2387d3e05ab6d72428fc4a853,258677,258677,8fb4f86ea09b4d64b91af0b5cc1ba60f4459fde3fd77ff6f7f2a92c06372391f,32268,d853e68515397e9949f0cd49d1291a712ed3bafaa71afb20873e5354f92d3743
000000000454,robot_state.q,phail/v1.0/dataset/rollouts/000000000000/000000000454/robot_state.q.parquet,deff4e42c485b709a4dd58e9d7763890,1610176,1610176,7a1b309547570686c6532657277304b46cdfd9a126de6467c7c6407b377781df,32268,9e13c431dee7465558b1feeef41eef2ad7319759af69cafa198766c393e70521
000000000455,robot_state.error,phail/v1.0/dataset/rollouts/000000000000/000000000455/robot_state.error.parquet,51971ce283cc0cf040e97f285bb9ec59,266606,266606,d83ddd9d0641dc6e4d628a4eb4d87c0c7d31d96de846d0f5c135daac96615cbf,33314,d853e68515397e9949f0cd49d1291a712ed3bafaa71afb20873e5354f92d3743
000000000455,robot_state.q,phail/v1.0/dataset/rollouts/000000000000/000000000455/robot_state.q.parquet,b4aac8f984a954188cb66fa3a44c34d9,1616731,1616731,5da81d7c86d637c7019850b2d42d5a1aba9dcb2a208a4114fd5ec7de0a986567,33314,9e13c431dee7465558b1feeef41eef2ad7319759af69cafa198766c393e70521
000000000456,robot_state.error,phail/v1.0/dataset/rollouts/000000000000/000000000456/robot_state.error.parquet,0a7a3b60f427b08cd33030d4aa2a6920,267722,267722,e6b604823749d67f814c408a2941a10111bd0106be5c1d4205f915df3b377c99,33448,d853e68515397e9949f0cd49d1291a712ed3bafaa71afb20873e5354f92d3743
000000000456,robot_state.q,phail/v1.0/dataset/rollouts/000000000000/000000000456/robot_state.q.parquet,03f950211f1b88e6879812ace8f01578,1414349,1414349,3838c0f227d5da418ba4e50bcce79a702b2c102cad2025657b46fb3d39838bb7,33448,9e13c431dee7465558b1feeef41eef2ad7319759af69cafa198766c393e70521
000000000457,robot_state.error,phail/v1.0/dataset/rollouts/000000000000/000000000457/robot_state.error.parquet,4d82dd58d2360e43cec332d402ec757a,278893,278893,4bdf0be63cadd6381389b53bea840fc7fb41e43691390869cb3c66636dddffde,34877,d853e68515397e9949f0cd49d1291a712ed3bafaa71afb20873e5354f92d3743
000000000457,robot_state.q,phail/v1.0/dataset/rollouts/000000000000/000000000457/robot_state.q.parquet,77d65bd5f43c6e723b7e95d7d09c8ac2,1729029,1729029,759be8c2a7bda5f358e4719ca3f8b037e2c3048534cb39c287ddf1f6afaac06c,34877,9e13c431dee7465558b1feeef41eef2ad7319759af69cafa198766c393e70521
000000000458,robot_state.error,phail/v1.0/dataset/rollouts/000000000000/000000000458/robot_state.error.parquet,0fdcc343a756d53dfa36cf69e53718c1,251550,251550,343b10503ee706af2233f5a1646cd8f40a42663eb0845a4ede7ae295f2b838e3,31339,d853e68515397e9949f0cd49d1291a712ed3bafaa71afb20873e5354f92d3743
000000000458,robot_state.q,phail/v1.0/dataset/rollouts/000000000000/000000000458/robot_state.q.parquet,9eea36782d3891e9489b21be3899280c,1577995,1577995,260a066e65b891a77f601f98059907f5d1477a97d9f0898fcb8fd487b9e44b65,31339,9e13c431dee7465558b1feeef41eef2ad7319759af69cafa198766c393e70521
000000000459,robot_state.error,phail/v1.0/dataset/rollouts/000000000000/000000000459/robot_state.error.parquet,9198481c398f7139ab42f6392882afb8,254325,254325,45ae6c2f306914f4e39581659aa99dc2eb0b74fa21f51628f46ce437f007c883,31716,d853e68515397e9949f0cd49d1291a712ed3bafaa71afb20873e5354f92d3743
000000000459,robot_state.q,phail/v1.0/dataset/rollouts/000000000000/000000000459/robot_state.q.parquet,4f06c7667333baf11714ac88e379cac8,1548538,1548538,14172843182df73b44c0acd2cc94d399787e2eefda9c8b4a20fbb25efc8da480,31716,9e13c431dee7465558b1feeef41eef2ad7319759af69cafa198766c393e70521
000000000460,robot_state.error,phail/v1.0/dataset/rollouts/000000000000/000000000460/robot_state.error.parquet,a252dac6235e61b389a259bbc515eb25,255358,255358,693e270fb6ea02bf5f24e3814e0fbf5ee6c25ebf77eea0bb54bd873aae620955,31853,d853e68515397e9949f0cd49d1291a712ed3bafaa71afb20873e5354f92d3743
000000000460,robot_state.q,phail/v1.0/dataset/rollouts/000000000000/000000000460/robot_state.q.parquet,08a37193184a289a2899552b7e18a6f5,1584618,1584618,4754c0c18921a637121861e13e9b4b56ce8897c327e5921d0856989faa6f7f36,31853,9e13c431dee7465558b1feeef41eef2ad7319759af69cafa198766c393e70521
000000000461,robot_state.error,phail/v1.0/dataset/rollouts/000000000000/000000000461/robot_state.error.parquet,396e7952f0d33a9887093c6c088e3c5a,249326,249326,19bd18a5cdbff155817f81a2067b18e20acfa03b19f85837d7c0c363d901e4d5,31035,d853e68515397e9949f0cd49d1291a712ed3bafaa71afb20873e5354f92d3743
000000000461,robot_state.q,phail/v1.0/dataset/rollouts/000000000000/000000000461/robot_state.q.parquet,e0d0b32a325b1489103ecce5f3a11b0a,1540158,1540158,aeb2ef25bf845fa47ed2d1878a2c3a5365c0263f627d73f337976faf1a4e1c9c,31035,9e13c431dee7465558b1feeef41eef2ad7319759af69cafa198766c393e70521
000000000462,robot_state.error,phail/v1.0/dataset/rollouts/000000000000/000000000462/robot_state.error.parquet,a9da84ffe7320510fefaa08a9f4b9aa3,262315,262315,9b9161c317e56cf0cfa851933b4c4ae1ed0034f4d43a44a848d392800cf06541,32749,d853e68515397e9949f0cd49d1291a712ed3bafaa71afb20873e5354f92d3743
000000000462,robot_state.q,phail/v1.0/dataset/rollouts/000000000000/000000000462/robot_state.q.parquet,58a4c7657f777d309d90c8fd7eba072e,1634828,1634828,e316879433f43f9acc9a2ccb27cdf7b582d3c1161ddc6d3e0737b621fca85db0,32749,9e13c431dee7465558b1feeef41eef2ad7319759af69cafa198766c393e70521
000000000463,robot_state.error,phail/v1.0/dataset/rollouts/000000000000/000000000463/robot_state.error.parquet,1a631daa0b177098db4bae22cc67e1e9,252189,252189,330b7096cabd8ef01c772c1f74080063e46e70743fa05a3152176c1640536f30,31416,d853e68515397e9949f0cd49d1291a712ed3bafaa71afb20873e5354f92d3743
000000000463,robot_state.q,phail/v1.0/dataset/rollouts/000000000000/000000000463/robot_state.q.parquet,233dc8e883fa78165c77f9caa3bb5527,1574914,1574914,26890e8f8e038f2b11a91d5072e9e198af86a7482dc4563f4fb5f34b89d88459,31416,9e13c431dee7465558b1feeef41eef2ad7319759af69cafa198766c393e70521
000000000464,robot_state.error,phail/v1.0/dataset/rollouts/000000000000/000000000464/robot_state.error.parquet,030aaa5056b92982ee84f0f11dfe89e0,258706,258706,257e336400bcd60c5933a523ea158a1c5de4911cccbac50cc73cd8fb7078bdaf,32267,d853e68515397e9949f0cd49d1291a712ed3bafaa71afb20873e5354f92d3743
000000000464,robot_state.q,phail/v1.0/dataset/rollouts/000000000000/000000000464/robot_state.q.parquet,6032c56a82c632571ef7cffa7068ba8a,1600618,1600618,d72195fa6cc4351a160d557d82adeeffbe3350f44a5861246a32816672b8be14,32267,9e13c431dee7465558b1feeef41eef2ad7319759af69cafa198766c393e70521
000000000465,robot_state.error,phail/v1.0/dataset/rollouts/000000000000/000000000465/robot_state.error.parquet,4f3e0ee10fbe8ebf593f3837d1429aa1,251534,251534,f6d67f0cedc6030a981b767cbf3c77dd74674b373e1ae53220bc63bfc19f1e34,31323,d853e68515397e9949f0cd49d1291a712ed3bafaa71afb20873e5354f92d3743
000000000465,robot_state.q,phail/v1.0/dataset/rollouts/000000000000/000000000465/robot_state.q.parquet,0c78323b0d0e9bbc4ef2ae9de5138bd7,1475178,1475178,3c55547c470c235723957ef88e4a5c9b4ae5e2abf3d6622664ecda84b2ac31e8,31323,9e13c431dee7465558b1feeef41eef2ad7319759af69cafa198766c393e70521
000000000466,robot_state.error,phail/v1.0/dataset/rollouts/000000000000/000000000466/robot_state.error.parquet,91a0b480f616dbc20d6c132c2505356f,260014,260014,e96bcb8ae17175ff3d385813558924a3c7b1bfa90323d69bd3151d48fe5fa002,32443,d853e68515397e9949f0cd49d1291a712ed3bafaa71afb20873e5354f92d3743
000000000466,robot_state.q,phail/v1.0/dataset/rollouts/000000000000/000000000466/robot_state.q.parquet,4e20b7520789a0b73b40bb3889f7ad6d,1620613,1620613,884b4008ab8052384120da8ba86d4e9ea2ead76ab3f6cddbdddd088ddc4f6b5e,32443,9e13c431dee7465558b1feeef41eef2ad7319759af69cafa198766c393e70521
000000000467,robot_state.error,phail/v1.0/dataset/rollouts/000000000000/000000000467/robot_state.error.parquet,a10ce14d0d47c8d177a43872adeaca42,267666,267666,f19da6a7543add6dce386b20b8ef631c3c746637a3214a31e951bdf7345ac670,33454,d853e68515397e9949f0cd49d1291a712ed3bafaa71afb20873e5354f92d3743
000000000467,robot_state.q,phail/v1.0/dataset/rollouts/000000000000/000000000467/robot_state.q.parquet,ebc6757a5ca89d4864ad3506d6c0f437,1570316,1570316,40c047875c26f3db19e65ea9a4ad985b89193805f3b837036ce41c6ac1d93199,33454,9e13c431dee7465558b1feeef41eef2ad7319759af69cafa198766c393e70521
000000000468,robot_state.error,phail/v1.0/dataset/rollouts/000000000000/000000000468/robot_state.error.parquet,40108f1215898041e677be6288488345,249856,249856,a38ec1439b980dafcc519b8b7019712d54bea8f787d4541eb69211f632d7e130,31110,d853e68515397e9949f0cd49d1291a712ed3bafaa71afb20873e5354f92d3743
000000000468,robot_state.q,phail/v1.0/dataset/rollouts/000000000000/000000000468/robot_state.q.parquet,e64434febe33cdfb2c7e3cd1993ddd6a,1565235,1565235,002ec5cf0cd0398ab3a84ca282e57d524e8b37fe0b68ab8212f9e720388824a4,31110,9e13c431dee7465558b1feeef41eef2ad7319759af69cafa198766c393e70521
000000000469,robot_state.error,phail/v1.0/dataset/rollouts/000000000000/000000000469/robot_state.error.parquet,022120213fd3f9a64eac20e565201d87,250906,250906,ddf1f180996150b9b242a71d76c6140ca23821d8ebee940e03f3c99a284931a4,31239,d853e68515397e9949f0cd49d1291a712ed3bafaa71afb20873e5354f92d3743
000000000469,robot_state.q,phail/v1.0/dataset/rollouts/000000000000/000000000469/robot_state.q.parquet,46cded3c10c6ac096debb240417c424c,1566644,1566644,f3421192ec0c44522bc6b647ee18257ea80d5663171bb741bd8f00b58acf489f,31239,9e13c431dee7465558b1feeef41eef2ad7319759af69cafa198766c393e70521
000000000470,robot_state.error,phail/v1.0/dataset/rollouts/000000000000/000000000470/robot_state.error.parquet,b42891e081e8cfed30d5393f7a92939c,251288,251288,8d8faf674106881eb0584d18796054084f633112c5fc3da5baa9c237b6c2ba0f,31300,d853e68515397e9949f0cd49d1291a712ed3bafaa71afb20873e5354f92d3743
000000000470,robot_state.q,phail/v1.0/dataset/rollouts/000000000000/000000000470/robot_state.q.parquet,bcf9d8d946c367bbb982ebe6bb25b6ad,1528300,1528300,496e3a99a0fa9efaf1036dbcf079c81c5936b90476e24bae0dd39acd5b593384,31300,9e13c431dee7465558b1feeef41eef2ad7319759af69cafa198766c393e70521
000000000471,robot_state.error,phail/v1.0/dataset/rollouts/000000000000/000000000471/robot_state.error.parquet,7871ea1b4a123c744061ad3e5cee4e56,252477,252477,a5a6ef5af0339b2eb631748cddf7f3b0e45c10996cf9cc5c4924430cd5e15cb1,31463,d853e68515397e9949f0cd49d1291a712ed3bafaa71afb20873e5354f92d3743
000000000471,robot_state.q,phail/v1.0/dataset/rollouts/000000000000/000000000471/robot_state.q.parquet,9cb3981d9f0c416a38182c3fb7362585,1552653,1552653,fe065131e9d79a3597a92bdfb72fd9563f3beed1ae0e26872c58e01732f2e8c7,31463,9e13c431dee7465558b1feeef41eef2ad7319759af69cafa198766c393e70521
000000000472,robot_state.error,phail/v1.0/dataset/rollouts/000000000000/000000000472/robot_state.error.parquet,2b22a2f1b9e79d2291ee9976af30fa03,258349,258349,d1271e0c9311c40fa3e0eee1a83ebe9acae58bdfb1744a97b60f84c189f2c0e3,32222,d853e68515397e9949f0cd49d1291a712ed3bafaa71afb20873e5354f92d3743
000000000472,robot_state.q,phail/v1.0/dataset/rollouts/000000000000/000000000472/robot_state.q.parquet,d0efa75b0b74ac593f41de00e3bb3425,1612141,1612141,89d28deeb185366940f092278994ee4106c82216534af041c1a4977db3526a54,32222,9e13c431dee7465558b1feeef41eef2ad7319759af69cafa198766c393e70521
000000000473,robot_state.error,phail/v1.0/dataset/rollouts/000000000000/000000000473/robot_state.error.parquet,e92f35d166b381c35d740581fb17410c,200820,200820,9b9ec2dc50b16f35fc076c8d0870110d782f89e6aa5f4378fcbd17fa8dd9d972,25085,d853e68515397e9949f0cd49d1291a712ed3bafaa71afb20873e5354f92d3743
000000000473,robot_state.q,phail/v1.0/dataset/rollouts/000000000000/000000000473/robot_state.q.parquet,88110988e20ecf33577a5217039930ee,1212339,1212339,efe667142bec5a8e487e14cd5fd2d6dc5ef10c8901ec42aef5cc24179f31c990,25085,9e13c431dee7465558b1feeef41eef2ad7319759af69cafa198766c393e70521
000000000474,robot_state.error,phail/v1.0/dataset/rollouts/000000000000/000000000474/robot_state.error.parquet,bfa9b24917371a52f24f9c254c05957e,250656,250656,ed3a0a903ec96c52326a532ef6053906a504cea2d394b00af86be59e31fd16cd,31214,d853e68515397e9949f0cd49d1291a712ed3bafaa71afb20873e5354f92d3743
000000000474,robot_state.q,phail/v1.0/dataset/rollouts/000000000000/000000000474/robot_state.q.parquet,6d970c8ccafac0c377f72bbe52302200,1567165,1567165,e9e568d431827daac2a2cf2d599e03689bfc913986698b4e77000ff6b8d586e8,31214,9e13c431dee7465558b1feeef41eef2ad7319759af69cafa198766c393e70521
000000000475,robot_state.error,phail/v1.0/dataset/rollouts/000000000000/000000000475/robot_state.error.parquet,2d4a949732f527e11ac3ffac7d8c7450,254874,254874,5bd708d4726f13bd0c8b040fa67d985fdbbb1921ecb9cdcc3ebb67d82acb2c15,31784,d853e68515397e9949f0cd49d1291a712ed3bafaa71afb20873e5354f92d3743
000000000475,robot_state.q,phail/v1.0/dataset/rollouts/000000000000/000000000475/robot_state.q.parquet,6baee622063ff9c864848393c6733581,1578868,1578868,80df0a656a0f243b0217f65b803622858d897f43abd2b488cec33aa364a28c7d,31784,9e13c431dee7465558b1feeef41eef2ad7319759af69cafa198766c393e70521
000000000476,robot_state.error,phail/v1.0/dataset/rollouts/000000000000/000000000476/robot_state.error.parquet,5f01c997abbaee05bbefa62ffd3d2d6e,261352,261352,7db30802714c47f92b42a542ff7063c200f161887a7a74e86cef68c82f6a65f0,32617,d853e68515397e9949f0cd49d1291a712ed3bafaa71afb20873e5354f92d3743
000000000476,robot_state.q,phail/v1.0/dataset/rollouts/000000000000/000000000476/robot_state.q.parquet,a17a6a60a623bfefabe3ca5ac4987eaa,1596785,1596785,79660a8ca34238d3b5b99e73d5833d9ac1f85b99770d774594b7cf8eb9dec1f5,32617,9e13c431dee7465558b1feeef41eef2ad7319759af69cafa198766c393e70521
000000000477,robot_state.error,phail/v1.0/dataset/rollouts/000000000000/000000000477/robot_state.error.parquet,e7521f394de67b6cc2c0ff1525199573,264201,264201,4d69aa7d35ce7e789aed453c2bf9c25b7b74f730d900bbdfd927ca3217c392df,32996,d853e68515397e9949f0cd49d1291a712ed3bafaa71afb20873e5354f92d3743
000000000477,robot_state.q,phail/v1.0/dataset/rollouts/000000000000/000000000477/robot_state.q.parquet,29c0e3373c56cc8cfa1ee02f431adc38,1612212,1612212,af02f51a4a6d238e688269ed3e01bcf8c1af242e3addf83d1b26e3c8cb506bb9,32996,9e13c431dee7465558b1feeef41eef2ad7319759af69cafa198766c393e70521
000000000478,robot_state.error,phail/v1.0/dataset/rollouts/000000000000/000000000478/robot_state.error.parquet,de932ff917501cad5fcd4568ec9b91b5,268944,268944,872afde29b7bf43b7c49a16905b58b8b193678863677d0ba55d0abdf560f8190,33631,d853e68515397e9949f0cd49d1291a712ed3bafaa71afb20873e5354f92d3743
000000000478,robot_state.q,phail/v1.0/dataset/rollouts/000000000000/000000000478/robot_state.q.parquet,e780d1f272404c2b76f0a015b46738c5,1653845,1653845,fea04ca47f2cf634e0e0b815afb0e85d466594539c0abad184afeb5b6509c188,33631,9e13c431dee7465558b1feeef41eef2ad7319759af69cafa198766c393e70521
000000000479,robot_state.error,phail/v1.0/dataset/rollouts/000000000000/000000000479/robot_state.error.parquet,500c4efab30703445fb06a101a2be4fc,239303,239303,9bbac28843fbdef0a3697b8a283473b1fe9469c8188db2029a1ed6402402faaa,29753,d853e68515397e9949f0cd49d1291a712ed3bafaa71afb20873e5354f92d3743
000000000479,robot_state.q,phail/v1.0/dataset/rollouts/000000000000/000000000479/robot_state.q.parquet,96b61da1ffc7e20e01cd9788d57c8c0a,1481182,1481182,3ba1bda5c8346dd1fcae2365967955080133b3587d82dd7b1747ac2cfb21acaa,29753,9e13c431dee7465558b1feeef41eef2ad7319759af69cafa198766c393e70521
000000000480,robot_state.error,phail/v1.0/dataset/rollouts/000000000000/000000000480/robot_state.error.parquet,5ca82a66e5a3f3ae6b3b1d7e49589555,239512,239512,3964938433bbe2e922ca94c61ad72739e5bfaa63062bc8024da398d9e857f9e8,29778,d853e68515397e9949f0cd49d1291a712ed3bafaa71afb20873e5354f92d3743
000000000480,robot_state.q,phail/v1.0/dataset/rollouts/000000000000/000000000480/robot_state.q.parquet,93f220ec770c9269a458c9b59df58e01,1468341,1468341,63a48e4d48d6df155e2d2802deae0725eb04c2a8db3c4eb45a30ca4493d3dbf4,29778,9e13c431dee7465558b1feeef41eef2ad7319759af69cafa198766c393e70521
000000000481,robot_state.error,phail/v1.0/dataset/rollouts/000000000000/000000000481/robot_state.error.parquet,3729c61436a96aa5ff259147f7e918d2,57281,57281,5f7b27526bc2172bffe78293b20fb9ca68395ca1d140fc56ecc5ce7ca6d39345,7224,d853e68515397e9949f0cd49d1291a712ed3bafaa71afb20873e5354f92d3743
000000000481,robot_state.q,phail/v1.0/dataset/rollouts/000000000000/000000000481/robot_state.q.parquet,8b200e59ce4506f2c9d7c17dbb5d83a6,268371,268371,4a549330da27910797d8a1dcee753e5503ff40d6173ee64111d317381db7c31c,7224,9e13c431dee7465558b1feeef41eef2ad7319759af69cafa198766c393e70521
000000000482,robot_state.error,phail/v1.0/dataset/rollouts/000000000000/000000000482/robot_state.error.parquet,d8296f34b402f6887341372f48ebfff2,255707,255707,027c7cce84725344ce8dec22f55d132d2cfe19a504d3a412e1368eac20649238,31907,d853e68515397e9949f0cd49d1291a712ed3bafaa71afb20873e5354f92d3743
000000000482,robot_state.q,phail/v1.0/dataset/rollouts/000000000000/000000000482/robot_state.q.parquet,23fa7b27b2eaae2021cc3c5bcc95ecea,1600545,1600545,e0518d7b9d72dd9dba4dfd3b74bec75329c1c9d888b05002f80aa688861c0d18,31907,9e13c431dee7465558b1feeef41eef2ad7319759af69cafa198766c393e70521
000000000483,robot_state.error,phail/v1.0/dataset/rollouts/000000000000/000000000483/robot_state.error.parquet,dadf40507acc82e7f5a6ef760a7dfa32,250313,250313,ba73fb1e2ad862fd2dfee490177f8fca107843dc442d877d93bc36c9faa4f773,31158,d853e68515397e9949f0cd49d1291a712ed3bafaa71afb20873e5354f92d3743
000000000483,robot_state.q,phail/v1.0/dataset/rollouts/000000000000/000000000483/robot_state.q.parquet,30633249017d5230be008c1acb77da19,1462697,1462697,a96114b3392ac8cc7fdba4f8886b1241868d56406cfd1f190e31b9d5d3874f90,31158,9e13c431dee7465558b1feeef41eef2ad7319759af69cafa198766c393e70521
000000000484,robot_state.error,phail/v1.0/dataset/rollouts/000000000000/000000000484/robot_state.error.parquet,c0b756d4538bac9ec1c5e1f754311793,289410,289410,88edd14c52f24c79db0951e707c928199697ee6271ecb2d15d0d90d940912f62,36247,d853e68515397e9949f0cd49d1291a712ed3bafaa71afb20873e5354f92d3743
000000000484,robot_state.q,phail/v1.0/dataset/rollouts/000000000000/000000000484/robot_state.q.parquet,bff70db3c2a9e23a6966c3d98cdbf52c,1705914,1705914,02191a41640a5af77c70ed96391ab8defe9585ea3afde9d6d37cecb1bd9a2ebf,36247,9e13c431dee7465558b1feeef41eef2ad7319759af69cafa198766c393e70521
000000000485,robot_state.error,phail/v1.0/dataset/rollouts/000000000000/000000000485/robot_state.error.parquet,65ba8c873c46033357c8b2f7574c93ec,266365,266365,c4f0ffca875b69b007ca5abca21efdc060d314b2bc20ffbae3842870f08d011f,33288,d853e68515397e9949f0cd49d1291a712ed3bafaa71afb20873e5354f92d3743
000000000485,robot_state.q,phail/v1.0/dataset/rollouts/000000000000/000000000485/robot_state.q.parquet,4171018a7b67833cf1158ec372c4c9d1,1641051,1641051,4c20281b14025fad8c1031e37cbdf2f34653abfb1b59a0fa454c923a2aa289c9,33288,9e13c431dee7465558b1feeef41eef2ad7319759af69cafa198766c393e70521
000000000486,robot_state.error,phail/v1.0/dataset/rollouts/000000000000/000000000486/robot_state.error.parquet,efd5b77f1a5e4c2728ef74565a4a4cf1,257442,257442,3b40f031cb6cc291b785d43f40ac67c201280f2eb92e2164859ca1039fd07ca4,32093,d853e68515397e9949f0cd49d1291a712ed3bafaa71afb20873e5354f92d3743
000000000486,robot_state.q,phail/v1.0/dataset/rollouts/000000000000/000000000486/robot_state.q.parquet,6d2c740eaf27854875d6c6390bea4e4a,1497436,1497436,95fc222874436a8a14b64a0a220ca7a6f8058af2563706b9ceb9ac7cd44cf798,32093,9e13c431dee7465558b1feeef41eef2ad7319759af69cafa198766c393e70521
000000000487,robot_state.error,phail/v1.0/dataset/rollouts/000000000000/000000000487/robot_state.error.parquet,d5bc7ea712d2de828c7fe3dd2b3bc203,254267,254267,f97a2009ec459bfdebbe74243651c40aded606202e98c5468463dfbcc4ff2176,31703,d853e68515397e9949f0cd49d1291a712ed3bafaa71afb20873e5354f92d3743
000000000487,robot_state.q,phail/v1.0/dataset/rollouts/000000000000/000000000487/robot_state.q.parquet,b644bf171305bd3b92be4d991a0b4fec,1548726,1548726,c82b69cd062e7406128e90f11788c5931e97f764e46acb38de98044d7f3e4b76,31703,9e13c431dee7465558b1feeef41eef2ad7319759af69cafa198766c393e70521
000000000488,robot_state.error,phail/v1.0/dataset/rollouts/000000000000/000000000488/robot_state.error.parquet,4c95a533f05305525aef9481d852f187,256196,256196,de315ac0db560b8b72aee6f973a262be8c4fb56a21d58815bcf53660bb5b9ea2,31960,d853e68515397e9949f0cd49d1291a712ed3bafaa71afb20873e5354f92d3743
000000000488,robot_state.q,phail/v1.0/dataset/rollouts/000000000000/000000000488/robot_state.q.parquet,e38431f40995ad272b3a25da4dedf817,1562052,1562052,0fd414af13eeb422c032ae14d3438050d91cd91f4e4457d577931e244ea8ba9b,31960,9e13c431dee7465558b1feeef41eef2ad7319759af69cafa198766c393e70521
000000000489,robot_state.error,phail/v1.0/dataset/rollouts/000000000000/000000000489/robot_state.error.parquet,9a045234038e8a899f63ee4abdeac8ec,259051,259051,33b9b7b8be6ff714959fcbda0c3d7f6e2c96d2a0715bf013179668e9bc3b6bf8,32312,d853e68515397e9949f0cd49d1291a712ed3bafaa71afb20873e5354f92d3743
000000000489,robot_state.q,phail/v1.0/dataset/rollouts/000000000000/000000000489/robot_state.q.parquet,a04cf4bdcc4399cde520ae9c60a8c8b5,1626179,1626179,98ad5935edd9f345f84e420cb13f980483eb53ece8cc02f4135b2b6a95ef75bc,32312,9e13c431dee7465558b1feeef41eef2ad7319759af69cafa198766c393e70521
000000000490,robot_state.error,phail/v1.0/dataset/rollouts/000000000000/000000000490/robot_state.error.parquet,76b8a10777ece174c150bb963e3e4bee,261635,261635,cce620743802b8d67fc59639ecb53daebff7534ace341a567a48fd21bdf1f6bc,32651,d853e68515397e9949f0cd49d1291a712ed3bafaa71afb20873e5354f92d3743
000000000490,robot_state.q,phail/v1.0/dataset/rollouts/000000000000/000000000490/robot_state.q.parquet,154c49eb3ebab1060ca55ef288941ce3,1606025,1606025,2b9c95a35ae7ff12cd6d24a809d189987fa2970854b4cfd5d85667801624a220,32651,9e13c431dee7465558b1feeef41eef2ad7319759af69cafa198766c393e70521
000000000491,robot_state.error,phail/v1.0/dataset/rollouts/000000000000/000000000491/robot_state.error.parquet,f1b2eeb4dce2e1f34951aadf1dcce068,257203,257203,b0077cf63d98792f0543126b3cc3ddb73f7e079831b3163cce596610094b9d0d,32050,d853e68515397e9949f0cd49d1291a712ed3bafaa71afb20873e5354f92d3743
000000000491,robot_state.q,phail/v1.0/dataset/rollouts/000000000000/000000000491/robot_state.q.parquet,b3ff5b4be6658fb096a35e4133b36b4a,1472587,1472587,0c15b8a38785abab508e5efbcf18680dd48f0d0e49fd756347fd63b266f482a4,32050,9e13c431dee7465558b1feeef41eef2ad7319759af69cafa198766c393e70521
000000000492,robot_state.error,phail/v1.0/dataset/rollouts/000000000000/000000000492/robot_state.error.parquet,6427ba44da9c1059b49c3636203e427f,248525,248525,56328d9ef317446288a154667bb97ae8000e3f2c3c16d9f0f3a397058aa61f18,30946,d853e68515397e9949f0cd49d1291a712ed3bafaa71afb20873e5354f92d3743
000000000492,robot_state.q,phail/v1.0/dataset/rollouts/000000000000/000000000492/robot_state.q.parquet,3f23f2876b22442fa0fc8fb3e1194728,1539755,1539755,1871b8fa40f351a959dbba3fd595fb4a41a66f61d7f55c1e8b86028e74da8b67,30946,9e13c431dee7465558b1feeef41eef2ad7319759af69cafa198766c393e70521
000000000493,robot_state.error,phail/v1.0/dataset/rollouts/000000000000/000000000493/robot_state.error.parquet,52e1ea66f3d2820d8accaa550386f7e8,252323,252323,296695d3345aaa58aeb5f5889ebecebf6db42cd94209b7a6f09ddf7540e7dd60,31445,d853e68515397e9949f0cd49d1291a712ed3bafaa71afb20873e5354f92d3743
000000000493,robot_state.q,phail/v1.0/dataset/rollouts/000000000000/000000000493/robot_state.q.parquet,79d4ae6fe97cf7e09fdeab61dc1fa063,1586789,1586789,9294b0d1adaffc5387dc25479b673a1aa6337098e490b7ebbba86da350a69058,31445,9e13c431dee7465558b1feeef41eef2ad7319759af69cafa198766c393e70521
000000000494,robot_state.error,phail/v1.0/dataset/rollouts/000000000000/000000000494/robot_state.error.parquet,826fbd983ed93fb444d0ad37358bbae2,264888,264888,c3d23f9837b42f15d3914893a4b6e939e8f69044d40abf060660dccdb46f6180,33082,d853e68515397e9949f0cd49d1291a712ed3bafaa71afb20873e5354f92d3743
000000000494,robot_state.q,phail/v1.0/dataset/rollouts/000000000000/000000000494/robot_state.q.parquet,636c5c3dde7aeeb9043b953aabac5b93,1571470,1571470,2f0f02896444c18ccf8ca4e59374f6d1e2c6c3edaf36565d86a0332aa407b4a5,33082,9e13c431dee7465558b1feeef41eef2ad7319759af69cafa198766c393e70521
000000000495,robot_state.error,phail/v1.0/dataset/rollouts/000000000000/000000000495/robot_state.error.parquet,ebc9bb1b7d5d7a29b4dcda5230d5f1dd,269680,269680,6436474a3516f938e26a6d1485a8bdc077b2c149adb7cac0e1202d6586a6303b,33710,d853e68515397e9949f0cd49d1291a712ed3bafaa71afb20873e5354f92d3743
000000000495,robot_state.q,phail/v1.0/dataset/rollouts/000000000000/000000000495/robot_state.q.parquet,4ea7fec6779380f1b7955e3d6f0d9969,1429107,1429107,2aca62c63259c5132ea5f05999a0e6dc25e57c1e6ed95fb4227c82fdd697c77a,33710,9e13c431dee7465558b1feeef41eef2ad7319759af69cafa198766c393e70521
000000000496,robot_state.error,phail/v1.0/dataset/rollouts/000000000000/000000000496/robot_state.error.parquet,8a8d1db2967cd36c0b94358bcc143b28,250229,250229,62d50b9f54d1eebefa579848fae7426f275857346db08c2b21d2e98bdebec811,31154,d853e68515397e9949f0cd49d1291a712ed3bafaa71afb20873e5354f92d3743
000000000496,robot_state.q,phail/v1.0/dataset/rollouts/000000000000/000000000496/robot_state.q.parquet,c7ab6076b468ca2b15eb0036c3849485,1462654,1462654,c71619174d255153d840567408be25cf31e44ef1a065bc5c65d66f9726b37e86,31154,9e13c431dee7465558b1feeef41eef2ad7319759af69cafa198766c393e70521
000000000497,robot_state.error,phail/v1.0/dataset/rollouts/000000000000/000000000497/robot_state.error.parquet,816eb75be8c03d3c84d6ed239101fe01,283924,283924,2aedc27fc8be4e8d03854edd8a6a4d07fb7e877dbb85fd8b338f7d5b7245d697,35471,d853e68515397e9949f0cd49d1291a712ed3bafaa71afb20873e5354f92d3743
000000000497,robot_state.q,phail/v1.0/dataset/rollouts/000000000000/000000000497/robot_state.q.parquet,9643495d8e377ec6f244864374f355d7,773829,773829,a8f543969c20b7086c0338428aa41803ac0db8ef5c2ce58d980c288086d15f16,35471,9e13c431dee7465558b1feeef41eef2ad7319759af69cafa198766c393e70521
000000000498,robot_state.error,phail/v1.0/dataset/rollouts/000000000000/000000000498/robot_state.error.parquet,298f19509060dcee4d6c4d66785b1318,253747,253747,6ffe921f14cd3062f01c37e7d5d24915a05bfa12377e666bb449582849c5163c,31632,d853e68515397e9949f0cd49d1291a712ed3bafaa71afb20873e5354f92d3743
000000000498,robot_state.q,phail/v1.0/dataset/rollouts/000000000000/000000000498/robot_state.q.parquet,c9b6d44582f4c0546ae2f17a5ed65b42,1571176,1571176,ebec1b52fa76469964c4bd2165662326d84f2574950db8d8fcd7780314b1489e,31632,9e13c431dee7465558b1feeef41eef2ad7319759af69cafa198766c393e70521
000000000499,robot_state.error,phail/v1.0/dataset/rollouts/000000000000/000000000499/robot_state.error.parquet,11344d50c3d6a70df013b2523122e59d,245090,245090,d347e0594c7dbd86afc2afc935d2f3f4772302b58fa745a807ff68e086975129,30472,d853e68515397e9949f0cd49d1291a712ed3bafaa71afb20873e5354f92d3743
000000000499,robot_state.q,phail/v1.0/dataset/rollouts/000000000000/000000000499/robot_state.q.parquet,d85ccde7441395a7fbc851ae064c7a94,1473930,1473930,f177c9d36dee7f669186d7d85ecd07ec51002e7705e5f46aa485b98e7f6aa41e,30472,9e13c431dee7465558b1feeef41eef2ad7319759af69cafa198766c393e70521
000000000500,robot_state.error,phail/v1.0/dataset/rollouts/000000000000/000000000500/robot_state.error.parquet,679b55b73a853cee73a144574ec3a88d,255857,255857,290b4b3e84010cca7afd99660e5a07dfc9f17e6482c4b95a3df8865cc7bf7e5b,31916,d853e68515397e9949f0cd49d1291a712ed3bafaa71afb20873e5354f92d3743
000000000500,robot_state.q,phail/v1.0/dataset/rollouts/000000000000/000000000500/robot_state.q.parquet,bf66b178b245ab666319f015885dd1f2,1552977,1552977,1bb51bae03796185fc763d23b5c9c099c23b10d9d3a2656ba2381cbf42ef5762,31916,9e13c431dee7465558b1feeef41eef2ad7319759af69cafa198766c393e70521
000000000501,robot_state.error,phail/v1.0/dataset/rollouts/000000000000/000000000501/robot_state.error.parquet,e3134a3cf564b0b69e713be668214e36,275198,275198,7410008764303286001eaa28064f5f97201595bbfda97aebe1f5811f9d9560f6,34374,d853e68515397e9949f0cd49d1291a712ed3bafaa71afb20873e5354f92d3743
000000000501,robot_state.q,phail/v1.0/dataset/rollouts/000000000000/000000000501/robot_state.q.parquet,d1edc07f767e5dfafed3db1e862f6758,1511117,1511117,c937fd028e04980a8598b1d986c7231300ac9d4b359f9b6df2757466a73e4637,34374,9e13c431dee7465558b1feeef41eef2ad7319759af69cafa198766c393e70521
000000000502,robot_state.error,phail/v1.0/dataset/rollouts/000000000000/000000000502/robot_state.error.parquet,97b6ead54f1c0f161dde265fbc324d18,94630,94630,a53df337c5dcc174f09f2139225ecbaf904308b31c3a92719dd54656baef2223,11752,d853e68515397e9949f0cd49d1291a712ed3bafaa71afb20873e5354f92d3743
000000000502,robot_state.q,phail/v1.0/dataset/rollouts/000000000000/000000000502/robot_state.q.parquet,3d3c6aff448349d164cb900126c2e56b,538690,538690,27cd297feee77e3190cf45475dc9352ac1b0cfb3d0832eed010a08e94f50c500,11752,9e13c431dee7465558b1feeef41eef2ad7319759af69cafa198766c393e70521
000000000503,robot_state.error,phail/v1.0/dataset/rollouts/000000000000/000000000503/robot_state.error.parquet,35747a40198dea3d82252d1f71613aa7,49548,49548,d7ceff7de1d51b2bd1709f429cf14307c3204db68ca8d1e94a236c6f9c7d350d,6230,d853e68515397e9949f0cd49d1291a712ed3bafaa71afb20873e5354f92d3743
000000000503,robot_state.q,phail/v1.0/dataset/rollouts/000000000000/000000000503/robot_state.q.parquet,425a9da73cd0a5fc0f328a22ed884c1b,240414,240414,633b91db4e8c477278d56a1a5ea7fe4214a6e1315c00a5c0f6ffb632fd0020df,6230,9e13c431dee7465558b1feeef41eef2ad7319759af69cafa198766c393e70521
000000000504,robot_state.error,phail/v1.0/dataset/rollouts/000000000000/000000000504/robot_state.error.parquet,64740c1ac4626a08f851d542df3bd213,178975,178975,a417a6a5fa6ba51338cd6ecfdacd1fd7db8bcd172819d0de0958537390fdfda3,22367,d853e68515397e9949f0cd49d1291a712ed3bafaa71afb20873e5354f92d3743
000000000504,robot_state.q,phail/v1.0/dataset/rollouts/000000000000/000000000504/robot_state.q.parquet,53d719f446afce84919a3f48020090d4,1084679,1084679,32f493ed116d80ac91bf1e09f7c3d99af3dd47b07d9fdc122b3a8ffb4734a6f9,22367,9e13c431dee7465558b1feeef41eef2ad7319759af69cafa198766c393e70521
000000000505,robot_state.error,phail/v1.0/dataset/rollouts/000000000000/000000000505/robot_state.error.parquet,19bfacbe4180dddce17178f3925f9d78,275772,275772,1e4848e07a09326b00101d0f004285d39a5b2498fd62dda0dc790daae4ab3833,34403,d853e68515397e9949f0cd49d1291a712ed3bafaa71afb20873e5354f92d3743
000000000505,robot_state.q,phail/v1.0/dataset/rollouts/000000000000/000000000505/robot_state.q.parquet,f43d36fffd696ae88b547fd2fca3132d,973649,973649,191528377ea0fd0c8472b2ac12e102d099b789ea81f042c51a95219b52f2a413,34403,9e13c431dee7465558b1feeef41eef2ad7319759af69cafa198766c393e70521
000000000506,robot_state.error,phail/v1.0/dataset/rollouts/000000000000/000000000506/robot_state.error.parquet,b526b30d3c529ab6b218ea3b7834f386,262192,262192,da02eaa5911fdad54ba1bce09ed492aeb9aaf762d361f1854ea464c7904561f7,32725,d853e68515397e9949f0cd49d1291a712ed3bafaa71afb20873e5354f92d3743
000000000506,robot_state.q,phail/v1.0/dataset/rollouts/000000000000/000000000506/robot_state.q.parquet,8c77d2a9389d651201457002d3e17b88,1592759,1592759,6081265db18f85d5c4fdb9c55e43f4ab300c51c7f7ae26e7deb0a34a1d7e8684,32725,9e13c431dee7465558b1feeef41eef2ad7319759af69cafa198766c393e70521
000000000507,robot_state.error,phail/v1.0/dataset/rollouts/000000000000/000000000507/robot_state.error.parquet,3b8fda22888f43ac7a6a99c95160f1b9,237618,237618,3735d7a5eaf6e7f6fe5bb97a54d06d43ee1c7bfcca46c8a4a336ecb53f30eaf6,29530,d853e68515397e9949f0cd49d1291a712ed3bafaa71afb20873e5354f92d3743
000000000507,robot_state.q,phail/v1.0/dataset/rollouts/000000000000/000000000507/robot_state.q.parquet,8ffea57d4f09cf975f922634d101746a,1477436,1477436,a0b654ba57ea15aa086b36c76b69bf8f173399c21a99150c72b02ad97f94370b,29530,9e13c431dee7465558b1feeef41eef2ad7319759af69cafa198766c393e70521
000000000508,robot_state.error,phail/v1.0/dataset/rollouts/000000000000/000000000508/robot_state.error.parquet,577893f0422712261f815a1b1ddba9ea,246180,246180,0d1fe6a71ee25e55621baa91d7239430ac1390564463c5cff873d452a71429e9,30622,d853e68515397e9949f0cd49d1291a712ed3bafaa71afb20873e5354f92d3743
000000000508,robot_state.q,phail/v1.0/dataset/rollouts/000000000000/000000000508/robot_state.q.parquet,e51998cdd654f0562c3421cf15db4682,1531249,1531249,c4a52731a47f93236c4e51278b45f798b05d6272e652e66f360329beae88072f,30622,9e13c431dee7465558b1feeef41eef2ad7319759af69cafa198766c393e70521
000000000509,robot_state.error,phail/v1.0/dataset/rollouts/000000000000/000000000509/robot_state.error.parquet,9d3953643462f50b3e108cf761a2bb91,172135,172135,4f65c9541733a0fac066b0c68ccdf5b0e09066d7cb5c05932c64b0a9527bfa88,21399,d853e68515397e9949f0cd49d1291a712ed3bafaa71afb20873e5354f92d3743
000000000509,robot_state.q,phail/v1.0/dataset/rollouts/000000000000/000000000509/robot_state.q.parquet,c64c15c9e0ade87864a10a018a6fc0dd,1068722,1068722,ad1eec20ba8c159ae420b99b7715a4596699dceafd3f8a66760e6a16641137ae,21399,9e13c431dee7465558b1feeef41eef2ad7319759af69cafa198766c393e70521
000000000510,robot_state.error,phail/v1.0/dataset/rollouts/000000000000/000000000510/robot_state.error.parquet,7ce39001232c71efe9763a396fb23de6,241864,241864,b3734945c8a87c8bdf8e4ca5babb41310416c0caa0dab89339cbb5c30c508d91,30030,d853e68515397e9949f0cd49d1291a712ed3bafaa71afb20873e5354f92d3743
000000000510,robot_state.q,phail/v1.0/dataset/rollouts/000000000000/000000000510/robot_state.q.parquet,c9f95f2422f4423a64fa025e97d18d02,1520271,1520271,ffde41e417a493da33d3bd4b011d13b0eacfaf24566d40731b72007f2f62c097,30030,9e13c431dee7465558b1feeef41eef2ad7319759af69cafa198766c393e70521
000000000511,robot_state.error,phail/v1.0/dataset/rollouts/000000000000/000000000511/robot_state.error.parquet,2965b5c17140a31cbb71c88cc08081ab,103604,103604,28356dc48fbf58c04f996f11085e48ffd0d53aed510a3e0da92b55bf90d4c01f,12912,d853e68515397e9949f0cd49d1291a712ed3bafaa71afb20873e5354f92d3743
000000000511,robot_state.q,phail/v1.0/dataset/rollouts/000000000000/000000000511/robot_state.q.parquet,4d6ba225a61110abd7e1b7ab9c1ba635,437378,437378,751e2ad7358b985677d7b7a7c83e20fdfc6b156ad0c138fef0b727200dfaa7fe,12912,9e13c431dee7465558b1feeef41eef2ad7319759af69cafa198766c393e70521
000000000512,robot_state.error,phail/v1.0/dataset/rollouts/000000000000/000000000512/robot_state.error.parquet,bc9b715886c48fae7efa5d88892af217,227896,227896,ea9c45ad66ffc1db4aea74474ba6ec1b5ff13d4cfea43993c899e29caf2f6ca5,28284,d853e68515397e9949f0cd49d1291a712ed3bafaa71afb20873e5354f92d3743
000000000512,robot_state.q,phail/v1.0/dataset/rollouts/000000000000/000000000512/robot_state.q.parquet,cdeaf7067030ab3519c6d22e034b606c,1425990,1425990,acedbc0bba873617f5768edb3fa8ea2909b12c2bcc21fbc61985f22540fdc06c,28284,9e13c431dee7465558b1feeef41eef2ad7319759af69cafa198766c393e70521
000000000513,robot_state.error,phail/v1.0/dataset/rollouts/000000000000/000000000513/robot_state.error.parquet,6d7f691c2fb69c2c48d5ad7ab36efddf,106575,106575,054f78df87e075cd7890437d119cb0cbc3f4eb61163470b9cb7cdb2641874634,13368,d853e68515397e9949f0cd49d1291a712ed3bafaa71afb20873e5354f92d3743
000000000513,robot_state.q,phail/v1.0/dataset/rollouts/000000000000/000000000513/robot_state.q.parquet,e6c16f1dc8d22fb497f81b82105b8d8c,408695,408695,b4ecaf7835a1d7a2c4fa88d4bf6f87bad7836f3001fd5585bbfeff0ae6ad31bf,13368,9e13c431dee7465558b1feeef41eef2ad7319759af69cafa198766c393e70521
000000000514,robot_state.error,phail/v1.0/dataset/rollouts/000000000000/000000000514/robot_state.error.parquet,a59a4772f19db279d00b65899093df8a,238101,238101,c5fc67ef0959b4a02c392c87d54716ad5292b019699d7b4a35401c93163c8dff,29533,d853e68515397e9949f0cd49d1291a712ed3bafaa71afb20873e5354f92d3743
000000000514,robot_state.q,phail/v1.0/dataset/rollouts/000000000000/000000000514/robot_state.q.parquet,31ead8c759f65e3845814b0411aa857a,669666,669666,d17a05134503ea59c796fd00329b8f9cacf0b696499cce0cba0cecce50c55296,29533,9e13c431dee7465558b1feeef41eef2ad7319759af69cafa198766c393e70521
000000000515,robot_state.error,phail/v1.0/dataset/rollouts/000000000000/000000000515/robot_state.error.parquet,274a1a997da76fee2b2090c2e5d91771,240982,240982,8a6cb048949e8df6117dc5daec6a2c0c2a9eb0a6867ba802fe92f5b6c3d3136a,29967,d853e68515397e9949f0cd49d1291a712ed3bafaa71afb20873e5354f92d3743
000000000515,robot_state.q,phail/v1.0/dataset/rollouts/000000000000/000000000515/robot_state.q.parquet,ee7b7677e8dfea623c25612a86ff4678,1505097,1505097,b66e12001f94fdc32b61f078a6ce5470057e3b40af9e9dc3fadf839a509e8683,29967,9e13c431dee7465558b1feeef41eef2ad7319759af69cafa198766c393e70521
000000000516,robot_state.error,phail/v1.0/dataset/rollouts/000000000000/000000000516/robot_state.error.parquet,b1642bfca5b613552e4c6104f6e0c8c2,245129,245129,8b9e1282c6d1080698b30b696b40a755621bc631a553730570fb9973243233ba,30486,d853e68515397e9949f0cd49d1291a712ed3bafaa71afb20873e5354f92d3743
000000000516,robot_state.q,phail/v1.0/dataset/rollouts/000000000000/000000000516/robot_state.q.parquet,a3b14fe2c391e111f5de27bd3643d2f3,1521743,1521743,9addb8fb80df25bd2cbff3da7bf0413a8be6c7d815f0e1399b1d0aa9d0a90787,30486,9e13c431dee7465558b1feeef41eef2ad7319759af69cafa198766c393e70521
000000000517,robot_state.error,phail/v1.0/dataset/rollouts/000000000000/000000000517/robot_state.error.parquet,8215970325a861f8781d90dd67d1f6b2,220624,220624,2f5e79b804996e700b7f557888ffa2db98fd31f5a08c9baac4f3b80e3f664524,27463,d853e68515397e9949f0cd49d1291a712ed3bafaa71afb20873e5354f92d3743
000000000517,robot_state.q,phail/v1.0/dataset/rollouts/000000000000/000000000517/robot_state.q.parquet,16489c96331d52fd7711c5b0ee0caaba,1385007,1385007,49d53c64d078a63b0a736075a602c897729fa9c699dbf417801e080495571f7a,27463,9e13c431dee7465558b1feeef41eef2ad7319759af69cafa198766c393e70521
000000000518,robot_state.error,phail/v1.0/dataset/rollouts/000000000000/000000000518/robot_state.error.parquet,c6ad71a9dd4bff11433c5fc0d9dca1e6,236068,236068,36f3d55304eae93563c46e9738ca18b04f4971ed40f00c0e9a56e0e1651e3720,29339,d853e68515397e9949f0cd49d1291a712ed3bafaa71afb20873e5354f92d3743
000000000518,robot_state.q,phail/v1.0/dataset/rollouts/000000000000/000000000518/robot_state.q.parquet,a820c557ee2a9c3d39c496d3a6526b14,1464554,1464554,bafa423895dbcdeb93535fc9362b08e591565a903ebb30f307304cdeba6ec7ac,29339,9e13c431dee7465558b1feeef41eef2ad7319759af69cafa198766c393e70521
000000000519,robot_state.error,phail/v1.0/dataset/rollouts/000000000000/000000000519/robot_state.error.parquet,8fd386859372b3407af34d115f00daba,245642,245642,4157de9ce1830014ac491977b1aa9672c9703c3a63f2ca54cf99850f3447e34b,30546,d853e68515397e9949f0cd49d1291a712ed3bafaa71afb20873e5354f92d3743
000000000519,robot_state.q,phail/v1.0/dataset/rollouts/000000000000/000000000519/robot_state.q.parquet,3aea3d31d0e4ea7178c00584501d32d5,1526091,1526091,f5613218ce5f0f2e684ee5e94b1aa5eaa5944434fb3424f97f2b60e2fc7c929d,30546,9e13c431dee7465558b1feeef41eef2ad7319759af69cafa198766c393e70521
000000000520,robot_state.error,phail/v1.0/dataset/rollouts/000000000000/000000000520/robot_state.error.parquet,9d290191efcbd8e7767a55b4591b1249,233703,233703,eeeb350913f43a2ff8dcc1178390b1f02876399512b3613b1564a2c80e8c8e3c,29034,d853e68515397e9949f0cd49d1291a712ed3bafaa71afb20873e5354f92d3743
000000000520,robot_state.q,phail/v1.0/dataset/rollouts/000000000000/000000000520/robot_state.q.parquet,33eb9b3fce9b62c2bbfeb828cd199e43,1461021,1461021,9f36b9f72c760ad17280fc668bebb5ae1379a5f42053ae22538ca1dd34d57b48,29034,9e13c431dee7465558b1feeef41eef2ad7319759af69cafa198766c393e70521
000000000521,robot_state.error,phail/v1.0/dataset/rollouts/000000000000/000000000521/robot_state.error.parquet,da5debfbc366fbc8be5185725fd4f132,232001,232001,45751c5e92bbf3a8ab22c30dfe4f89e1b9b6bfbb353b7746af362a8375357831,28959,d853e68515397e9949f0cd49d1291a712ed3bafaa71afb20873e5354f92d3743
000000000521,robot_state.q,phail/v1.0/dataset/rollouts/000000000000/000000000521/robot_state.q.parquet,e357baf86661fe65a283b48e4d7b3c1f,803657,803657,ec55b23c2202e75fb922b9aeed04cc6ac7eed7d26aff5763e442fbbbdf44f492,28959,9e13c431dee7465558b1feeef41eef2ad7319759af69cafa198766c393e70521
000000000522,robot_state.error,phail/v1.0/dataset/rollouts/000000000000/000000000522/robot_state.error.parquet,2576cb9db3ba6dd3ac4023d70f055951,245083,245083,deab46073cab78680ef702dc98fb7490137ab72b0360f5422509bbe1afb9578c,30465,d853e68515397e9949f0cd49d1291a712ed3bafaa71afb20873e5354f92d3743
000000000522,robot_state.q,phail/v1.0/dataset/rollouts/000000000000/000000000522/robot_state.q.parquet,a3ee7b2a5a3ae9dfe9d113d77dabeb4c,1389897,1389897,3dc9d32139e3bd984eec51dbe4efbdb0b3c6e2677ee69f93b01b535f9fc37caf,30465,9e13c431dee7465558b1feeef41eef2ad7319759af69cafa198766c393e70521
000000000523,robot_state.error,phail/v1.0/dataset/rollouts/000000000000/000000000523/robot_state.error.parquet,24bb6764d5253dc68af2ac9efdc51608,242253,242253,bdae3ae2384c38194837d01bb4d5ed121c68299e02c0338cceceb89acb84ffa5,30080,d853e68515397e9949f0cd49d1291a712ed3bafaa71afb20873e5354f92d3743
000000000523,robot_state.q,phail/v1.0/dataset/rollouts/000000000000/000000000523/robot_state.q.parquet,f56a40e450f4d8a3d5f7b6b80622ef66,1519389,1519389,7f96e489a2c169e5bbdd23494f6f10d06270774fcdfcb147e66239cce06a8460,30080,9e13c431dee7465558b1feeef41eef2ad7319759af69cafa198766c393e70521
000000000524,robot_state.error,phail/v1.0/dataset/rollouts/000000000000/000000000524/robot_state.error.parquet,f1ac069630771198cb07a4933384c6de,432110,432110,d198c17b980de68b5753e5488c20e5b4cbb83ac61e9b66f2c6b84d29de35091d,54202,d853e68515397e9949f0cd49d1291a712ed3bafaa71afb20873e5354f92d3743
000000000524,robot_state.q,phail/v1.0/dataset/rollouts/000000000000/000000000524/robot_state.q.parquet,f8228dbb5174e72092e5dac8a2ca1b57,2626761,2626761,9bde75f419b5166647ea047a489ba2dc26bd787b034d3bf9b80a85104ea25dea,54202,9e13c431dee7465558b1feeef41eef2ad7319759af69cafa198766c393e70521
000000000525,robot_state.error,phail/v1.0/dataset/rollouts/000000000000/000000000525/robot_state.error.parquet,dde9dc299d78c61cda1479f867ef6a0a,652143,652143,051c2bc2597db38c5528c66f0215621d46b4a1db638d99c480a3b9ad0f15162c,81966,d853e68515397e9949f0cd49d1291a712ed3bafaa71afb20873e5354f92d3743
000000000525,robot_state.q,phail/v1.0/dataset/rollouts/000000000000/000000000525/robot_state.q.parquet,e3b589d6e4bbfa6227e5a21d93154359,4029067,4029067,e8170f4ed19f1e72ce77f624f925b821d097fa26e8c7b9b199672528118eb7e6,81966,9e13c431dee7465558b1feeef41eef2ad7319759af69cafa198766c393e70521
000000000526,robot_state.error,phail/v1.0/dataset/rollouts/000000000000/000000000526/robot_state.error.parquet,5ecbd394fe95e785936f8050a0948691,623769,623769,3f286aa24a2a9ec3f69a783092eac41a5211a832c863e3ac53057f9f2ae7f3fc,78280,d853e68515397e9949f0cd49d1291a712ed3bafaa71afb20873e5354f92d3743
000000000526,robot_state.q,phail/v1.0/dataset/rollouts/000000000000/000000000526/robot_state.q.parquet,9d97d25e8f31d117b86de901663af1e8,3855652,3855652,7c914a4aa19660b628dd9da7d81c8c4238438e70400597cc77f6940c9fc5e453,78280,9e13c431dee7465558b1feeef41eef2ad7319759af69cafa198766c393e70521
000000000527,robot_state.error,phail/v1.0/dataset/rollouts/000000000000/000000000527/robot_state.error.parquet,8a9eb270e023d06f2669e5f368569eb0,624570,624570,7ec61f0b80e858d45561f967cb775c477adc6fdce0bf2aec6c455ce71625a3e1,78367,d853e68515397e9949f0cd49d1291a712ed3bafaa71afb20873e5354f92d3743
000000000527,robot_state.q,phail/v1.0/dataset/rollouts/000000000000/000000000527/robot_state.q.parquet,761e11d5a75b3785956efade59163248,3661397,3661397,071605c28a29f86407a48d7f61a5b691626c0a317b155a35625652512c9808f1,78367,9e13c431dee7465558b1feeef41eef2ad7319759af69cafa198766c393e70521
000000000528,robot_state.error,phail/v1.0/dataset/rollouts/000000000000/000000000528/robot_state.error.parquet,ac1387afc5520067a91e8709a8f74554,614801,614801,87d0f4a47d63afc326f051bdf698b552d2d2047c1570cc9c7116c36337517017,77250,d853e68515397e9949f0cd49d1291a712ed3bafaa71afb20873e5354f92d3743
000000000528,robot_state.q,phail/v1.0/dataset/rollouts/000000000000/000000000528/robot_state.q.parquet,0e72e93559336175eb68d4ab670e18c3,3814087,3814087,e0af18494e45528d4c49f4cedc838c622cae3fb8d6c0f181df5dbb456dabd279,77250,9e13c431dee7465558b1feeef41eef2ad7319759af69cafa198766c393e70521
000000000529,robot_state.error,phail/v1.0/dataset/rollouts/000000000000/000000000529/robot_state.error.parquet,00981101220cc797c8f1c247b1a05bda,269314,269314,d6e302d5a3375509193030b6c0c027b7619c7b9b5aeb08c0dee8e120f4d6ffc2,33847,d853e68515397e9949f0cd49d1291a712ed3bafaa71afb20873e5354f92d3743
000000000529,robot_state.q,phail/v1.0/dataset/rollouts/000000000000/000000000529/robot_state.q.parquet,fd113a59a4b6772321b6522affbeae56,1553170,1553170,fb9855d6f153efdb34d1732fb5e83b3523c1449b959534361f5cb4c639930f6b,33847,9e13c431dee7465558b1feeef41eef2ad7319759af69cafa198766c393e70521
000000000530,robot_state.error,phail/v1.0/dataset/rollouts/000000000000/000000000530/robot_state.error.parquet,921c14d48804f3dbeda6f6580ce91bce,591712,591712,7b140b052aa947c680a081e9f0ff516365d3c652524b550af8ed31f0bd5de32c,74246,d853e68515397e9949f0cd49d1291a712ed3bafaa71afb20873e5354f92d3743
000000000530,robot_state.q,phail/v1.0/dataset/rollouts/000000000000/000000000530/robot_state.q.parquet,5ba54872a5a108b35b521406688ea06e,3660905,3660905,cadbdee42fdbd81d633c05aace0e8c9516287685cd235ae2a679c5e685e6fc43,74246,9e13c431dee7465558b1feeef41eef2ad7319759af69cafa198766c393e70521
000000000531,robot_state.error,phail/v1.0/dataset/rollouts/000000000000/000000000531/robot_state.error.parquet,c3c62f236b3f2a8d3a835d152ab70bbf,607083,607083,c48d0b0209bb21c146546914693b41c4f90c0ecc28778886b41b11559cba48e9,76243,d853e68515397e9949f0cd49d1291a712ed3bafaa71afb20873e5354f92d3743
000000000531,robot_state.q,phail/v1.0/dataset/rollouts/000000000000/000000000531/robot_state.q.parquet,885c3a00f46058d6c906b0f537c57dcf,3685725,3685725,346a8e2c36e594cb36cc289f68ebeb09cb53e0c274a7c7ee1f5c3e3dea41e727,76243,9e13c431dee7465558b1feeef41eef2ad7319759af69cafa198766c393e70521
000000000532,robot_state.error,phail/v1.0/dataset/rollouts/000000000000/000000000532/robot_state.error.parquet,7eb2184190c04bd8126ba1b01a9fbbeb,599168,599168,885f7d30be5f52b2191df42abb1d1caf6e3a40296e8f3ec5a7a6260589858d0f,75207,d853e68515397e9949f0cd49d1291a712ed3bafaa71afb20873e5354f92d3743
000000000532,robot_state.q,phail/v1.0/dataset/rollouts/000000000000/000000000532/robot_state.q.parquet,d29159de75e995a6184e607e3c68f857,3602912,3602912,874f75343268126d91f66c5aa41e919cd0b197821155bb04a1e1eb76792faff7,75207,9e13c431dee7465558b1feeef41eef2ad7319759af69cafa198766c393e70521
000000000533,robot_state.error,phail/v1.0/dataset/rollouts/000000000000/000000000533/robot_state.error.parquet,09ce6dda94cc6c98aaade2de68de3184,388923,388923,ca12b6c0d402fb57c857ee0962666d48354c5b78699126762bb8919513ff7d86,48777,d853e68515397e9949f0cd49d1291a712ed3bafaa71afb20873e5354f92d3743
000000000533,robot_state.q,phail/v1.0/dataset/rollouts/000000000000/000000000533/robot_state.q.parquet,62eb5bbe818cb6aa6a74731ab6b7592d,2403183,2403183,502b3442751dc881e055f0627550730ef2e171306990f198241391c1d78462e8,48777,9e13c431dee7465558b1feeef41eef2ad7319759af69cafa198766c393e70521
000000000534,robot_state.error,phail/v1.0/dataset/rollouts/000000000000/000000000534/robot_state.error.parquet,e479afc18679902ba3d2af2cde880c0e,334365,334365,591d29d0aa882e5d280f95b853e18c1606807d327291c1f380e4ef9970d69c46,41975,d853e68515397e9949f0cd49d1291a712ed3bafaa71afb20873e5354f92d3743
000000000534,robot_state.q,phail/v1.0/dataset/rollouts/000000000000/000000000534/robot_state.q.parquet,e6335a3619c8f481ade84d909f3e505b,2019792,2019792,d1507ec1b52d09a3e8d48f18bd3145b5e5fd179568290f9852e92e6509beed25,41975,9e13c431dee7465558b1feeef41eef2ad7319759af69cafa198766c393e70521
000000000535,robot_state.error,phail/v1.0/dataset/rollouts/000000000000/000000000535/robot_state.error.parquet,dbb807c77257fef4c51bf4086c708c21,641702,641702,b96cae949f50d640904e8460cfa09ab47db200ed8d4d6860627e1d70ff6a0e20,80545,d853e68515397e9949f0cd49d1291a712ed3bafaa71afb20873e5354f92d3743
000000000535,robot_state.q,phail/v1.0/dataset/rollouts/000000000000/000000000535/robot_state.q.parquet,58b0634bb0230c4117a06e20bb3f83f7,3331596,3331596,044b775fa010c749f4885b6a4a6140923c2dfe09e7d53ade5a5c3e6e21ea4b7f,80545,9e13c431dee7465558b1feeef41eef2ad7319759af69cafa198766c393e70521
000000000536,robot_state.error,phail/v1.0/dataset/rollouts/000000000000/000000000536/robot_state.error.parquet,0a0b8da29b04f14c52c70b34ed1c0dc9,567185,567185,9bf19cae8c787e8f35eabff4bae9e6ac1621efbf8132ee9212db2c4b7995a891,71134,d853e68515397e9949f0cd49d1291a712ed3bafaa71afb20873e5354f92d3743
000000000536,robot_state.q,phail/v1.0/dataset/rollouts/000000000000/000000000536/robot_state.q.parquet,844d023f07515d4c8376ea76390cc5cb,3506158,3506158,935349937bc21e64a91af15fa09afd05221334fd82d4a8f315a8d53e9584cae3,71134,9e13c431dee7465558b1feeef41eef2ad7319759af69cafa198766c393e70521
000000000537,robot_state.error,phail/v1.0/dataset/rollouts/000000000000/000000000537/robot_state.error.parquet,509d8db81452a1b642f8d49f9e9d0535,626319,626319,38103a5424741f577e56bf2f05a957a25b862a45df3ae0d4974ce7232b289fbb,78604,d853e68515397e9949f0cd49d1291a712ed3bafaa71afb20873e5354f92d3743
000000000537,robot_state.q,phail/v1.0/dataset/rollouts/000000000000/000000000537/robot_state.q.parquet,60b29dc867c43bb45904f615c382d66e,3741363,3741363,92eef2731a31f2b139353007548a995da10811478b4ac3c4f3adfa8cae26d27d,78604,9e13c431dee7465558b1feeef41eef2ad7319759af69cafa198766c393e70521
000000000538,robot_state.error,phail/v1.0/dataset/rollouts/000000000000/000000000538/robot_state.error.parquet,612bbcf10923346d0f8d51c922b246fa,514701,514701,819c6a05310227702b81ed10a79e8c0d9c51a9682a0dedb1c57f211d3de5a9d4,64610,d853e68515397e9949f0cd49d1291a712ed3bafaa71afb20873e5354f92d3743
000000000538,robot_state.q,phail/v1.0/dataset/rollouts/000000000000/000000000538/robot_state.q.parquet,3d566aa1599cdb3cc5c7476718fa13e2,3188170,3188170,c2b6628233e44b34b964c532abae2f14d522b96d769a4fc1d19f341731953957,64610,9e13c431dee7465558b1feeef41eef2ad7319759af69cafa198766c393e70521
000000000539,robot_state.error,phail/v1.0/dataset/rollouts/000000000000/000000000539/robot_state.error.parquet,c670d2d405b08fa5b61687ffa179d9a1,619692,619692,d6c61dea090ed7911ba5254fe0e1b2a0e8fbe750498d8b0b62cfb47dfa195cdc,77895,d853e68515397e9949f0cd49d1291a712ed3bafaa71afb20873e5354f92d3743
000000000539,robot_state.q,phail/v1.0/dataset/rollouts/000000000000/000000000539/robot_state.q.parquet,cd53268c70c31d24f77b22a928567c81,3859293,3859293,719548a877526a3b3fd86b65c23372892f4b90f61eef38714064d81d6753ced7,77895,9e13c431dee7465558b1feeef41eef2ad7319759af69cafa198766c393e70521
000000000540,robot_state.error,phail/v1.0/dataset/rollouts/000000000000/000000000540/robot_state.error.parquet,f91c81263ad4e35cbce80c7b2c38802b,584525,584525,2f275b2cadeeb56c1a8d58724a068156c8128dbda21413f9dbbfa98f67e0829e,73360,d853e68515397e9949f0cd49d1291a712ed3bafaa71afb20873e5354f92d3743
000000000540,robot_state.q,phail/v1.0/dataset/rollouts/000000000000/000000000540/robot_state.q.parquet,8ade4254969917471cf7a832e17d51b6,3581664,3581664,bbe8c271884be1905ba2507d9f65bf2f7d36864ad71230dc0e8957f52719ff00,73360,9e13c431dee7465558b1feeef41eef2ad7319759af69cafa198766c393e70521
000000000541,robot_state.error,phail/v1.0/dataset/rollouts/000000000000/000000000541/robot_state.error.parquet,c35298b5ae1b207d86dc4aabb4b82188,598529,598529,6473b9fa1a221bcd707b91c798ae7002674784d4dbd98868ff2f4bd1d128fd45,75138,d853e68515397e9949f0cd49d1291a712ed3bafaa71afb20873e5354f92d3743
000000000541,robot_state.q,phail/v1.0/dataset/rollouts/000000000000/000000000541/robot_state.q.parquet,51ab224ee2388703bdde56ffc72b8e77,3610661,3610661,78d9d7e2728f55ff779f3bdea3c3f5f95b6c42ea9d4b5b42a9663a0839bc71dc,75138,9e13c431dee7465558b1feeef41eef2ad7319759af69cafa198766c393e70521
000000000542,robot_state.error,phail/v1.0/dataset/rollouts/000000000000/000000000542/robot_state.error.parquet,9056c26bae2be68b6c406435cb03a5ef,609828,609828,ea16c2825e47a6b15e19f015164f31941054a31222364b17372ea3eac140b65c,76602,d853e68515397e9949f0cd49d1291a712ed3bafaa71afb20873e5354f92d3743
000000000542,robot_state.q,phail/v1.0/dataset/rollouts/000000000000/000000000542/robot_state.q.parquet,c40e52171ee3be54d44af115b9b4ef52,3718863,3718863,f556d0b7c716e75210e1160caa7c6e9f0505030ccfc58b6ac4b4602c118cfb32,76602,9e13c431dee7465558b1feeef41eef2ad7319759af69cafa198766c393e70521
000000000543,robot_state.error,phail/v1.0/dataset/rollouts/000000000000/000000000543/robot_state.error.parquet,c1a4b530327306e886afc01369df80ca,365760,365760,efdfb974e1da72be18a70aae2a417a2125b392fa5b5a90e6d5f794b7218d40e2,45958,d853e68515397e9949f0cd49d1291a712ed3bafaa71afb20873e5354f92d3743
000000000543,robot_state.q,phail/v1.0/dataset/rollouts/000000000000/000000000543/robot_state.q.parquet,8614b93a8ebfb0d14cf64b928766a5ba,1778267,1778267,03de256634f6b83509d2d70acc527478464b28ef0624ae5ee86724805292fd87,45958,9e13c431dee7465558b1feeef41eef2ad7319759af69cafa198766c393e70521
000000000544,robot_state.error,phail/v1.0/dataset/rollouts/000000000000/000000000544/robot_state.error.parquet,e0636b0c5c351b979092b68f68c77659,597352,597352,ca821f2e2b5a297d70977537e68301b04f34a8fa24a65f448214010e21449aea,74977,d853e68515397e9949f0cd49d1291a712ed3bafaa71afb20873e5354f92d3743
000000000544,robot_state.q,phail/v1.0/dataset/rollouts/000000000000/000000000544/robot_state.q.parquet,795b80d11cb8454b0cde9cffb8e091c1,3722621,3722621,a3cd8bd5eaa204a5df861ef05db46fe0ee4f370b7ec2dab706ad76658f5d9b8f,74977,9e13c431dee7465558b1feeef41eef2ad7319759af69cafa198766c393e70521
000000000545,robot_state.error,phail/v1.0/dataset/rollouts/000000000000/000000000545/robot_state.error.parquet,9fc49f472c4d7f9dd5d56f9d8f35a397,615155,615155,cce2fc038a4da19aa3a8e37f43221589149f3ff61f0bfe3076a1b83c173e2b44,77288,d853e68515397e9949f0cd49d1291a712ed3bafaa71afb20873e5354f92d3743
000000000545,robot_state.q,phail/v1.0/dataset/rollouts/000000000000/000000000545/robot_state.q.parquet,0f7de7ef4d926875b3b2b01a9e4947e3,3559640,3559640,3c0968a971e1736a707d965ec14d66c4541d4b0f125448b40f8433caa85076f6,77288,9e13c431dee7465558b1feeef41eef2ad7319759af69cafa198766c393e70521
000000000546,robot_state.error,phail/v1.0/dataset/rollouts/000000000000/000000000546/robot_state.error.parquet,912c114168f78ce42f9904735ab63fe2,556901,556901,c962e45a65017764f50f6a9c89c0e2b6e9fcc171022f82b6cf89c1367ccc5b61,69886,d853e68515397e9949f0cd49d1291a712ed3bafaa71afb20873e5354f92d3743
000000000546,robot_state.q,phail/v1.0/dataset/rollouts/000000000000/000000000546/robot_state.q.parquet,af9443fa4af86514fbea96f84342d5ad,3419681,3419681,141b542e317294cef3105e34507cd362d67a1ede284d7179e7a4c1acd4fe3912,69886,9e13c431dee7465558b1feeef41eef2ad7319759af69cafa198766c393e70521
000000000547,robot_state.error,phail/v1.0/dataset/rollouts/000000000000/000000000547/robot_state.error.parquet,2221734a950572726f79431d6161d6c4,615010,615010,863b9d7c265f13d5fde979e991190a13e8c3b0fbed7e26db77fbfded3a8b3a6a,77290,d853e68515397e9949f0cd49d1291a712ed3bafaa71afb20873e5354f92d3743
000000000547,robot_state.q,phail/v1.0/dataset/rollouts/000000000000/000000000547/robot_state.q.parquet,0308c96adcbf5a9ea02931b0cada0e20,3826632,3826632,0caf80fd093c92a7018296b8636b4c5889a355e6c6a682b1fe15afdfd763bed0,77290,9e13c431dee7465558b1feeef41eef2ad7319759af69cafa198766c393e70521
000000000548,robot_state.error,phail/v1.0/dataset/rollouts/000000000000/000000000548/robot_state.error.parquet,4d6fc63cafcaa1dcb376eeced9552e6f,611235,611235,c33bea797e03242732c779f6a0f72fae12abdda04daf56a53b8461465d8aec8d,76785,d853e68515397e9949f0cd49d1291a712ed3bafaa71afb20873e5354f92d3743
000000000548,robot_state.q,phail/v1.0/dataset/rollouts/000000000000/000000000548/robot_state.q.parquet,655a702edfa9492d0203a2f188f5c810,3794053,3794053,7f17403e7c8ec155c7ff2f4be6e381dd39ffbb002d8ab0e0b14698a5b1280afb,76785,9e13c431dee7465558b1feeef41eef2ad7319759af69cafa198766c393e70521
000000000549,robot_state.error,phail/v1.0/dataset/rollouts/000000000000/000000000549/robot_state.error.parquet,c25060917ffb2e30d3dcf512399abce4,611197,611197,fbd3c70d257b6ccc6c66bbc332ef594d9e7cb3ff2766f537e1ec1c6fd7d32597,76766,d853e68515397e9949f0cd49d1291a712ed3bafaa71afb20873e5354f92d3743
000000000549,robot_state.q,phail/v1.0/dataset/rollouts/000000000000/000000000549/robot_state.q.parquet,f827705c4e0cb3c8c6f6c5e875c52e54,3731529,3731529,d7f5f62bd754264b4d8f42c45c5acd02a782e6fb5e8df2934d5dc407ddf94876,76766,9e13c431dee7465558b1feeef41eef2ad7319759af69cafa198766c393e70521
000000000550,robot_state.error,phail/v1.0/dataset/rollouts/000000000000/000000000550/robot_state.error.parquet,6c68bc26b48c59e3019a7dd32fc6f4c5,612264,612264,75c3c54870c17131d012aafa81be50af1dc2913b01eefb6387fa762088a2611f,76929,d853e68515397e9949f0cd49d1291a712ed3bafaa71afb20873e5354f92d3743
000000000550,robot_state.q,phail/v1.0/dataset/rollouts/000000000000/000000000550/robot_state.q.parquet,fcfe25331ca30f064762e9a1de4be612,3796223,3796223,e044148dbaf15ffe8acce663f7e1a4150812966ac1d34f6789fb135f161e02e6,76929,9e13c431dee7465558b1feeef41eef2ad7319759af69cafa198766c393e70521
000000000551,robot_state.error,phail/v1.0/dataset/rollouts/000000000000/000000000551/robot_state.error.parquet,fadec85de0d8a51bfe0043bc127181f7,610614,610614,4ddc961b4a209cb6f2b09c4a5d185c6054a640500e744a71970355380d3a9a53,76702,d853e68515397e9949f0cd49d1291a712ed3bafaa71afb20873e5354f92d3743
000000000551,robot_state.q,phail/v1.0/dataset/rollouts/000000000000/000000000551/robot_state.q.parquet,b90ba4ecadbe6c2dc3ae1d36f5dbe08e,3797272,3797272,781ae8f30543c1d28a60bd717785f9ff610f5a45d023ff507fb6593585162071,76702,9e13c431dee7465558b1feeef41eef2ad7319759af69cafa198766c393e70521
000000000552,robot_state.error,phail/v1.0/dataset/rollouts/000000000000/000000000552/robot_state.error.parquet,a7d9bc00baf7eeb61a540fbcb4b3991b,609141,609141,ed9f1ac44efc79b14865adc84055d0f052935947e487341bb1ef4fdb49bfbe63,76519,d853e68515397e9949f0cd49d1291a712ed3bafaa71afb20873e5354f92d3743
000000000552,robot_state.q,phail/v1.0/dataset/rollouts/000000000000/000000000552/robot_state.q.parquet,14ce6812937f68d871aaab8bc6c75967,3739492,3739492,97568dbb650724ee9f99bde144fddc3200babea5658b0414eb32085d41320c0e,76519,9e13c431dee7465558b1feeef41eef2ad7319759af69cafa198766c393e70521
000000000553,robot_state.error,phail/v1.0/dataset/rollouts/000000000000/000000000553/robot_state.error.parquet,65dab8d42ae6f6afc02be2d27429dcd4,130565,130565,5bd4a0f06ff9ac9b8a9d07b15532055d8ea1619e711ffa5582197ef8a8cc7a69,16428,d853e68515397e9949f0cd49d1291a712ed3bafaa71afb20873e5354f92d3743
000000000553,robot_state.q,phail/v1.0/dataset/rollouts/000000000000/000000000553/robot_state.q.parquet,a7cf5903d97949b963fb8ccad54c1080,667308,667308,bdb0f568d4180e96f1e8dc74e62295972eb9e0261ae0ea1f94a98b8713526789,16428,9e13c431dee7465558b1feeef41eef2ad7319759af69cafa198766c393e70521
000000000554,robot_state.error,phail/v1.0/dataset/rollouts/000000000000/000000000554/robot_state.error.parquet,586ae6fd63884283c30e963ff940c38d,606573,606573,2eeaf5e67441e72327fd0ee7aa47c75236470dd99606a6cc4a3a825bed73d92d,76186,d853e68515397e9949f0cd49d1291a712ed3bafaa71afb20873e5354f92d3743
000000000554,robot_state.q,phail/v1.0/dataset/rollouts/000000000000/000000000554/robot_state.q.parquet,62bbedc482bd21dac7e04dab0ae97929,3777298,3777298,fddb224b70ad1ddb300870f2c082158feb920791f5ea5edfb48967555750701c,76186,9e13c431dee7465558b1feeef41eef2ad7319759af69cafa198766c393e70521
000000000555,robot_state.error,phail/v1.0/dataset/rollouts/000000000000/000000000555/robot_state.error.parquet,82d8bf590020462550bee3fe9f54eb27,598868,598868,10162ee61f4495ab8a01f4e9ec1058c935241af364e1b080c1190f99862fa9ba,75158,d853e68515397e9949f0cd49d1291a712ed3bafaa71afb20873e5354f92d3743
000000000555,robot_state.q,phail/v1.0/dataset/rollouts/000000000000/000000000555/robot_state.q.parquet,b31030488e419267325850e0ec3bafaf,3422002,3422002,119023944566ce3769ead8932fd380dbbb01d6be24e6ab2283c5598347dfef1f,75158,9e13c431dee7465558b1feeef41eef2ad7319759af69cafa198766c393e70521
000000000556,robot_state.error,phail/v1.0/dataset/rollouts/000000000000/000000000556/robot_state.error.parquet,53574e25d831e2ca75d4414494da42da,584057,584057,e0b566e725e27fcbb42ec47fa10877d50c776b3038ee4cac8782be6b24bb63e0,73294,d853e68515397e9949f0cd49d1291a712ed3bafaa71afb20873e5354f92d3743
000000000556,robot_state.q,phail/v1.0/dataset/rollouts/000000000000/000000000556/robot_state.q.parquet,5eb72958b669259e8205b1a0d56355b0,3605732,3605732,ea73d2e66fc9f4da617c4495d54e1f69ebb7ba0e69ba5e0f0e581e4db4331e2d,73294,9e13c431dee7465558b1feeef41eef2ad7319759af69cafa198766c393e70521
000000000557,robot_state.error,phail/v1.0/dataset/rollouts/000000000000/000000000557/robot_state.error.parquet,0f64fded6159d8a00dfdf5b21542013f,610876,610876,aa3cc06c69a6cbaaceddfc81e8372debc4382902c9d90d8665c51548fea1391e,76718,d853e68515397e9949f0cd49d1291a712ed3bafaa71afb20873e5354f92d3743
000000000557,robot_state.q,phail/v1.0/dataset/rollouts/000000000000/000000000557/robot_state.q.parquet,b9ed6e90c139d30a31465590dba00c37,3504359,3504359,2a54ea4d7a80c486d5f37de47637635bc7e29a983ba912c7b6984f5a1dae06c2,76718,9e13c431dee7465558b1feeef41eef2ad7319759af69cafa198766c393e70521
000000000558,robot_state.error,phail/v1.0/dataset/rollouts/000000000000/000000000558/robot_state.error.parquet,269fdfc8cbdc42cdd2c77f85165769c2,593465,593465,b15e688d16e396fe36bb8e812906d609ab50fc845aa4dd7db04597cdf370efcf,74465,d853e68515397e9949f0cd49d1291a712ed3bafaa71afb20873e5354f92d3743
000000000558,robot_state.q,phail/v1.0/dataset/rollouts/000000000000/000000000558/robot_state.q.parquet,08a7c0e6f5431d1ebfb417a4d604eaf7,3686256,3686256,631dbc9bbefa76d92ec1cc9438c58eb56296eac742a6cd42abc2e9bef705bf5a,74465,9e13c431dee7465558b1feeef41eef2ad7319759af69cafa198766c393e70521
000000000559,robot_state.error,phail/v1.0/dataset/rollouts/000000000000/000000000559/robot_state.error.parquet,e66457f7320e0a4a9617979cf179fc09,600236,600236,a60c27e07a9f2c37f6603ea195c92b38a207eefaf745288237a024e89113fe06,75329,d853e68515397e9949f0cd49d1291a712ed3bafaa71afb20873e5354f92d3743
000000000559,robot_state.q,phail/v1.0/dataset/rollouts/000000000000/000000000559/robot_state.q.parquet,a5fbdf7f878bed046a813c5ede725f30,3669415,3669415,55acce159448955af0ddc2d4beb104e2013e6f2c2771bb932fec153f9122b98f,75329,9e13c431dee7465558b1feeef41eef2ad7319759af69cafa198766c393e70521
000000000560,robot_state.error,phail/v1.0/dataset/rollouts/000000000000/000000000560/robot_state.error.parquet,6ce125dfd0f8315d1f45935ac22d8861,625006,625006,9959b9dbb14b130226e84288490243cda4e6b87ca9c22c24419ef878a450564f,78442,d853e68515397e9949f0cd49d1291a712ed3bafaa71afb20873e5354f92d3743
000000000560,robot_state.q,phail/v1.0/dataset/rollouts/000000000000/000000000560/robot_state.q.parquet,22b29dbe1131955db884976504f6075e,3827749,3827749,602d9579e4ad63e643243ec4f39026b2233d46f2ef16d990154984147f4bb055,78442,9e13c431dee7465558b1feeef41eef2ad7319759af69cafa198766c393e70521
000000000561,robot_state.error,phail/v1.0/dataset/rollouts/000000000000/000000000561/robot_state.error.parquet,7428c012efb969b7c3dc02f7d7dad30b,616167,616167,022e7bd09c54c55a92b5398901e2fe0e1da9b06f8bb62a10621e07e9448886d7,77414,d853e68515397e9949f0cd49d1291a712ed3bafaa71afb20873e5354f92d3743
000000000561,robot_state.q,phail/v1.0/dataset/rollouts/000000000000/000000000561/robot_state.q.parquet,1aa3be9f648942797bf8289602097acf,3845607,3845607,dca2243f8ac48186ba5efd960227a537157c5c1e855ce1d812d80d7e7a756eb8,77414,9e13c431dee7465558b1feeef41eef2ad7319759af69cafa198766c393e70521
000000000562,robot_state.error,phail/v1.0/dataset/rollouts/000000000000/000000000562/robot_state.error.parquet,a11afe1db94468279900d552c8f9c99d,588742,588742,c03173ce21a6187b552bbd155e56fb293c63a7a9f48583c543fd38a480106096,73914,d853e68515397e9949f0cd49d1291a712ed3bafaa71afb20873e5354f92d3743
000000000562,robot_state.q,phail/v1.0/dataset/rollouts/000000000000/000000000562/robot_state.q.parquet,71ddc563a49bd57059ae4f0daeb5cb9c,3664547,3664547,5405c55f608a3d01f4d42398b357b26aa6c406cf2a5dbfcdc9d4ffe01f000454,73914,9e13c431dee7465558b1feeef41eef2ad7319759af69cafa198766c393e70521
000000000563,robot_state.error,phail/v1.0/dataset/rollouts/000000000000/000000000563/robot_state.error.parquet,33218f559a77ed0910082248a652d460,614270,614270,59feec3e4256e7e1c93e556a8a60ba5a97ef1c95250d4926a0e001932f1a5bc5,77169,d853e68515397e9949f0cd49d1291a712ed3bafaa71afb20873e5354f92d3743
000000000563,robot_state.q,phail/v1.0/dataset/rollouts/000000000000/000000000563/robot_state.q.parquet,e8bd65fc5e4e6a6737f7cf1bbbf93ecd,3833650,3833650,e6ef807982ef729b5f9b8706c93406ec98d91582b5ddb68d285ebfd10328038a,77169,9e13c431dee7465558b1feeef41eef2ad7319759af69cafa198766c393e70521
000000000564,robot_state.error,phail/v1.0/dataset/rollouts/000000000000/000000000564/robot_state.error.parquet,64dc5210b739deaa8038a041587ad318,610656,610656,5cd13ad820ba2515f2f0d03562227084b22c7e7093e5dcfe763ff7c99a373d23,76707,d853e68515397e9949f0cd49d1291a712ed3bafaa71afb20873e5354f92d3743
000000000564,robot_state.q,phail/v1.0/dataset/rollouts/000000000000/000000000564/robot_state.q.parquet,78df488b4e536828e7248703bef461a5,3772801,3772801,45faef77f41953b1884625ceebc6e5cce534fb93b9d588a42d2f1209f4116e94,76707,9e13c431dee7465558b1feeef41eef2ad7319759af69cafa198766c393e70521
000000000565,robot_state.error,phail/v1.0/dataset/rollouts/000000000000/000000000565/robot_state.error.parquet,965ebde72a9d00206b356a22d37bfc44,618862,618862,01f232d881400d9f1994a227a0a3de0958d1ce317d5ced8d7cb57ec79364c2e0,77754,d853e68515397e9949f0cd49d1291a712ed3bafaa71afb20873e5354f92d3743
000000000565,robot_state.q,phail/v1.0/dataset/rollouts/000000000000/000000000565/robot_state.q.parquet,4a6398fd4eaf58dd7dbaabf366a3b1fd,3662291,3662291,44bfe332c8bb8200a1d631730a8be79505d7b94e0416c1ae0b6ad09dd49330ba,77754,9e13c431dee7465558b1feeef41eef2ad7319759af69cafa198766c393e70521
000000000566,robot_state.error,phail/v1.0/dataset/rollouts/000000000000/000000000566/robot_state.error.parquet,8a2dfc65a6474b74188819f9c505d5a8,625023,625023,71f41d98f83d31b25b4bd8baea0c23f370a8fcac827c2df1fc1127f49ef16ca9,78428,d853e68515397e9949f0cd49d1291a712ed3bafaa71afb20873e5354f92d3743
000000000566,robot_state.q,phail/v1.0/dataset/rollouts/000000000000/000000000566/robot_state.q.parquet,de5b9076ae41453743993916b489d721,3788346,3788346,b357ef0a2d884cf748d261817916bd0780b82d38ef66aee21e8db9f9b11fe426,78428,9e13c431dee7465558b1feeef41eef2ad7319759af69cafa198766c393e70521
000000000567,robot_state.error,phail/v1.0/dataset/rollouts/000000000000/000000000567/robot_state.error.parquet,f3f76a512caefafde4a09bc17c9f1757,598850,598850,b8483295a4dfefab83a49d5036e3c94e018d7298a920e523502eb7b398542692,75155,d853e68515397e9949f0cd49d1291a712ed3bafaa71afb20873e5354f92d3743
000000000567,robot_state.q,phail/v1.0/dataset/rollouts/000000000000/000000000567/robot_state.q.parquet,b30a89294403ed691729164ff59b7962,3686400,3686400,b47a1a2e47f760e23b50575260e46d9f95750adbe055202904c2f76778ddfded,75155,9e13c431dee7465558b1feeef41eef2ad7319759af69cafa198766c393e70521
000000000568,robot_state.error,phail/v1.0/dataset/rollouts/000000000000/000000000568/robot_state.error.parquet,28b040d0a035c8e963742c2fb8111281,507621,507621,b6229c028dfc0b005469ddae12982af650ffb28b33482e61f5d8c30c7326dacb,63869,d853e68515397e9949f0cd49d1291a712ed3bafaa71afb20873e5354f92d3743
000000000568,robot_state.q,phail/v1.0/dataset/rollouts/000000000000/000000000568/robot_state.q.parquet,fe8ed4ccaa725e32e70b932f00ff8c30,1716263,1716263,4171ab99fecaa4b4d845f4be9582b60938187a132969f3c92d4e25a42df16daf,63869,9e13c431dee7465558b1feeef41eef2ad7319759af69cafa198766c393e70521
000000000569,robot_state.error,phail/v1.0/dataset/rollouts/000000000000/000000000569/robot_state.error.parquet,36f57a0e7b7005c55a437c225c666290,723378,723378,260e6b3754246fef6239d46ea49803960e04fd26af2301309d1738baf4c7ce37,91024,d853e68515397e9949f0cd49d1291a712ed3bafaa71afb20873e5354f92d3743
000000000569,robot_state.q,phail/v1.0/dataset/rollouts/000000000000/000000000569/robot_state.q.parquet,0b7c7dee04f955f330774e24b54148ca,4276521,4276521,bc4f19b9d1cd4e26bbf47ea369363e67d3749e0ee09f36520086fa224a927f1a,91024,9e13c431dee7465558b1feeef41eef2ad7319759af69cafa198766c393e70521
000000000570,robot_state.error,phail/v1.0/dataset/rollouts/000000000000/000000000570/robot_state.error.parquet,6ac080633761349897a2d814f244cec7,598964,598964,71ee7c67d4f288b9c45cb66dd44b2f2e149848a5d43d6928b69db7d8f94bb217,75169,d853e68515397e9949f0cd49d1291a712ed3bafaa71afb20873e5354f92d3743
000000000570,robot_state.q,phail/v1.0/dataset/rollouts/000000000000/000000000570/robot_state.q.parquet,6b1073b45a84585fa80bc4e188d50e42,3645445,3645445,8f6aaaa5de8b1dd8e771100b829313a0aec7e18ee0c5c87a827f10edf99c87cd,75169,9e13c431dee7465558b1feeef41eef2ad7319759af69cafa198766c393e70521
000000000571,robot_state.error,phail/v1.0/dataset/rollouts/000000000000/000000000571/robot_state.error.parquet,d1e068782616403a51c7e8b3b82f4bf6,258522,258522,7d5685a013556275b6b9efca5192b4393ac4bfc5292a867464f72849deb0eafa,32451,d853e68515397e9949f0cd49d1291a712ed3bafaa71afb20873e5354f92d3743
000000000571,robot_state.q,phail/v1.0/dataset/rollouts/000000000000/000000000571/robot_state.q.parquet,d21993a7c817211aa53416b7cbd5896c,1507010,1507010,74ae80ef10616a6a8f78328fea0f6830715cd02726237a37f3f98939108958bf,32451,9e13c431dee7465558b1feeef41eef2ad7319759af69cafa198766c393e70521
000000000572,robot_state.error,phail/v1.0/dataset/rollouts/000000000000/000000000572/robot_state.error.parquet,5cf1237ee59cd49543ae78911c8a92f0,614919,614919,167a8e5383e2450f07f66531ce24dd41a534cd29dc7d08e607615ad131533cce,77227,d853e68515397e9949f0cd49d1291a712ed3bafaa71afb20873e5354f92d3743
000000000572,robot_state.q,phail/v1.0/dataset/rollouts/000000000000/000000000572/robot_state.q.parquet,6d75477503ce20a101b752c93eaf785b,3549307,3549307,c352bae4387f7fd7f813859fcfa341732a654c9287e1045525f921f8fa3f8fc5,77227,9e13c431dee7465558b1feeef41eef2ad7319759af69cafa198766c393e70521
000000000573,robot_state.error,phail/v1.0/dataset/rollouts/000000000000/000000000573/robot_state.error.parquet,698e6f732cb5319fd715e90818045e14,672185,672185,b69dfa82186f27ac236e7066d03f5646d7be8d2c756094b9178c37f247edc693,84442,d853e68515397e9949f0cd49d1291a712ed3bafaa71afb20873e5354f92d3743
000000000573,robot_state.q,phail/v1.0/dataset/rollouts/000000000000/000000000573/robot_state.q.parquet,e6d5c1e4a3e4ee92efa69b5037ba65e5,3068407,3068407,926d8eed3a1d97f10049d88c27bdbb4cb8ac1f3427da1d8a609140d3fafecbe2,84442,9e13c431dee7465558b1feeef41eef2ad7319759af69cafa198766c393e70521
000000000574,robot_state.error,phail/v1.0/dataset/rollouts/000000000000/000000000574/robot_state.error.parquet,386f0bde8a38ed926ec01f17a7214218,583417,583417,4b8089985fb98e9834373ee3e4b4734de41412ee90f95e4ee8b8280956f5e73a,73221,d853e68515397e9949f0cd49d1291a712ed3bafaa71afb20873e5354f92d3743
000000000574,robot_state.q,phail/v1.0/dataset/rollouts/000000000000/000000000574/robot_state.q.parquet,5d49e2c9044d2a712ba6e76dd1579b98,3408916,3408916,ebfa140545551041593f4de22815011ca4f4adeea959cf7521ba647890e0d779,73221,9e13c431dee7465558b1feeef41eef2ad7319759af69cafa198766c393e70521
000000000575,robot_state.error,phail/v1.0/dataset/rollouts/000000000000/000000000575/robot_state.error.parquet,7aa856c9f52a616df597581112910ec6,668159,668159,8cde13dd85151ca41299f0f832ee52f6daf79bd85b40420f4cd032d335d13007,83965,d853e68515397e9949f0cd49d1291a712ed3bafaa71afb20873e5354f92d3743
000000000575,robot_state.q,phail/v1.0/dataset/rollouts/000000000000/000000000575/robot_state.q.parquet,738795314554e99a87ee95ce338b3a59,2858406,2858406,4e39e006f35fac0e37040751d110883a3b1a1360851a448265fe788850b49483,83965,9e13c431dee7465558b1feeef41eef2ad7319759af69cafa198766c393e70521
000000000576,robot_state.error,phail/v1.0/dataset/rollouts/000000000000/000000000576/robot_state.error.parquet,77d0e9f6f00fdf3fa9ad727de10f17c2,661672,661672,8de2ed637b45ba6bf049c4fbd83d5a2788f5474a4d9dcca9c43dc5ab3a3f7f85,83180,d853e68515397e9949f0cd49d1291a712ed3bafaa71afb20873e5354f92d3743
000000000576,robot_state.q,phail/v1.0/dataset/rollouts/000000000000/000000000576/robot_state.q.parquet,fb56c4efa663f0689e3bf0bec25aa7f4,3911670,3911670,3a08a1da787f4568471bdef04c6e0fb0b5b8b887b155bad12fe0c41a05c59cb6,83180,9e13c431dee7465558b1feeef41eef2ad7319759af69cafa198766c393e70521
000000000577,robot_state.error,phail/v1.0/dataset/rollouts/000000000000/000000000577/robot_state.error.parquet,1ba119662acbfbcc77a0d15827058fc1,668602,668602,c453f9b0d273287d196fdd083d6ba325de13be4f5e76bf851968932dd7fef9cc,84086,d853e68515397e9949f0cd49d1291a712ed3bafaa71afb20873e5354f92d3743
000000000577,robot_state.q,phail/v1.0/dataset/rollouts/000000000000/000000000577/robot_state.q.parquet,ae5f27d343b49a526e39660f610d2d09,4077125,4077125,3c592ddfbce316fce59c21152af3f76b95a5f514d92d6707204f39ab8288b91c,84086,9e13c431dee7465558b1feeef41eef2ad7319759af69cafa198766c393e70521
000000000578,robot_state.error,phail/v1.0/dataset/rollouts/000000000000/000000000578/robot_state.error.parquet,9c48be64908c26e9dbded392e7cc7d13,697046,697046,043bb1ad13b54f53a58566368be79162efadfce08343b1c9199b03477eff47d3,87704,d853e68515397e9949f0cd49d1291a712ed3bafaa71afb20873e5354f92d3743
000000000578,robot_state.q,phail/v1.0/dataset/rollouts/000000000000/000000000578/robot_state.q.parquet,4ef72beda9e47bbf58d0e7a5bcbea32e,3932271,3932271,ca6aca8f61ec4ffaf655f5f43e57a9438f8c272f99a561bd452767033f351fe5,87704,9e13c431dee7465558b1feeef41eef2ad7319759af69cafa198766c393e70521
000000000579,robot_state.error,phail/v1.0/dataset/rollouts/000000000000/000000000579/robot_state.error.parquet,26ecf89e0ab162d5f2e1a3c365ef9591,666943,666943,d3da7c1e08ee68bc2181f9d2fe2a1dacf1e17692cd103b3d8ecb480081a956f7,83852,d853e68515397e9949f0cd49d1291a712ed3bafaa71afb20873e5354f92d3743
000000000579,robot_state.q,phail/v1.0/dataset/rollouts/000000000000/000000000579/robot_state.q.parquet,aa6dfb0ae313f2142fd6109f07b71b6c,3754639,3754639,04d3b4ff138cf69f4651e61d874acf43cbd8bea7a8db4451aa6311dad391663e,83852,9e13c431dee7465558b1feeef41eef2ad7319759af69cafa198766c393e70521
000000000580,robot_state.error,phail/v1.0/dataset/rollouts/000000000000/000000000580/robot_state.error.parquet,749b242ffdc5dff5abf203c41676f259,265638,265638,741249e4fbdc28b3fd238e0cbe20557f8a2b93da0d6850176dddb5a968f7c293,33430,d853e68515397e9949f0cd49d1291a712ed3bafaa71afb20873e5354f92d3743
000000000580,robot_state.q,phail/v1.0/dataset/rollouts/000000000000/000000000580/robot_state.q.parquet,55fb2c563b4295a35412cd4c8853f727,1458542,1458542,749b24893767a44a225834f32243099b770bbfa80e4fb0f70ff6389202cd97c8,33430,9e13c431dee7465558b1feeef41eef2ad7319759af69cafa198766c393e70521
000000000581,robot_state.error,phail/v1.0/dataset/rollouts/000000000000/000000000581/robot_state.error.parquet,d074e3f15a377af6f9d5cea0bd653a45,565072,565072,dfc1e12f4f56cdfe5e82dcaa0051fcf8de6c9962e695f8123b324d605e7d42f5,70983,d853e68515397e9949f0cd49d1291a712ed3bafaa71afb20873e5354f92d3743
000000000581,robot_state.q,phail/v1.0/dataset/rollouts/000000000000/000000000581/robot_state.q.parquet,5267e047aefdfcbd2b298598f70091ee,3169466,3169466,7f493ce5ae562722dd862d0e601d99edf106614ca3950312ab42ef128324b808,70983,9e13c431dee7465558b1feeef41eef2ad7319759af69cafa198766c393e70521
000000000582,robot_state.error,phail/v1.0/dataset/rollouts/000000000000/000000000582/robot_state.error.parquet,24bcd7eff1db449a1b3e31034913159b,640909,640909,efb956ebe68520b860de35f713ea964a8dfdd8f89b73eac148242bd3307ec42a,80430,d853e68515397e9949f0cd49d1291a712ed3bafaa71afb20873e5354f92d3743
000000000582,robot_state.q,phail/v1.0/dataset/rollouts/000000000000/000000000582/robot_state.q.parquet,78753c6a437263da3106b95873794748,3830770,3830770,46405adc21e1035d58ec761c0a5ae6b4166faebed1263c39edeead719537e062,80430,9e13c431dee7465558b1feeef41eef2ad7319759af69cafa198766c393e70521
000000000583,robot_state.error,phail/v1.0/dataset/rollouts/000000000000/000000000583/robot_state.error.parquet,efce22eb7c61d996a048d531aaa06935,640333,640333,2867a9fa2473489220b7544e46bfbcc4c74c18e00bbcf1a90a416b40fbad45b8,80326,d853e68515397e9949f0cd49d1291a712ed3bafaa71afb20873e5354f92d3743
000000000583,robot_state.q,phail/v1.0/dataset/rollouts/000000000000/000000000583/robot_state.q.parquet,88fcab5c89f50ef4f943bfb27c745222,3251214,3251214,7dd0f6e579b2fd9203a240daf20395160cb371d756d17527e3eb9dcc3b7085dd,80326,9e13c431dee7465558b1feeef41eef2ad7319759af69cafa198766c393e70521
000000000584,robot_state.error,phail/v1.0/dataset/rollouts/000000000000/000000000584/robot_state.error.parquet,b9ee967ee2000d3231ee3be6edc35e39,597784,597784,5b61394a70920c707b7cf316fe882dca1dd5cd5630909bec6c1ee52071adf253,74994,d853e68515397e9949f0cd49d1291a712ed3bafaa71afb20873e5354f92d3743
000000000584,robot_state.q,phail/v1.0/dataset/rollouts/000000000000/000000000584/robot_state.q.parquet,8bd77ea1e4d3de54752568cf78a80538,3712751,3712751,bfc0a717a2654be5ae3feeb17064ed1da1db603e9e752fdf9a162499125436ad,74994,9e13c431dee7465558b1feeef41eef2ad7319759af69cafa198766c393e70521
000000000585,robot_state.error,phail/v1.0/dataset/rollouts/000000000000/000000000585/robot_state.error.parquet,201f414b2b478ad39342027037f56544,611004,611004,06039c4c3983eebe24037544c667d0219f7489679cd69bf51a0ffade7fec730e,76735,d853e68515397e9949f0cd49d1291a712ed3bafaa71afb20873e5354f92d3743
000000000585,robot_state.q,phail/v1.0/dataset/rollouts/000000000000/000000000585/robot_state.q.parquet,8fffcd6e33c9fda7b40546f443b1620d,3763807,3763807,cc2842fc5be79558a66f3ad15da32e48893be657e2e0338d6af9c870bd091ebf,76735,9e13c431dee7465558b1feeef41eef2ad7319759af69cafa198766c393e70521
000000000586,robot_state.error,phail/v1.0/dataset/rollouts/000000000000/000000000586/robot_state.error.parquet,87caaeb15f829b9451923faee1ecb168,603136,603136,79e0e8ff5474f8ab133bb12d091ecc3248383e59fa3c1f2efb2ef5ca52d13161,75711,d853e68515397e9949f0cd49d1291a712ed3bafaa71afb20873e5354f92d3743
000000000586,robot_state.q,phail/v1.0/dataset/rollouts/000000000000/000000000586/robot_state.q.parquet,a6ffe12e6fd0aa6530aff2eb0ea9c15e,3699906,3699906,4a107454a6bca9ddd6f31a9e0fd29fd7b8b0462c9fe0c713537da01df8287ad4,75711,9e13c431dee7465558b1feeef41eef2ad7319759af69cafa198766c393e70521
000000000587,robot_state.error,phail/v1.0/dataset/rollouts/000000000000/000000000587/robot_state.error.parquet,23d24f9718a2f20d7e2f54d4b1ec9a1d,542114,542114,30b5572b0e1947ecf60f50e301aaa25aca71d88fbc60c22f50ba719bd0faca7d,68092,d853e68515397e9949f0cd49d1291a712ed3bafaa71afb20873e5354f92d3743
000000000587,robot_state.q,phail/v1.0/dataset/rollouts/000000000000/000000000587/robot_state.q.parquet,829386e486903c3476e188c209ee2277,3385866,3385866,1c78a28b5b8b8fbc0c1f5b3087acfcd72bf1df0731c8956cde6af3a5380ca5e9,68092,9e13c431dee7465558b1feeef41eef2ad7319759af69cafa198766c393e70521
000000000588,robot_state.error,phail/v1.0/dataset/rollouts/000000000000/000000000588/robot_state.error.parquet,95dca862f1ae83aefa578b1dab338319,597655,597655,3927feae5e89636adf255496e110d4e9bbdfc7964411d3edfca1b08956237968,74991,d853e68515397e9949f0cd49d1291a712ed3bafaa71afb20873e5354f92d3743
000000000588,robot_state.q,phail/v1.0/dataset/rollouts/000000000000/000000000588/robot_state.q.parquet,3e23c6b710daf3ba5e021fd2cd98d188,3732110,3732110,c2ba217be22b1a4d467c06ae741451854bb80db5df3e3d2f82b99b4957ad2155,74991,9e13c431dee7465558b1feeef41eef2ad7319759af69cafa198766c393e70521
000000000589,robot_state.error,phail/v1.0/dataset/rollouts/000000000000/000000000589/robot_state.error.parquet,8ffed89593953b20ef473ef4b9f35242,605927,605927,079f2f63b56b6d4629f9b696a6b823f91916bcfc0a58a1bca752c35f78fdd342,76063,d853e68515397e9949f0cd49d1291a712ed3bafaa71afb20873e5354f92d3743
000000000589,robot_state.q,phail/v1.0/dataset/rollouts/000000000000/000000000589/robot_state.q.parquet,6d09314c8ffebabdde7dff2c9c20cc64,3715684,3715684,dd3d7684da7f58d5e09ba3bf4c6e9ada67ae0b653110fbfa9dc4bab9105f905b,76063,9e13c431dee7465558b1feeef41eef2ad7319759af69cafa198766c393e70521
000000000590,robot_state.error,phail/v1.0/dataset/rollouts/000000000000/000000000590/robot_state.error.parquet,9511dca66eab0f5d909d03cecb2fbc17,366595,366595,637099237806f1c3a0bf4276c1b2462cbb1733bd9a5d7c95a2c8bb181e87bb7e,46025,d853e68515397e9949f0cd49d1291a712ed3bafaa71afb20873e5354f92d3743
000000000590,robot_state.q,phail/v1.0/dataset/rollouts/000000000000/000000000590/robot_state.q.parquet,dda5e2666e9d3131dc8f6f735f2a14d9,2222652,2222652,4c8c86b3e5ead3420f7ac418b96d2625de7b947c22df1e50d2984aedf070630a,46025,9e13c431dee7465558b1feeef41eef2ad7319759af69cafa198766c393e70521
000000000591,robot_state.error,phail/v1.0/dataset/rollouts/000000000000/000000000591/robot_state.error.parquet,91276a017b04018b4495b78019dd461e,591632,591632,0efa50ffe7f1fd105333f8d79242cbe6272a58941823e45faea228e8cf2cb235,74219,d853e68515397e9949f0cd49d1291a712ed3bafaa71afb20873e5354f92d3743
000000000591,robot_state.q,phail/v1.0/dataset/rollouts/000000000000/000000000591/robot_state.q.parquet,a5d97bc6d669330fd2517c15dc6b6ff5,3694468,3694468,56d6abccab7ac33ca9e3d7c5640260021d1d9dc4fa2bc78a72127a20de250bd1,74219,9e13c431dee7465558b1feeef41eef2ad7319759af69cafa198766c393e70521
000000000592,robot_state.error,phail/v1.0/dataset/rollouts/000000000000/000000000592/robot_state.error.parquet,ac63b3bd3f9e8baf298dd4d701413b04,590157,590157,1fada25961596520b5f1629e15033291cb3f1622d6c390ac24eda80e37758ec5,74092,d853e68515397e9949f0cd49d1291a712ed3bafaa71afb20873e5354f92d3743
000000000592,robot_state.q,phail/v1.0/dataset/rollouts/000000000000/000000000592/robot_state.q.parquet,3f3bb810fcf813e0ce2c594e2cc99098,3641142,3641142,5ed805b0935f875b59b7b45b0e8e33ae76e7d1592e872bce704eda724e66e297,74092,9e13c431dee7465558b1feeef41eef2ad7319759af69cafa198766c393e70521
000000000593,robot_state.error,phail/v1.0/dataset/rollouts/000000000000/000000000593/robot_state.error.parquet,3b8fe7a9480ac98c5c7f14143d39e61e,603266,603266,86987f8a1e042ea5c63656ff40a309fdebc02cfccde47367bc1a41cfab78c824,75741,d853e68515397e9949f0cd49d1291a712ed3bafaa71afb20873e5354f92d3743
000000000593,robot_state.q,phail/v1.0/dataset/rollouts/000000000000/000000000593/robot_state.q.parquet,a377fbc3482edb99489b17cabaca47fb,3699786,3699786,40030defcde4461c3d4625520ed355ffa2d451fa29821630aa60793f1ab6e20a,75741,9e13c431dee7465558b1feeef41eef2ad7319759af69cafa198766c393e70521
